Vehicle_Type,Fuel_Type,Vehicle_Age,Average_Mileage,Trip_Distance,Max_Capacity,Cargo_Weight,Traffic,Road_Type,AC,Fuel_Required
Truck,Diesel,12,3.83,774,6657,1143,Low,Mixed,0,249.35
Mini Truck,Diesel,1,6.37,636,1952,1034,Low,Mixed,0,118.18
Mini Truck,Diesel,8,8.36,734,1026,326,Medium,City,1,126.96
Van,Diesel,6,9.61,387,1278,198,Medium,Mixed,1,54.9
Truck,Petrol,9,3.37,585,9201,1291,Medium,Mixed,1,233.24
Van,Diesel,1,12.97,895,1092,163,Low,Highway,1,74.72
Bus,Petrol,11,4.67,399,0,0,Medium,Highway,1,109.55
Truck,Diesel,9,5.19,408,5677,3786,Medium,Mixed,0,110.2
Bus,Diesel,4,4.64,294,1,1,Low,Highway,1,79.91
Van,Petrol,7,14.31,166,1816,939,Medium,Highway,0,15.3
Bus,Petrol,10,3.8,161,0,0,High,City,0,61.73
Truck,Diesel,3,4.88,85,9916,9771,Medium,City,1,25.7
Bus,Diesel,11,4.44,134,1,1,Medium,City,0,46.77
Mini Truck,Diesel,12,9.5,800,2078,2050,Low,Mixed,0,113.71
Bus,Diesel,3,3.75,572,0,0,High,Highway,1,196.22
Mini Truck,Diesel,2,9.72,79,2259,980,Low,Mixed,0,8.9
Truck,Petrol,2,5.93,151,11727,2060,High,City,0,34.98
Bus,Petrol,4,4.86,750,0,0,Medium,City,1,207.17
Mini Truck,Petrol,2,6.99,41,1262,692,High,Mixed,0,7.23
Van,Diesel,2,13.25,89,620,234,Low,City,0,6.62
Van,Petrol,11,11.91,760,1604,270,High,Mixed,1,96.86
Van,Petrol,7,10.14,461,698,674,Medium,City,1,69.92
Mini Truck,Diesel,11,8.61,82,3646,403,Medium,Mixed,1,13.03
Truck,Diesel,4,3.57,452,10350,2296,Low,City,1,160.34
Van,Diesel,8,13.85,71,1627,200,High,Mixed,0,6.53
Truck,Diesel,3,4.22,905,10886,3502,Medium,Highway,0,254.89
Mini Truck,Diesel,7,7.06,453,2863,1168,High,Mixed,1,94.44
Van,Diesel,5,10.31,773,619,593,High,Highway,1,112.35
Truck,Diesel,10,4.43,78,11701,2579,High,Highway,0,23.22
Truck,Diesel,11,5.59,984,9615,1964,High,Highway,0,240.24
Truck,Petrol,11,4.75,977,11565,5183,Medium,Highway,1,275.03
Van,Petrol,7,9.79,488,1821,614,Medium,Highway,0,63.57
Mini Truck,Diesel,2,8.15,155,3072,1086,Medium,Highway,0,22.49
Bus,Petrol,3,3.88,703,1,0,High,City,0,252.39
Van,Petrol,2,14.34,298,1633,318,Medium,Mixed,0,26.65
Bus,Diesel,11,4.27,277,1,1,Low,Highway,1,85.46
Bus,Diesel,1,3.67,672,0,0,Medium,Highway,1,212.65
Mini Truck,Diesel,2,6.3,172,3830,3702,High,Highway,1,37.62
Van,Petrol,3,9.25,940,1246,81,Medium,Highway,0,114.43
Truck,Petrol,9,5.65,967,9658,2532,Low,Highway,0,194.87
Mini Truck,Diesel,3,8.95,841,2360,1686,High,Mixed,0,137.95
Bus,Diesel,12,3.22,899,0,0,Medium,Highway,0,340.82
Mini Truck,Petrol,5,9.28,44,1932,456,High,Highway,1,6.32
Bus,Petrol,2,4.93,676,1,1,High,City,1,221.77
Truck,Diesel,5,3.54,131,7349,313,High,City,1,52.91
Bus,Petrol,10,4.97,414,0,0,High,Highway,1,113.26
Truck,Petrol,1,4.56,756,11821,11253,High,Mixed,0,245.04
Bus,Petrol,2,4.9,699,1,1,Low,Mixed,1,191.0
Bus,Petrol,6,3.8,216,1,0,Medium,Mixed,1,73.74
Van,Petrol,7,12.29,313,500,155,Low,City,1,31.65
Mini Truck,Petrol,8,8.7,832,3093,1938,High,Highway,0,135.5
Bus,Petrol,2,4.64,708,0,0,Medium,Highway,0,170.43
Van,Diesel,1,10.47,890,1473,1251,Low,City,1,115.04
Van,Petrol,8,11.4,724,802,671,Low,Highway,1,82.06
Van,Diesel,12,12.11,275,602,570,Low,City,0,33.95
Mini Truck,Petrol,8,8.45,536,3946,3653,Medium,Mixed,1,94.78
Van,Petrol,8,10.56,672,1006,860,Medium,Mixed,1,92.15
Van,Petrol,8,9.46,298,1085,480,Medium,City,0,44.03
Van,Diesel,4,11.3,239,812,723,Low,City,1,30.01
Bus,Petrol,7,3.12,946,1,1,High,Mixed,0,471.14
Mini Truck,Petrol,1,9.77,893,2223,1597,Medium,Mixed,0,120.01
Mini Truck,Diesel,5,7.74,364,1118,796,High,Mixed,1,71.64
Van,Petrol,3,14.88,948,1593,55,Medium,Mixed,0,76.16
Truck,Petrol,3,5.6,286,5977,411,Medium,City,0,64.57
Mini Truck,Petrol,6,9.04,790,2552,1139,Medium,City,0,122.48
Mini Truck,Diesel,12,8.16,685,2433,918,Low,Mixed,0,108.06
Truck,Diesel,4,5.52,149,5496,1954,Medium,Mixed,0,34.57
Van,Petrol,12,10.54,640,1255,343,High,Mixed,0,90.42
Van,Petrol,2,12.47,426,1138,768,High,Highway,0,46.94
Van,Diesel,12,13.63,844,1901,1229,Low,Mixed,0,80.74
Bus,Petrol,11,3.74,889,1,0,Medium,City,0,323.71
Mini Truck,Petrol,11,9.57,465,2883,626,Low,Mixed,1,64.0
Mini Truck,Petrol,7,9.3,350,3426,1099,Low,Highway,1,44.28
Mini Truck,Diesel,8,8.28,364,3736,1552,Low,City,1,61.44
Van,Petrol,4,11.13,306,1029,697,High,Mixed,1,38.42
Truck,Diesel,2,3.72,588,9658,8004,Low,Mixed,1,206.34
Mini Truck,Petrol,1,6.37,728,1907,828,Low,City,1,147.32
Mini Truck,Petrol,7,9.99,380,3254,1354,High,City,1,59.17
Bus,Petrol,4,3.24,343,0,0,Low,Mixed,0,118.68
Van,Diesel,12,11.91,798,1983,1207,High,Mixed,1,103.45
Truck,Diesel,5,3.68,34,5939,2476,High,Mixed,0,12.9
Bus,Diesel,1,4.11,673,0,0,Medium,Highway,0,182.19
Bus,Petrol,8,3.88,72,0,0,Medium,City,0,26.45
Truck,Petrol,8,3.22,172,3878,621,High,City,0,78.37
Van,Diesel,9,13.59,829,1741,1220,High,Highway,1,89.69
Mini Truck,Petrol,5,9.44,602,2756,1250,High,Highway,0,85.59
Van,Diesel,5,12.96,197,821,245,High,Highway,0,21.22
Truck,Petrol,8,5.07,53,10699,4771,Low,City,1,14.61
Mini Truck,Diesel,11,6.93,455,2083,810,Low,Mixed,0,82.09
Van,Petrol,3,9.43,334,839,811,High,Mixed,1,55.66
Mini Truck,Diesel,8,8.75,985,3866,1648,Medium,Mixed,1,156.22
Mini Truck,Diesel,10,6.16,638,2769,1320,Medium,Highway,0,134.34
Van,Diesel,11,13.93,801,1680,82,Low,City,1,74.99
Bus,Diesel,10,3.87,501,1,0,Medium,City,1,180.85
Bus,Diesel,3,3.66,698,1,1,Medium,Mixed,0,264.62
Mini Truck,Diesel,6,7.01,905,1474,827,High,Highway,1,182.99
Mini Truck,Diesel,4,8.07,530,3550,3098,High,City,0,103.27
Van,Petrol,9,9.79,921,1089,897,High,City,0,151.61
Truck,Diesel,12,3.48,437,3224,2262,Low,Highway,0,156.51
Mini Truck,Diesel,11,9.33,318,3041,2935,High,Mixed,1,55.4
Mini Truck,Petrol,8,6.97,412,3257,592,Low,Mixed,0,68.8
Truck,Petrol,7,4.02,860,11318,4377,Low,City,1,286.08
Mini Truck,Diesel,8,8.15,585,2413,1361,High,City,1,114.54
Bus,Diesel,12,3.48,896,1,0,Medium,Highway,1,326.03
Mini Truck,Petrol,7,9.95,527,3670,623,Low,Highway,1,60.75
Truck,Petrol,2,4.58,759,10486,251,Low,City,0,195.09
Truck,Petrol,5,4.02,892,9512,1315,Medium,Mixed,1,291.8
Bus,Petrol,9,3.07,260,0,0,High,Mixed,1,122.16
Van,Diesel,7,14.87,913,1797,1441,Low,City,0,84.08
Bus,Diesel,1,3.65,320,0,0,Medium,City,1,114.76
Van,Diesel,9,11.47,204,1896,1623,Low,Highway,0,19.82
Mini Truck,Diesel,8,9.65,492,1586,475,High,City,1,79.19
Bus,Diesel,8,4.8,95,0,0,Medium,City,1,27.38
Mini Truck,Petrol,8,9.38,893,1815,787,Medium,Highway,0,122.73
Mini Truck,Petrol,10,7.18,42,3864,1209,High,City,1,8.99
Truck,Diesel,10,5.24,838,7689,6354,Low,Mixed,1,220.86
Van,Diesel,10,10.5,695,1976,1571,High,Highway,0,96.8
Truck,Petrol,8,3.1,112,8977,2153,Medium,City,1,50.02
Van,Diesel,3,13.72,533,1249,1087,Medium,Highway,1,53.3
Mini Truck,Petrol,12,9.48,97,1471,959,Low,Highway,1,14.07
Bus,Diesel,7,3.03,485,0,0,Medium,Mixed,1,209.04
Mini Truck,Petrol,2,8.7,654,2931,102,High,City,0,103.87
Truck,Petrol,12,3.91,163,9689,1911,Low,Highway,1,51.94
Mini Truck,Diesel,2,6.94,417,3201,555,Medium,City,1,79.51
Van,Petrol,11,9.59,437,1502,1260,Medium,Highway,1,65.0
Van,Petrol,8,14.7,722,1242,203,Medium,Mixed,1,68.42
Truck,Petrol,5,3.57,113,5001,3725,High,Highway,0,43.25
Truck,Petrol,4,5.97,869,6362,562,High,Highway,0,185.04
Van,Petrol,3,13.73,303,1720,5,Low,Highway,1,23.97
Van,Diesel,11,14.2,386,769,15,Low,Mixed,1,33.2
Truck,Diesel,5,3.16,136,9897,8619,High,Highway,1,61.7
Mini Truck,Petrol,9,8.37,246,2851,2063,High,Highway,1,43.88
Mini Truck,Diesel,1,9.99,722,2645,1746,Low,City,1,94.76
Truck,Diesel,6,4.82,301,4076,516,High,Mixed,1,90.04
Mini Truck,Petrol,8,8.02,832,2762,406,High,Highway,0,136.5
Mini Truck,Petrol,4,7.66,445,2857,1633,High,Highway,1,83.94
Mini Truck,Petrol,11,7.02,965,1625,1406,Medium,Highway,0,186.8
Truck,Diesel,7,3.29,589,9105,2131,Low,Mixed,1,221.99
Truck,Petrol,6,5.62,314,9929,842,High,City,1,84.52
Truck,Diesel,3,4.97,378,6674,886,High,City,0,106.82
Bus,Diesel,7,4.69,643,0,0,High,Mixed,1,194.96
Truck,Diesel,5,5.11,367,8062,7549,Medium,Highway,0,96.27
Van,Petrol,2,9.85,113,1796,62,High,Mixed,0,13.29
Mini Truck,Petrol,8,7.36,758,2515,1276,Medium,Mixed,0,139.39
Truck,Diesel,3,5.26,103,3815,2760,Medium,City,1,28.91
Mini Truck,Petrol,7,7.09,373,3098,466,Medium,Highway,1,66.55
Mini Truck,Petrol,1,6.88,27,3454,224,Low,City,0,3.11
Van,Petrol,5,10.97,784,515,509,Medium,Highway,0,93.32
Mini Truck,Diesel,9,8.23,382,3736,3302,Low,City,0,65.57
Mini Truck,Diesel,8,9.68,607,2282,1758,Medium,Mixed,1,91.2
Bus,Diesel,7,3.04,840,1,0,High,City,1,412.01
Truck,Petrol,2,3.73,100,9560,8584,Medium,City,1,40.14
Van,Petrol,3,9.46,563,1796,233,High,Highway,1,77.94
Bus,Diesel,4,3.21,197,1,0,High,Highway,0,77.61
Van,Petrol,8,13.53,717,1686,919,High,Mixed,1,81.33
Bus,Diesel,8,3.14,835,1,1,Medium,Mixed,0,382.07
Bus,Diesel,5,3.92,78,0,0,Medium,City,0,28.11
Truck,Petrol,8,4.74,950,3672,1842,High,Mixed,0,295.25
Bus,Petrol,9,3.3,481,0,0,Low,City,0,179.31
Van,Diesel,4,13.25,555,1399,1073,High,Highway,1,61.44
Bus,Petrol,7,3.82,828,1,0,High,Mixed,1,306.62
Truck,Petrol,2,4.67,278,9333,4655,High,Mixed,0,84.87
Bus,Diesel,10,4.33,691,1,1,High,Mixed,1,261.51
Van,Diesel,5,12.35,356,1817,1621,Low,Mixed,0,36.22
Mini Truck,Petrol,1,7.45,369,1738,438,Medium,Highway,0,58.38
Van,Diesel,2,10.77,809,707,519,High,Mixed,0,109.57
Bus,Diesel,10,3.75,205,0,0,High,Mixed,0,77.52
Mini Truck,Diesel,7,7.46,474,3947,972,High,City,1,99.77
Van,Diesel,5,14.79,396,1460,397,High,Mixed,1,38.5
Mini Truck,Petrol,7,8.01,856,2714,663,Low,Mixed,0,126.69
Bus,Diesel,11,3.96,748,1,0,High,Highway,1,259.6
Truck,Diesel,5,4.35,870,11410,2414,Medium,Highway,0,236.64
Mini Truck,Petrol,1,7.66,402,2623,2056,Low,City,0,68.19
Bus,Diesel,1,3.64,879,0,0,High,Mixed,1,328.83
Van,Diesel,1,10.72,871,1467,1425,Low,Mixed,1,107.16
Mini Truck,Diesel,2,6.08,173,1883,1710,High,Mixed,1,44.63
Truck,Petrol,4,3.9,449,3782,976,High,Mixed,1,165.39
Truck,Diesel,8,4.79,547,3269,2588,High,Highway,0,166.47
Bus,Petrol,1,4.23,604,0,0,Medium,Highway,0,158.18
Bus,Diesel,9,4.09,419,0,0,Medium,Highway,1,130.3
Bus,Petrol,12,3.03,373,0,0,Low,Mixed,0,148.47
Bus,Diesel,1,3.7,870,1,0,High,City,1,335.21
Van,Diesel,2,13.3,320,1437,75,Low,Highway,0,23.48
Truck,Petrol,5,4.55,279,11897,7756,Low,Mixed,0,77.06
Bus,Petrol,1,4.73,147,1,1,Medium,City,1,46.04
Mini Truck,Petrol,6,9.89,529,3032,2834,Medium,Mixed,1,78.86
Truck,Petrol,2,4.29,320,5956,4468,Medium,Highway,0,94.18
Bus,Petrol,5,3.89,726,1,0,Medium,City,1,251.87
Truck,Petrol,10,5.99,830,7498,5238,Low,Highway,1,175.76
Bus,Diesel,1,3.29,149,1,0,Low,Highway,1,46.19
Bus,Petrol,10,3.06,715,0,0,Medium,City,1,326.59
Mini Truck,Diesel,10,6.55,341,2503,1630,High,City,0,83.66
Truck,Diesel,12,3.56,955,11482,6340,High,Highway,1,399.8
Bus,Petrol,4,4.99,224,1,1,Low,Highway,0,53.27
Mini Truck,Diesel,12,7.78,703,1359,654,Medium,Mixed,0,125.5
Bus,Petrol,3,4.42,832,0,0,Medium,Mixed,0,228.23
Truck,Diesel,3,3.71,389,11094,430,High,Mixed,1,144.37
Mini Truck,Diesel,10,9.54,427,1269,633,High,Mixed,1,69.1
Mini Truck,Petrol,10,6.3,480,2298,303,Medium,Mixed,1,103.21
Van,Diesel,3,11.6,550,613,127,Low,City,0,56.34
Van,Petrol,12,10.35,886,1562,581,Low,City,0,114.88
Bus,Diesel,11,3.61,534,0,0,High,Highway,0,197.41
Van,Petrol,10,9.25,66,558,83,High,Mixed,1,11.84
Van,Petrol,10,12.83,578,1519,1284,Medium,Mixed,1,68.04
Mini Truck,Diesel,11,7.62,725,2857,298,Low,Highway,1,110.5
Mini Truck,Petrol,8,6.82,340,3484,588,High,City,1,75.17
Mini Truck,Diesel,6,8.06,267,1434,653,Medium,Highway,1,43.42
Mini Truck,Diesel,3,6.39,904,2188,1573,High,City,0,216.98
Van,Petrol,10,13.33,183,888,781,Medium,Mixed,1,21.05
Mini Truck,Petrol,8,6.09,488,2610,2070,Low,Highway,1,106.61
Truck,Diesel,5,4.48,569,10710,4681,Low,Highway,1,150.39
Van,Petrol,12,11.19,66,1325,749,Medium,Highway,0,9.16
Bus,Petrol,2,3.77,865,1,1,High,Mixed,0,345.31
Van,Diesel,7,11.24,981,1194,1142,Medium,Highway,0,117.92
Mini Truck,Diesel,1,6.16,843,3922,1364,Medium,Mixed,1,177.88
Van,Diesel,6,14.59,422,1152,332,High,Mixed,1,43.19
Bus,Petrol,12,4.13,397,1,0,Medium,Mixed,0,124.04
Mini Truck,Petrol,12,9.49,631,3577,109,Medium,City,0,91.17
Truck,Petrol,3,4.57,861,9229,2421,High,Highway,0,243.82
Truck,Diesel,1,4.32,442,9861,2481,High,Highway,1,135.69
Mini Truck,Diesel,12,6.55,352,1849,1148,High,City,1,91.54
Bus,Diesel,8,4.82,712,1,1,High,Mixed,1,235.59
Mini Truck,Diesel,4,7.12,984,2222,921,Medium,City,0,189.42
Mini Truck,Petrol,8,7.4,314,3955,1120,Low,Mixed,1,51.57
Mini Truck,Petrol,3,7.16,374,2178,323,Medium,Mixed,1,66.64
Mini Truck,Diesel,4,9.31,160,2110,1112,Low,Mixed,0,22.19
Van,Diesel,11,14.43,258,962,653,Low,Highway,1,23.0
Bus,Petrol,2,4.36,25,0,0,High,Highway,1,6.1
Mini Truck,Petrol,11,6.8,312,2176,1315,High,Highway,0,65.16
Van,Diesel,3,11.51,876,860,37,Medium,City,0,98.82
Bus,Diesel,1,3.6,970,0,0,Medium,City,1,352.1
Mini Truck,Diesel,9,7.87,135,1789,1656,Medium,Highway,1,24.39
Bus,Diesel,1,4.47,199,1,0,High,Mixed,1,60.6
Mini Truck,Petrol,2,7.6,163,1390,378,Medium,City,0,27.51
Truck,Petrol,7,3.71,329,7374,2700,High,Mixed,0,129.91
Bus,Petrol,12,3.47,496,0,0,Medium,Highway,1,182.29
Bus,Diesel,11,4.83,649,1,1,Low,Highway,0,170.91
Mini Truck,Diesel,8,8.99,445,3481,1530,High,Mixed,1,74.92
Van,Diesel,11,13.53,477,667,538,High,Mixed,1,55.8
Truck,Diesel,1,5.49,606,11281,3312,High,Highway,0,142.63
Bus,Petrol,2,4.36,940,1,0,High,City,0,298.73
Mini Truck,Diesel,9,7.66,592,3309,236,Medium,Mixed,1,102.87
Truck,Petrol,5,5.45,94,6570,4737,Low,City,1,24.4
Truck,Diesel,2,5.96,313,10734,519,Medium,Highway,0,60.31
Mini Truck,Petrol,7,7.79,102,2546,1538,High,Mixed,0,17.92
Bus,Diesel,3,4.99,765,1,0,Low,Highway,0,157.5
Bus,Petrol,11,4.44,863,1,1,Low,Highway,1,259.89
Bus,Diesel,5,3.38,52,0,0,High,City,0,21.06
Van,Diesel,2,9.61,632,568,457,High,Mixed,0,98.45
Van,Diesel,7,11.63,792,1605,444,Low,Highway,1,80.15
Van,Petrol,10,12.59,348,1877,1676,Low,City,0,37.48
Van,Petrol,5,10.65,920,1640,1211,High,Highway,1,126.61
Mini Truck,Diesel,6,9.77,824,3749,1561,High,City,1,133.69
Mini Truck,Diesel,5,7.51,266,3203,1939,Low,City,0,47.6
Mini Truck,Diesel,9,7.65,562,2706,2282,Low,City,0,100.42
Bus,Diesel,6,4.29,114,1,1,High,Mixed,0,40.34
Truck,Petrol,7,5.02,94,3647,3578,Low,Mixed,0,26.36
Mini Truck,Diesel,6,7.21,979,1062,433,Low,Mixed,0,163.91
Mini Truck,Diesel,12,8.42,957,1837,812,Low,Mixed,1,151.65
Bus,Petrol,8,4.07,287,1,1,Medium,Mixed,1,106.0
Mini Truck,Diesel,12,7.88,399,2311,832,Medium,City,0,71.54
Van,Diesel,1,10.56,757,1696,1186,Medium,City,0,99.28
Van,Petrol,4,11.28,583,1003,511,High,Mixed,1,72.69
Bus,Petrol,12,4.28,192,1,1,High,City,0,73.69
Van,Petrol,3,14.5,1000,1610,1314,Low,Mixed,0,86.38
Truck,Diesel,1,4.24,744,6791,556,Low,Highway,0,178.32
Mini Truck,Petrol,1,8.47,954,3731,2525,Medium,Mixed,1,155.34
Truck,Diesel,9,4.65,562,3194,68,High,City,1,181.25
Truck,Petrol,3,3.32,172,4578,4295,Low,Highway,1,64.17
Bus,Petrol,7,3.16,598,1,1,Low,Mixed,0,251.85
Bus,Diesel,11,4.98,115,0,0,Medium,City,1,34.29
Mini Truck,Diesel,11,6.04,531,1701,169,Medium,Mixed,1,117.65
Truck,Diesel,4,3.63,67,10790,4441,Low,Mixed,1,24.36
Truck,Diesel,6,3.05,167,6394,4808,High,City,0,85.72
Bus,Diesel,10,3.48,413,1,1,High,Highway,0,176.84
Bus,Diesel,2,3.87,368,0,0,High,Mixed,1,130.83
Bus,Diesel,11,3.55,253,1,1,Medium,Mixed,1,108.57
Mini Truck,Diesel,11,8.34,810,2556,351,High,City,0,145.42
Truck,Diesel,5,3.46,344,5527,3191,Medium,Highway,0,124.75
Truck,Petrol,8,4.08,155,7419,837,Low,Highway,1,43.24
Mini Truck,Petrol,2,6.11,115,2449,2270,High,Mixed,1,29.06
Mini Truck,Diesel,5,7.66,946,1346,1145,Low,Mixed,0,159.26
Mini Truck,Diesel,3,7.08,169,2099,2019,Low,Highway,1,31.82
Bus,Petrol,5,3.97,389,0,0,Medium,Highway,1,116.1
Van,Petrol,2,9.81,360,513,405,High,City,1,60.62
Mini Truck,Petrol,7,9.26,159,3666,2434,Medium,City,0,22.37
Mini Truck,Petrol,3,9.86,772,2307,1193,High,Mixed,1,115.15
Van,Petrol,7,10.68,136,1304,747,High,Highway,0,18.45
Truck,Petrol,12,3.63,729,7773,6809,Low,City,1,297.09
Van,Petrol,4,10.52,453,815,732,Medium,Highway,1,57.46
Mini Truck,Petrol,9,8.03,576,3833,1713,Low,City,0,94.47
Truck,Diesel,11,4.99,647,5725,5300,Low,Mixed,1,181.79
Bus,Petrol,2,3.02,542,1,0,High,Mixed,0,236.19
Mini Truck,Petrol,7,7.85,727,3783,2410,High,Highway,1,135.74
Truck,Petrol,2,3.89,871,4406,950,High,Highway,1,297.96
Bus,Petrol,8,4.57,507,1,1,Low,City,1,161.14
Bus,Diesel,5,3.09,43,0,0,Medium,Mixed,0,18.2
Van,Diesel,9,10.05,593,827,338,Medium,City,0,83.78
Mini Truck,Diesel,3,8.56,49,2770,1620,High,Mixed,0,9.19
Mini Truck,Petrol,7,6.02,305,1879,421,High,Highway,0,68.16
Van,Petrol,6,10.18,706,733,268,Medium,Mixed,1,93.03
Mini Truck,Petrol,10,6.46,652,2441,1875,Low,Mixed,1,137.42
Truck,Diesel,6,3.35,207,8003,958,Medium,Mixed,0,78.85
Mini Truck,Petrol,10,6.55,210,2571,1732,Medium,Mixed,0,45.66
Van,Petrol,5,9.84,654,1144,923,Low,City,0,89.38
Mini Truck,Diesel,4,9.26,688,3300,2070,Medium,City,1,108.09
Mini Truck,Petrol,8,6.67,834,3315,126,Low,City,0,156.18
Bus,Diesel,9,3.58,582,1,1,High,Highway,0,241.52
Bus,Petrol,9,4.65,798,0,0,High,City,0,251.21
Mini Truck,Diesel,12,9.32,915,2013,609,Low,City,1,134.7
Bus,Diesel,8,4.73,814,0,0,Low,Highway,1,194.2
Mini Truck,Diesel,10,6.56,231,1846,1666,Low,Mixed,1,50.35
Bus,Diesel,6,4.96,606,1,1,Medium,Mixed,0,174.48
Van,Petrol,1,14.95,738,1843,259,Low,Highway,0,52.08
Bus,Diesel,11,3.79,611,0,0,High,City,1,248.22
Mini Truck,Petrol,2,8.53,547,1381,825,High,City,1,99.26
Mini Truck,Petrol,6,8.33,670,1381,938,High,Mixed,1,124.06
Truck,Petrol,4,5.9,294,6470,4052,Medium,City,1,72.02
Van,Petrol,6,14.36,121,599,47,High,City,0,12.56
Truck,Diesel,8,4.37,725,10009,3314,Low,Mixed,1,210.48
Van,Petrol,2,12.93,400,1012,84,High,Mixed,0,41.41
Truck,Petrol,11,3.92,691,6836,3516,Low,Mixed,0,226.8
Truck,Diesel,8,3.23,716,6705,4255,Medium,Highway,0,285.91
Bus,Diesel,7,4.39,254,1,0,Medium,Highway,0,70.21
Truck,Petrol,6,5.64,812,5246,3135,Low,Mixed,0,178.41
Truck,Diesel,10,4.95,759,10210,5753,Low,Mixed,0,195.03
Mini Truck,Petrol,4,6.35,790,1411,286,Low,Mixed,1,151.49
Bus,Petrol,6,4.58,303,0,0,High,Highway,0,85.63
Bus,Diesel,11,4.75,550,0,0,High,Mixed,0,164.01
Mini Truck,Petrol,11,6.22,415,1980,1013,Low,Highway,1,84.29
Truck,Diesel,6,5.8,901,5162,3168,High,City,1,247.06
Van,Petrol,2,9.1,288,638,14,Low,Highway,0,31.33
Mini Truck,Petrol,11,8.85,738,2701,1734,Medium,Highway,0,110.63
Bus,Diesel,5,3.16,847,0,0,Low,Mixed,1,315.47
Mini Truck,Diesel,5,8.79,886,3989,3905,Low,Highway,0,124.77
Truck,Petrol,2,4.36,702,3901,1266,High,Mixed,0,221.76
Truck,Diesel,12,3.41,528,3185,671,Medium,Mixed,1,213.91
Van,Petrol,3,13.5,809,1050,241,Low,City,1,75.8
Bus,Diesel,5,4.42,528,0,0,Medium,Mixed,1,153.4
Truck,Petrol,10,3.5,811,5577,2089,Low,Mixed,0,288.37
Van,Diesel,1,14.15,67,525,250,Medium,City,1,5.62
Van,Diesel,1,12.32,691,1962,1516,Medium,Highway,1,73.15
Van,Petrol,12,10.92,401,659,585,Low,Mixed,0,50.23
Van,Diesel,9,14.89,918,1321,141,Medium,City,1,86.27
Bus,Diesel,9,3.91,318,1,0,High,City,0,118.18
Mini Truck,Petrol,10,9.89,942,1800,1500,High,Highway,0,140.29
Truck,Petrol,1,3.7,993,8675,157,Medium,Highway,1,310.46
Bus,Diesel,4,4.06,449,0,0,Medium,Highway,0,124.38
Bus,Diesel,1,4.84,489,1,1,High,Highway,0,141.59
Van,Petrol,2,12.55,698,627,445,Low,Highway,1,66.36
Bus,Petrol,7,4.4,483,1,1,Medium,Highway,0,148.57
Van,Diesel,10,9.65,480,716,168,Medium,City,1,73.51
Truck,Petrol,4,4.36,892,10591,4341,Low,Highway,0,228.89
Bus,Diesel,4,4.67,113,1,0,High,Highway,1,31.51
Mini Truck,Diesel,11,7.2,994,1712,63,Medium,City,0,188.65
Truck,Petrol,2,5.41,32,5290,994,Low,Highway,0,5.03
Van,Petrol,6,13.12,616,1820,172,High,City,0,67.92
Truck,Diesel,4,5.71,114,10265,2110,Medium,Highway,0,23.15
Mini Truck,Diesel,3,9.7,528,2774,1617,Low,City,1,73.05
Van,Petrol,4,14.45,476,1063,573,Low,Highway,0,36.46
Bus,Petrol,7,4.77,109,1,0,Medium,City,0,30.79
Mini Truck,Diesel,11,9.54,665,3153,1020,High,Highway,1,102.09
Bus,Petrol,9,4.56,417,1,1,Medium,Highway,0,125.15
Bus,Diesel,1,4.79,848,1,0,Medium,Mixed,1,220.01
Van,Diesel,2,10.49,566,993,272,High,Highway,0,70.39
Mini Truck,Petrol,3,6.7,845,3426,1302,High,Mixed,1,182.19
Truck,Petrol,10,4.69,575,6084,4032,Medium,Highway,1,168.15
Truck,Diesel,1,3.7,559,6584,163,Medium,Highway,1,175.94
Van,Diesel,6,13.3,42,1162,121,Low,Mixed,0,3.78
Truck,Petrol,2,4.12,364,9481,1655,Medium,City,0,114.05
Van,Petrol,11,14.76,198,1829,649,High,Mixed,1,20.47
Van,Diesel,7,10.84,150,1910,603,Low,Mixed,0,17.3
Mini Truck,Diesel,3,8.41,674,3504,904,High,Highway,1,109.65
Van,Petrol,12,9.47,191,1210,654,High,Highway,1,31.15
Mini Truck,Diesel,5,6.84,378,3839,277,Medium,Highway,0,66.85
Truck,Petrol,8,5.2,524,5725,3391,Medium,City,1,148.88
Truck,Petrol,10,4.95,482,6695,1332,Low,Highway,1,116.51
Truck,Petrol,5,5.85,194,4215,2800,Medium,Highway,0,42.32
Truck,Petrol,10,5.96,461,10909,507,High,Highway,1,109.24
Van,Diesel,2,10.99,733,889,419,High,Mixed,1,96.06
Bus,Petrol,4,3.19,177,1,1,Low,City,0,75.01
Mini Truck,Diesel,5,9.3,511,3560,2458,Low,Highway,0,63.8
Van,Diesel,11,10.75,884,667,484,Low,City,1,115.92
Mini Truck,Petrol,11,7.06,416,3629,2228,Low,City,1,83.07
Bus,Diesel,8,3.09,289,1,1,Low,City,0,130.96
Van,Diesel,2,13.01,794,1608,847,High,Highway,0,81.64
Mini Truck,Petrol,9,8.75,922,2944,2345,Low,City,1,151.45
Truck,Petrol,12,3.1,713,11467,9363,High,Highway,0,344.26
Mini Truck,Diesel,3,9.89,63,1789,258,Medium,Highway,1,8.82
Van,Diesel,10,10.55,846,1989,1872,Low,Highway,1,105.11
Mini Truck,Petrol,5,8.08,135,1050,859,Medium,Highway,0,20.6
Truck,Diesel,10,5.34,568,7687,7106,Medium,City,1,167.2
Mini Truck,Petrol,10,8.44,302,1153,352,Medium,Highway,1,45.11
Truck,Petrol,6,5.07,506,3807,3054,Medium,City,0,147.35
Bus,Petrol,5,3.56,909,1,0,Low,Highway,1,282.29
Mini Truck,Petrol,5,8.92,111,3477,2644,Low,City,0,16.07
Mini Truck,Petrol,9,9.47,830,1230,1055,Low,Highway,1,111.39
Mini Truck,Diesel,9,9.52,217,1118,355,Low,Highway,0,27.77
Truck,Petrol,1,5.75,397,6262,2244,Medium,Mixed,1,89.93
Truck,Diesel,4,4.12,911,10308,2909,Medium,Mixed,1,293.54
Bus,Diesel,5,4.5,311,0,0,Low,City,0,81.02
Van,Diesel,4,12.88,295,1887,423,High,City,0,32.5
Truck,Petrol,3,4.94,278,3138,916,High,City,1,84.56
Mini Truck,Petrol,6,7.84,329,1893,955,High,Mixed,1,63.04
Truck,Diesel,9,6.0,325,9131,4631,High,Highway,1,78.07
Truck,Petrol,5,4.92,691,7536,2139,High,Mixed,1,204.55
Van,Diesel,9,13.59,433,616,614,High,City,0,50.95
Truck,Petrol,5,3.78,417,9857,6628,High,Highway,0,153.28
Bus,Diesel,11,4.07,539,1,1,Medium,Highway,0,184.23
Bus,Diesel,8,3.26,989,1,0,High,City,0,440.51
Van,Petrol,4,13.47,827,1128,861,Medium,City,1,91.56
Bus,Petrol,2,3.94,503,0,0,Low,Mixed,0,139.08
Mini Truck,Petrol,7,6.22,225,1617,281,Medium,City,1,48.85
Van,Petrol,12,10.08,360,665,499,High,Highway,1,56.0
Truck,Diesel,8,3.82,802,5762,4720,Low,City,0,289.59
Van,Petrol,11,11.58,412,1378,977,Low,Highway,0,43.13
Bus,Diesel,6,4.51,38,0,0,High,Highway,0,12.65
Van,Petrol,5,9.77,622,1285,1030,Medium,Highway,0,82.54
Truck,Petrol,5,4.37,556,11524,9770,Medium,City,0,186.23
Bus,Petrol,6,4.5,990,0,0,Medium,Highway,0,255.28
Van,Diesel,4,13.4,193,1707,1033,Low,City,0,21.18
Mini Truck,Petrol,9,8.49,697,3432,196,Low,Mixed,0,99.0
Truck,Diesel,7,4.33,278,5024,4483,Medium,Mixed,0,90.27
Van,Diesel,5,11.53,552,706,678,Medium,Mixed,0,68.33
Mini Truck,Diesel,9,8.88,136,1482,578,Low,City,0,20.84
Van,Petrol,9,14.84,322,1233,839,Low,Highway,1,29.04
Van,Petrol,6,10.41,948,526,91,Low,Mixed,1,110.05
Van,Diesel,9,9.45,946,1981,207,Medium,Mixed,0,129.84
Mini Truck,Petrol,5,7.86,915,1408,357,Low,City,1,152.1
Bus,Petrol,12,3.23,29,0,0,Low,Mixed,0,8.66
Bus,Petrol,8,4.91,401,1,0,Medium,Highway,0,94.95
Mini Truck,Petrol,8,7.09,839,2579,1958,Medium,Mixed,0,162.83
Truck,Diesel,12,5.18,446,5611,849,High,City,1,134.62
Van,Petrol,6,12.67,878,1901,1802,High,Highway,1,104.85
Mini Truck,Diesel,7,7.76,690,1259,535,Medium,Highway,0,112.64
Bus,Diesel,7,4.32,513,0,0,Medium,Mixed,1,154.46
Van,Diesel,1,12.86,889,821,517,Medium,City,0,96.89
Truck,Petrol,6,3.72,539,7557,412,Low,Mixed,1,172.19
Mini Truck,Diesel,2,7.84,110,3347,1835,Medium,City,1,17.86
Truck,Petrol,12,4.96,442,4681,3304,Low,Mixed,0,118.19
Truck,Petrol,9,4.69,392,10474,5584,Low,Highway,1,103.77
Bus,Petrol,12,4.31,119,1,0,High,Highway,0,36.96
Bus,Petrol,11,4.93,738,1,1,Low,Highway,0,190.63
Mini Truck,Diesel,12,8.97,280,2676,438,High,Highway,0,42.64
Truck,Petrol,4,4.37,366,6122,5871,Low,City,0,112.56
Truck,Petrol,8,4.98,530,11260,2205,Low,Mixed,0,128.01
Mini Truck,Petrol,9,9.12,612,1725,1416,Low,Mixed,0,88.87
Truck,Petrol,11,4.8,922,8273,8259,Medium,City,0,294.62
Bus,Petrol,6,4.94,161,1,0,Medium,Mixed,1,41.43
Bus,Diesel,4,3.42,963,1,1,High,Highway,0,404.2
Bus,Diesel,6,4.12,918,1,1,Medium,Highway,0,298.5
Truck,Petrol,3,3.16,293,3927,818,Low,City,1,118.67
Van,Diesel,12,13.71,574,917,771,Low,City,1,60.42
Truck,Diesel,12,4.94,543,9371,3892,High,City,0,172.6
Mini Truck,Petrol,7,9.83,585,3806,1280,Low,Highway,1,69.62
Van,Petrol,4,14.47,683,1943,1453,Medium,Mixed,0,62.99
Van,Petrol,8,10.06,211,1898,152,Low,Mixed,0,24.5
Mini Truck,Diesel,7,7.12,184,2082,532,High,City,0,37.16
Bus,Petrol,12,4.87,177,0,0,Medium,Mixed,0,46.58
Bus,Petrol,10,4.1,822,0,0,High,City,0,293.28
Van,Diesel,9,9.96,433,1612,1099,Low,City,0,61.6
Van,Petrol,6,11.16,653,947,770,High,City,0,92.28
Truck,Petrol,8,3.72,718,6994,326,Medium,City,0,257.48
Mini Truck,Petrol,9,8.9,861,1101,1058,Medium,Mixed,1,144.69
Mini Truck,Diesel,5,9.59,546,1788,656,Low,Highway,0,63.41
Truck,Diesel,4,5.01,454,6492,5614,Low,Highway,1,112.61
Truck,Diesel,1,4.38,109,8434,620,Low,Highway,0,26.2
Bus,Diesel,10,4.64,417,1,1,Medium,Mixed,1,136.61
Mini Truck,Petrol,1,7.56,26,1484,1095,High,Mixed,0,4.33
Truck,Diesel,6,5.78,825,4738,2374,High,City,0,216.29
Bus,Petrol,7,3.79,505,0,0,Low,Mixed,0,152.9
Van,Petrol,9,10.77,325,1798,295,High,Mixed,1,41.58
Truck,Diesel,2,3.13,580,9456,8800,Low,City,0,246.03
Bus,Diesel,7,4.81,184,0,0,Low,Highway,1,44.48
Van,Diesel,3,13.03,891,1661,111,High,City,0,98.53
Bus,Diesel,5,3.2,385,1,1,Low,Mixed,0,157.31
Truck,Petrol,10,3.21,517,6170,2603,Medium,City,1,238.41
Van,Petrol,6,14.75,340,845,4,Low,Highway,1,25.98
Bus,Petrol,3,4.36,493,1,1,Medium,City,1,174.44
Mini Truck,Diesel,3,8.58,899,1335,574,Low,Mixed,0,125.76
Bus,Diesel,12,3.15,889,0,0,High,Mixed,0,400.6
Mini Truck,Diesel,1,8.21,503,3226,2210,High,Highway,1,84.83
Mini Truck,Diesel,10,8.93,495,2191,548,High,Mixed,0,78.17
Mini Truck,Petrol,9,6.04,845,1978,1736,High,Mixed,0,216.81
Van,Petrol,3,10.07,913,1658,1350,Low,Mixed,1,117.55
Bus,Diesel,4,4.52,84,0,0,Medium,City,0,22.27
Truck,Diesel,9,5.72,500,8918,6358,Medium,Highway,0,114.46
Bus,Diesel,12,4.94,612,1,1,High,Mixed,0,196.92
Mini Truck,Petrol,6,8.35,277,1318,1058,Medium,Highway,1,46.96
Bus,Petrol,8,4.59,533,0,0,Low,City,0,143.89
Van,Diesel,9,12.86,211,933,153,Low,City,0,20.82
Van,Petrol,6,13.32,510,1486,1382,Medium,Highway,0,52.6
Mini Truck,Diesel,4,6.17,184,3349,2426,Low,Mixed,0,37.38
Van,Diesel,3,10.55,435,868,529,High,Mixed,0,58.33
Bus,Diesel,4,3.9,194,1,1,Low,City,0,69.98
Van,Petrol,3,13.35,630,1201,928,High,Highway,0,66.2
Mini Truck,Petrol,3,6.43,900,1828,1070,High,Mixed,1,206.66
Van,Diesel,3,11.86,59,1759,1228,High,Mixed,0,7.01
Truck,Petrol,11,3.39,938,11835,19,High,Mixed,1,403.01
Mini Truck,Petrol,1,8.79,980,2757,939,Medium,City,1,151.23
Truck,Petrol,3,3.76,310,6809,686,High,Mixed,1,116.38
Bus,Diesel,1,4.42,611,0,0,High,Highway,0,172.32
Mini Truck,Diesel,12,9.22,129,2674,1483,Low,City,1,18.19
Bus,Petrol,10,3.73,793,1,1,Low,City,1,315.32
Van,Petrol,9,12.33,334,1019,1012,High,City,1,44.97
Van,Diesel,12,10.38,122,1932,331,Low,Mixed,1,14.47
Bus,Diesel,3,3.78,843,0,0,Low,Highway,1,240.15
Mini Truck,Diesel,2,7.05,643,2518,327,Low,Mixed,1,105.98
Mini Truck,Petrol,12,9.85,675,1235,358,Medium,City,0,97.52
Van,Petrol,4,9.2,548,1727,1045,High,Highway,0,80.54
Truck,Petrol,4,4.97,302,5579,711,Medium,City,1,83.14
Mini Truck,Diesel,9,6.06,961,3882,281,Low,Mixed,1,195.47
Bus,Petrol,5,3.45,485,0,0,Medium,Mixed,0,172.63
Bus,Diesel,7,4.01,535,0,0,Medium,City,0,175.02
Bus,Petrol,12,3.89,808,1,1,Low,City,1,310.88
Mini Truck,Diesel,8,6.47,668,1276,783,Low,Mixed,0,132.08
Bus,Petrol,6,4.03,737,0,0,Medium,Highway,1,221.88
Truck,Petrol,11,5.25,587,8603,1245,Low,City,1,148.21
Bus,Diesel,10,3.54,530,0,0,High,Highway,0,197.75
Van,Petrol,4,10.38,653,1011,856,Medium,Highway,0,82.21
Truck,Diesel,11,5.87,26,11071,10056,High,Highway,1,4.83
Bus,Petrol,8,4.8,207,1,1,High,City,1,73.1
Van,Diesel,1,12.15,982,1366,979,High,Highway,1,113.08
Mini Truck,Diesel,8,9.91,491,3860,2122,Medium,Mixed,0,68.02
Truck,Diesel,7,4.74,647,8331,5924,Medium,Highway,1,183.08
Van,Petrol,8,14.75,208,1202,749,Medium,City,0,18.17
Mini Truck,Petrol,6,9.42,204,2145,1846,High,Highway,0,29.12
Truck,Petrol,4,4.67,169,9240,3212,High,Highway,1,49.73
Truck,Diesel,7,4.5,757,11470,8748,Medium,City,1,253.87
Bus,Diesel,7,3.2,81,0,0,Low,City,1,31.06
Truck,Petrol,12,4.0,593,8914,5903,High,City,1,246.74
Truck,Petrol,2,4.05,609,6259,4725,High,Mixed,0,216.93
Bus,Petrol,6,4.35,930,1,1,Low,City,1,307.78
Mini Truck,Diesel,3,8.56,666,2381,1727,High,Mixed,1,116.07
Truck,Diesel,3,4.03,688,8136,2595,Medium,Mixed,1,224.13
Mini Truck,Petrol,8,9.12,553,2487,2404,Medium,City,0,91.25
Van,Diesel,3,13.37,983,1855,515,High,Mixed,0,100.43
Van,Diesel,7,9.62,581,630,484,Low,Highway,1,75.53
Truck,Diesel,5,4.85,336,4381,3193,Low,Highway,1,86.5
Mini Truck,Diesel,3,8.11,55,1698,58,High,City,1,9.18
Mini Truck,Petrol,9,9.74,158,3246,1822,High,Mixed,0,25.19
Mini Truck,Petrol,9,8.56,950,3186,1268,Medium,City,0,155.31
Truck,Petrol,5,4.1,330,7256,1275,Low,Highway,0,87.69
Bus,Petrol,8,4.07,326,1,1,Low,City,1,118.67
Van,Diesel,9,11.24,467,1343,1148,Medium,Highway,0,52.87
Mini Truck,Petrol,4,7.05,265,2729,2561,High,Mixed,1,57.64
Bus,Petrol,7,3.38,206,0,0,Low,City,0,75.05
Mini Truck,Petrol,5,8.8,348,3015,769,Low,Highway,0,43.09
Truck,Diesel,2,3.85,764,5048,3591,Low,Highway,0,228.27
Van,Diesel,8,10.3,824,1360,638,Medium,City,1,116.43
Truck,Petrol,2,5.53,292,5393,459,Medium,Highway,1,62.69
Van,Diesel,5,13.9,806,525,124,High,Highway,1,78.82
Mini Truck,Diesel,12,9.98,772,1815,943,Low,Mixed,0,101.46
Mini Truck,Petrol,11,9.84,664,2323,649,High,Highway,0,93.45
Bus,Petrol,11,3.6,904,1,0,High,Highway,0,334.38
Van,Petrol,6,9.09,425,1065,245,Low,Highway,0,51.0
Mini Truck,Diesel,6,9.08,531,2018,322,Low,Mixed,1,70.69
Truck,Diesel,6,4.93,148,11787,1759,Medium,Highway,1,36.61
Bus,Petrol,12,3.39,761,1,1,Low,City,0,325.97
Mini Truck,Petrol,9,7.18,214,3855,2007,High,Highway,1,42.82
Bus,Petrol,5,4.74,90,0,0,High,Highway,1,25.41
Bus,Petrol,9,3.73,814,0,0,High,Mixed,1,316.74
Van,Diesel,10,14.14,348,1770,489,High,Highway,1,35.99
Van,Petrol,9,9.92,439,1079,660,High,City,0,69.09
Truck,Diesel,1,5.51,914,5126,1463,Low,Highway,0,177.5
Mini Truck,Diesel,2,6.13,417,3628,3425,High,City,1,109.03
Truck,Petrol,4,4.82,972,4161,107,Low,Mixed,1,234.43
Truck,Petrol,11,3.18,833,9814,6046,High,Highway,1,389.33
Truck,Diesel,5,3.23,119,6537,4255,Low,Mixed,0,43.7
Mini Truck,Diesel,4,8.1,660,2018,1167,Low,Mixed,1,103.39
Truck,Petrol,11,4.38,190,9997,1705,Low,Mixed,1,55.14
Bus,Diesel,9,5.0,944,1,1,Medium,Mixed,1,285.21
Bus,Petrol,11,3.86,596,1,0,High,Highway,1,213.47
Bus,Petrol,8,3.89,763,1,0,Low,City,0,240.99
Van,Petrol,1,10.8,896,954,219,Medium,Highway,1,100.66
Van,Diesel,1,11.76,291,819,141,Medium,Mixed,0,27.56
Van,Petrol,5,9.55,959,1318,1165,Low,Mixed,0,129.73
Bus,Petrol,3,3.98,629,0,0,High,City,0,222.18
Mini Truck,Diesel,1,9.69,920,2369,1425,Medium,City,0,128.13
Van,Diesel,11,13.66,332,1283,110,High,Highway,1,35.29
Van,Petrol,9,13.19,709,813,51,High,City,1,82.18
Truck,Diesel,7,3.87,155,9460,2425,Medium,Highway,1,50.21
Truck,Petrol,5,3.26,812,11221,7118,High,Highway,0,345.53
Mini Truck,Diesel,8,7.58,594,3340,803,High,Mixed,0,114.26
Van,Diesel,5,13.66,135,1162,183,High,City,1,15.03
Bus,Petrol,4,3.64,808,0,0,Medium,Highway,1,264.45
Mini Truck,Diesel,8,6.18,721,1956,408,Medium,Highway,0,141.5
Truck,Diesel,4,5.85,34,5419,2356,Medium,Mixed,0,6.53
Bus,Petrol,8,3.05,777,0,0,High,Highway,0,332.18
Bus,Petrol,10,4.46,731,0,0,High,Mixed,0,228.43
Mini Truck,Diesel,5,6.68,828,2163,822,High,Mixed,1,182.1
Truck,Petrol,11,5.84,696,4091,1591,Medium,Mixed,1,167.47
Truck,Diesel,5,5.6,409,9332,3787,High,Mixed,0,104.51
Bus,Petrol,10,4.06,223,0,0,High,City,0,81.14
Truck,Diesel,9,3.91,782,11027,6445,Low,Highway,1,250.29
Bus,Petrol,11,3.6,660,1,0,Medium,City,0,248.72
Bus,Diesel,3,3.68,109,1,0,High,City,0,41.14
Mini Truck,Diesel,10,6.61,479,2279,1348,High,Highway,0,102.2
Van,Diesel,3,10.85,556,1944,1840,Low,City,0,68.67
Van,Petrol,2,12.34,208,1973,242,Medium,Highway,0,19.7
Bus,Petrol,7,3.61,817,1,0,Low,Highway,0,243.07
Van,Diesel,10,12.7,647,1740,1161,Low,Mixed,0,65.13
Van,Diesel,6,9.48,534,1476,274,High,City,1,86.29
Van,Petrol,8,11.84,251,835,197,Low,City,0,28.6
Bus,Petrol,4,4.48,795,0,0,Low,Highway,0,185.05
Mini Truck,Petrol,12,7.3,457,2874,1010,Medium,Highway,1,85.72
Bus,Petrol,10,4.88,553,0,0,Low,City,1,146.39
Truck,Diesel,9,4.61,416,3643,2284,High,Mixed,0,134.12
Van,Petrol,8,11.39,492,1123,585,Low,City,1,57.21
Truck,Diesel,8,5.49,759,10400,1481,High,Highway,0,185.07
Van,Petrol,7,10.94,484,551,183,High,Mixed,0,64.04
Mini Truck,Diesel,5,7.3,835,3656,2914,Low,Mixed,0,145.6
Truck,Diesel,12,4.35,556,8946,1397,High,City,0,194.37
Mini Truck,Petrol,1,9.07,912,2372,2316,High,Highway,0,140.0
Van,Diesel,12,9.31,767,1130,633,Medium,City,0,124.11
Truck,Diesel,4,3.01,489,7146,100,Medium,City,0,210.14
Mini Truck,Diesel,4,8.36,439,2948,1858,Medium,Highway,0,65.95
Van,Petrol,10,12.77,209,925,50,Low,Highway,1,19.85
Truck,Diesel,1,5.0,962,7889,2712,Low,Highway,0,206.81
Mini Truck,Diesel,3,8.69,728,3503,2707,High,Mixed,0,123.34
Mini Truck,Petrol,1,6.37,397,2225,1322,Medium,Highway,1,78.01
Truck,Petrol,8,3.4,559,7496,2696,Medium,Mixed,0,218.37
Van,Diesel,2,12.43,109,1788,1083,Medium,Mixed,1,14.18
Mini Truck,Petrol,5,8.1,969,3552,1449,Low,Mixed,1,151.56
Mini Truck,Petrol,3,9.53,317,1953,1451,Low,Highway,0,40.62
Truck,Petrol,11,5.39,444,6396,5040,Medium,Highway,1,114.86
Bus,Diesel,1,4.28,829,1,1,Low,City,1,268.04
Bus,Diesel,2,4.37,761,1,1,High,Mixed,0,261.06
Van,Diesel,6,14.0,958,1877,981,Medium,Highway,0,85.88
Mini Truck,Diesel,11,7.84,493,3199,1372,Medium,Mixed,0,87.29
Bus,Petrol,9,4.07,611,0,0,High,City,1,224.65
Truck,Diesel,5,5.52,661,8556,6147,High,Highway,1,175.39
Van,Diesel,5,13.23,298,1144,64,Medium,Highway,1,27.07
Van,Petrol,8,13.98,557,1119,442,Medium,Highway,0,49.33
Bus,Diesel,4,4.83,838,1,0,Medium,Mixed,0,210.45
Van,Petrol,8,13.39,814,1572,635,Medium,Highway,0,74.17
Van,Diesel,12,9.22,138,1293,1069,Low,City,0,22.22
Truck,Petrol,8,5.67,804,4689,4264,High,Mixed,1,226.07
Truck,Petrol,11,5.68,217,8257,3285,Medium,City,1,55.06
Mini Truck,Diesel,5,6.6,35,2120,468,High,Mixed,0,5.82
Van,Petrol,9,10.91,843,789,721,Medium,Mixed,0,110.44
Van,Diesel,5,12.68,474,1193,1107,Low,Highway,0,47.5
Mini Truck,Diesel,2,7.53,421,1352,873,Low,Mixed,1,70.48
Bus,Petrol,6,4.63,964,0,0,Medium,Mixed,0,256.37
Truck,Petrol,2,4.37,257,10625,7709,Low,Highway,1,70.31
Bus,Petrol,3,4.4,484,1,1,Medium,Highway,0,143.77
Mini Truck,Diesel,6,7.91,806,1699,578,Medium,Mixed,0,129.35
Truck,Petrol,12,5.39,831,8339,1162,Medium,Mixed,1,211.94
Mini Truck,Petrol,4,8.48,513,3244,651,Medium,Highway,1,73.9
Van,Petrol,7,12.4,730,1200,1115,Low,Highway,0,73.67
Mini Truck,Diesel,10,8.38,119,2332,2273,Medium,Highway,1,22.46
Mini Truck,Diesel,10,6.43,859,3442,3159,Medium,City,1,210.45
Truck,Diesel,4,5.45,696,3003,600,Low,City,1,162.63
Mini Truck,Petrol,4,6.82,603,2296,1227,High,City,1,136.27
Bus,Diesel,10,3.02,892,1,0,Medium,Highway,1,372.29
Truck,Diesel,12,4.68,901,8885,1797,Medium,Highway,0,241.96
Mini Truck,Petrol,11,7.27,410,2567,1663,Medium,Mixed,0,79.34
Van,Petrol,3,10.13,880,1287,737,Medium,Highway,1,111.43
Van,Diesel,1,9.43,758,532,147,Medium,Mixed,1,103.91
Van,Diesel,3,12.85,935,1351,933,High,Mixed,1,109.28
Van,Petrol,9,11.54,383,1421,787,Low,Highway,1,40.46
Truck,Petrol,12,3.71,440,11220,4411,High,Mixed,1,182.08
Truck,Diesel,10,4.45,614,9038,1854,Medium,Mixed,0,181.67
Van,Petrol,8,12.1,110,1571,1249,Low,City,0,11.83
Bus,Diesel,6,4.07,500,0,0,Medium,Mixed,1,157.62
Bus,Petrol,6,4.92,191,1,1,Low,Mixed,1,53.31
Bus,Diesel,11,3.95,606,0,0,Low,Mixed,1,189.93
Truck,Petrol,8,3.25,891,11283,1259,Medium,City,0,371.94
Bus,Petrol,5,3.03,638,0,0,Low,Mixed,0,234.75
Mini Truck,Petrol,3,7.05,516,3870,967,Low,Mixed,0,85.84
Bus,Diesel,3,4.19,877,0,0,Medium,City,1,279.87
Van,Petrol,12,12.83,771,931,591,Medium,Highway,1,80.7
Truck,Diesel,3,4.39,507,10802,4937,High,Mixed,0,162.69
Mini Truck,Petrol,8,7.05,32,3172,1780,Medium,City,1,6.28
Bus,Diesel,2,4.84,645,1,1,High,City,1,214.2
Bus,Petrol,2,3.51,811,1,1,High,Mixed,0,345.65
Van,Petrol,11,13.14,580,868,320,Low,Mixed,0,54.12
Truck,Diesel,7,3.29,379,4702,3653,Low,Mixed,1,156.45
Bus,Diesel,1,3.05,78,0,0,High,Mixed,0,34.62
Truck,Diesel,2,5.57,692,5128,3079,High,Mixed,0,178.95
Truck,Diesel,5,3.88,964,4240,3714,Medium,City,1,375.45
Bus,Diesel,2,3.55,411,0,0,Medium,City,0,145.68
Bus,Petrol,3,3.88,644,1,0,Medium,Highway,1,195.23
Truck,Diesel,9,5.31,678,6578,5029,Low,City,1,182.87
Truck,Diesel,2,3.21,476,7105,6367,Low,City,0,195.95
Truck,Diesel,11,4.17,946,5483,2701,Medium,Mixed,0,313.62
Mini Truck,Petrol,7,7.62,851,3980,3198,Low,Mixed,0,144.3
Truck,Petrol,12,5.45,600,10898,1985,High,City,1,172.7
Bus,Petrol,1,4.26,394,0,0,High,City,0,128.49
Mini Truck,Petrol,11,6.81,413,3271,161,High,Highway,1,84.76
Mini Truck,Diesel,11,8.76,926,2992,347,High,City,0,158.22
Van,Diesel,4,9.15,520,1714,488,Medium,Highway,1,71.93
Mini Truck,Petrol,1,6.15,826,1229,691,High,Highway,1,184.21
Truck,Diesel,11,5.0,172,10509,8791,High,Mixed,0,54.42
Truck,Diesel,12,3.42,948,3312,1930,High,Highway,0,401.23
Van,Diesel,3,12.8,487,1129,199,High,Highway,0,48.39
Truck,Diesel,8,4.78,843,6613,516,Low,City,1,228.61
Mini Truck,Petrol,2,9.9,160,3359,2235,Medium,Highway,0,18.54
Van,Petrol,2,9.72,445,789,775,Low,Mixed,1,61.85
Van,Petrol,4,14.55,122,583,136,High,Mixed,1,11.79
Van,Diesel,8,9.48,968,514,183,Low,Mixed,1,129.47
Mini Truck,Petrol,12,6.51,297,1586,1310,High,City,1,78.3
Van,Diesel,10,13.15,754,1721,368,Medium,Mixed,0,74.75
Bus,Petrol,7,3.01,216,0,0,Low,Mixed,0,80.83
Bus,Diesel,8,4.54,303,0,0,Low,Highway,0,70.21
Van,Petrol,8,10.06,75,1872,88,High,City,1,11.97
Van,Petrol,5,11.01,126,1428,88,High,Highway,0,13.12
Van,Diesel,8,12.09,758,645,240,Medium,Mixed,1,88.44
Mini Truck,Diesel,12,8.71,817,2334,942,Low,City,0,123.44
Truck,Diesel,12,4.24,932,6276,3076,Low,Highway,1,278.61
Mini Truck,Diesel,7,6.58,202,3496,1863,Medium,City,0,43.72
Mini Truck,Diesel,11,7.43,363,2104,828,Low,Highway,0,57.57
Bus,Diesel,2,4.7,195,1,1,Medium,Highway,1,55.36
Van,Diesel,10,14.82,441,970,88,High,City,0,44.71
Mini Truck,Petrol,5,6.06,273,2753,1010,Medium,City,0,61.49
Van,Diesel,7,14.88,771,582,481,High,Highway,1,78.46
Mini Truck,Petrol,12,9.29,266,2853,2028,Low,Mixed,0,38.16
Mini Truck,Diesel,3,7.43,112,1979,1326,Low,City,1,20.54
Van,Petrol,10,13.48,494,549,465,Low,Mixed,1,50.23
Van,Petrol,11,11.79,901,1797,2,High,Highway,1,105.41
Bus,Diesel,5,3.85,826,1,0,High,Highway,1,283.57
Truck,Petrol,1,3.33,653,8989,7624,Low,City,1,265.16
Van,Diesel,9,13.26,362,919,141,Low,Mixed,0,31.08
Mini Truck,Diesel,12,9.04,939,2312,1444,Medium,Mixed,1,152.8
Bus,Diesel,2,3.75,533,1,1,High,Highway,1,209.14
Bus,Petrol,10,3.74,212,0,0,Medium,Highway,0,67.8
Mini Truck,Diesel,5,9.83,188,1315,223,Medium,Highway,0,22.6
Mini Truck,Diesel,4,8.08,320,3569,92,Medium,Mixed,0,48.92
Mini Truck,Petrol,7,7.78,318,3640,87,Low,Highway,0,43.26
Van,Petrol,7,12.47,825,1842,1323,Medium,City,1,98.26
Mini Truck,Petrol,10,6.53,828,2255,703,Medium,Highway,1,165.85
Bus,Petrol,1,3.3,999,1,1,Low,Mixed,0,383.29
Bus,Diesel,3,4.68,185,0,0,Low,Highway,0,41.21
Bus,Diesel,8,3.52,230,0,0,High,Mixed,0,88.13
Bus,Petrol,3,3.75,566,0,0,Medium,Highway,0,171.79
Mini Truck,Petrol,3,9.79,24,2311,639,High,Mixed,1,4.07
Bus,Petrol,5,4.94,838,0,0,High,Mixed,1,237.8
Bus,Diesel,12,3.96,162,0,0,High,Mixed,0,59.27
Bus,Diesel,7,4.24,476,0,0,Medium,Highway,1,138.96
Truck,Diesel,10,4.58,43,7553,1603,Low,Mixed,1,13.12
Truck,Petrol,4,4.47,950,11381,918,High,City,1,311.17
Van,Petrol,6,11.32,373,524,291,Medium,City,1,46.57
Truck,Diesel,12,5.66,315,9809,7249,Low,Mixed,1,76.22
Mini Truck,Diesel,10,8.39,330,1588,425,Medium,Mixed,1,54.24
Truck,Petrol,2,3.02,199,7478,3395,High,City,0,97.6
Van,Diesel,7,10.74,862,1504,86,Medium,Mixed,1,104.29
Mini Truck,Petrol,4,6.11,288,1010,157,Medium,Mixed,1,61.41
Truck,Petrol,7,3.54,142,7009,233,Medium,City,0,52.28
Bus,Petrol,10,3.87,730,1,1,Low,City,0,269.01
Bus,Diesel,10,3.12,919,1,1,High,Highway,1,454.87
Van,Diesel,5,11.17,69,1803,729,Medium,City,0,7.37
Van,Diesel,2,12.59,350,842,556,Medium,Mixed,1,36.43
Bus,Petrol,2,4.07,33,1,0,Low,Mixed,1,8.15
Bus,Petrol,7,3.68,124,0,0,Low,Highway,0,37.32
Van,Diesel,7,11.76,858,656,119,Low,Highway,1,82.96
Bus,Petrol,12,3.73,196,1,1,High,City,0,90.91
Truck,Diesel,3,5.57,334,5332,1856,Low,Highway,0,66.11
Truck,Petrol,12,5.29,39,4830,636,Medium,City,0,10.5
Van,Diesel,1,13.76,80,1551,1214,Medium,Highway,1,6.53
Truck,Diesel,5,5.0,962,4581,1014,High,Highway,0,252.85
Van,Petrol,1,9.54,380,1068,712,Low,Mixed,0,47.51
Truck,Diesel,10,5.29,752,11664,3555,Low,City,0,185.64
Truck,Diesel,4,5.76,734,10777,6004,High,Highway,1,182.78
Truck,Diesel,6,5.94,546,9948,3510,Low,City,0,116.94
Bus,Diesel,8,3.22,527,0,0,Medium,Mixed,1,215.78
Truck,Diesel,6,4.48,487,9304,4646,High,Mixed,1,162.2
Mini Truck,Diesel,9,7.63,897,2752,773,Low,City,1,157.56
Van,Diesel,11,11.95,468,715,405,High,Mixed,0,61.34
Truck,Diesel,7,4.2,86,4666,1382,Medium,Highway,1,25.32
Van,Petrol,2,10.4,305,1369,1022,High,Mixed,1,46.29
Mini Truck,Petrol,8,8.67,543,2656,1984,Medium,Highway,1,86.3
Truck,Diesel,5,4.47,985,6781,5147,Low,Highway,0,260.81
Truck,Diesel,8,5.03,639,5934,3134,High,City,0,197.04
Bus,Diesel,2,4.32,226,1,1,Medium,Mixed,1,75.98
Mini Truck,Petrol,9,7.37,38,3214,2238,Low,City,0,7.79
Mini Truck,Petrol,6,9.41,56,2812,1882,Low,Highway,1,5.44
Van,Petrol,7,9.81,519,1965,796,Low,Mixed,1,66.47
Mini Truck,Petrol,9,9.42,420,3075,228,Medium,City,1,62.27
Bus,Petrol,6,3.12,151,0,0,Medium,City,0,63.31
Bus,Petrol,2,3.86,379,1,1,Low,Mixed,0,126.42
Van,Diesel,11,10.87,909,673,67,Medium,Highway,1,107.08
Van,Diesel,9,10.96,904,1443,1347,Medium,Mixed,1,121.13
Bus,Diesel,12,3.94,344,0,0,Medium,Mixed,1,118.32
Bus,Diesel,8,3.2,364,0,0,Medium,Mixed,1,149.75
Van,Petrol,6,14.82,670,913,508,Low,Mixed,0,56.74
Bus,Petrol,1,3.59,659,1,0,High,Highway,0,227.08
Bus,Petrol,2,4.13,234,1,1,Medium,Highway,1,77.49
Bus,Petrol,11,4.08,444,0,0,Medium,City,1,153.99
Van,Diesel,11,13.22,531,882,590,Low,Mixed,1,54.56
Bus,Petrol,10,4.45,554,0,0,Low,City,1,159.85
Van,Diesel,3,13.48,440,1114,891,Medium,Highway,0,42.1
Mini Truck,Petrol,5,8.58,435,2050,967,Low,Highway,0,57.79
Van,Diesel,4,13.78,517,1135,950,High,City,1,60.75
Truck,Diesel,3,3.82,828,3477,1058,Medium,Mixed,0,272.61
Truck,Petrol,1,3.17,636,4375,2571,Medium,Highway,1,252.66
Bus,Diesel,7,4.89,261,0,0,Low,Mixed,0,62.64
Bus,Petrol,2,3.48,811,0,0,Medium,City,1,307.57
Van,Petrol,4,9.87,301,858,219,Medium,City,1,43.08
Truck,Petrol,9,4.12,578,4850,2592,Medium,City,0,201.52
Bus,Diesel,6,3.95,41,1,1,High,Mixed,0,16.02
Truck,Diesel,5,4.66,737,8067,5234,Medium,Mixed,0,214.13
Van,Petrol,7,9.05,328,1304,523,Low,Highway,1,42.59
Van,Diesel,8,12.79,828,1819,832,Low,City,0,85.07
Mini Truck,Petrol,12,7.65,917,2362,1730,Low,Highway,1,155.5
Truck,Petrol,7,4.81,484,11973,5353,High,Highway,0,137.38
Van,Petrol,11,9.82,663,1320,409,Medium,City,0,95.22
Truck,Diesel,4,4.55,722,5131,4866,Medium,City,1,239.99
Mini Truck,Diesel,5,6.69,355,3429,3386,Medium,Highway,0,69.88
Mini Truck,Petrol,3,7.57,249,2545,2336,Low,Highway,0,40.82
Truck,Petrol,4,3.79,430,5764,407,High,City,1,166.01
Van,Diesel,6,10.02,34,1661,240,High,Mixed,1,4.65
Mini Truck,Petrol,2,6.9,988,1832,390,Medium,City,1,193.97
Mini Truck,Diesel,7,9.43,863,3457,882,Medium,Mixed,0,120.33
Mini Truck,Diesel,7,9.17,288,1117,594,Low,Mixed,1,40.93
Van,Petrol,10,13.11,30,1438,175,Medium,Highway,1,4.15
Mini Truck,Diesel,12,7.53,282,2733,2446,Low,Highway,0,46.19
Truck,Petrol,4,4.41,25,8804,745,Medium,Mixed,1,7.61
Bus,Petrol,11,3.74,614,0,0,Low,City,0,207.92
Mini Truck,Petrol,8,6.53,463,2299,2172,Low,City,0,99.37
Bus,Diesel,3,4.0,968,1,1,Medium,City,1,366.7
Bus,Petrol,7,4.79,802,1,1,Low,Mixed,1,230.44
Truck,Diesel,3,3.16,501,6000,293,Medium,Highway,1,190.17
Mini Truck,Diesel,8,6.16,516,2460,2297,Medium,City,0,128.25
Van,Diesel,6,9.56,874,1081,369,Low,Mixed,1,113.97
Van,Diesel,9,13.6,962,869,426,Low,Highway,1,86.35
Truck,Petrol,1,3.85,402,4998,3229,High,Highway,1,147.54
Van,Diesel,2,11.76,511,1949,1350,Medium,Mixed,1,61.63
Truck,Petrol,1,4.97,990,10423,5323,High,Mixed,0,278.63
Van,Diesel,11,10.7,580,613,72,High,City,0,80.87
Mini Truck,Petrol,3,6.96,41,2633,365,Low,Highway,1,6.17
Mini Truck,Petrol,11,9.01,143,3679,631,Medium,City,1,21.26
Bus,Diesel,6,4.33,521,1,0,Medium,City,1,162.54
Bus,Petrol,2,4.51,464,1,0,High,City,0,141.8
Truck,Petrol,8,5.03,559,5540,4057,High,Mixed,0,167.09
Bus,Petrol,7,3.16,172,1,1,Low,Mixed,1,75.07
Van,Petrol,5,12.41,959,1628,156,Low,Mixed,0,88.94
Mini Truck,Petrol,2,7.86,852,3950,2328,Medium,City,1,156.44
Truck,Diesel,2,5.22,825,10583,2941,Low,City,0,191.62
Truck,Petrol,12,3.89,658,10454,7371,Medium,City,0,254.39
Van,Diesel,2,13.48,912,1737,531,High,Highway,1,90.74
Truck,Diesel,7,3.35,508,5813,5372,Medium,Mixed,1,222.3
Mini Truck,Petrol,10,9.25,727,3526,1477,High,Mixed,1,120.7
Bus,Diesel,3,3.27,134,0,0,Low,Mixed,0,44.14
Truck,Diesel,8,4.95,882,6961,3569,High,Mixed,0,262.79
Truck,Petrol,8,3.44,139,9912,357,Low,Highway,1,46.12
Mini Truck,Petrol,1,9.44,226,3397,993,Medium,Mixed,1,31.54
Truck,Petrol,1,3.31,888,10074,6810,Medium,Mixed,1,365.66
Truck,Petrol,7,4.46,751,10993,3799,Low,Mixed,0,207.06
Mini Truck,Petrol,9,6.25,930,3655,1708,Medium,Highway,1,196.26
Bus,Petrol,12,3.87,314,0,0,High,Highway,1,112.14
Bus,Petrol,4,4.02,154,1,1,Medium,Mixed,1,54.8
Mini Truck,Petrol,8,9.2,232,1663,1273,Medium,Mixed,0,34.58
Mini Truck,Diesel,3,6.8,123,3481,2015,Medium,City,1,25.18
Van,Diesel,9,9.28,922,537,367,Medium,City,0,146.78
Van,Diesel,2,11.03,252,733,632,Low,Mixed,0,30.38
Mini Truck,Petrol,6,9.14,293,1191,1140,Low,Mixed,0,41.38
Truck,Petrol,8,5.89,820,4817,867,High,Mixed,0,195.63
Truck,Diesel,3,4.89,180,6365,2962,High,City,1,57.02
Mini Truck,Diesel,3,8.59,145,2370,564,Low,City,1,20.82
Truck,Diesel,8,4.02,107,11274,2805,Medium,City,1,38.68
Bus,Diesel,3,4.51,161,1,0,Medium,City,1,47.72
Mini Truck,Petrol,1,7.77,106,1040,142,Medium,City,1,16.39
Van,Petrol,1,11.36,944,575,154,High,Highway,1,112.23
Mini Truck,Petrol,11,8.8,951,2246,1284,Medium,Highway,1,149.44
Van,Petrol,8,12.86,827,1614,1278,High,Mixed,1,100.39
Bus,Petrol,4,4.76,57,0,0,High,City,1,17.02
Van,Petrol,4,9.56,553,1630,639,Medium,Mixed,0,75.0
Truck,Diesel,9,4.78,812,6954,6817,Medium,Mixed,1,254.61
Truck,Diesel,6,3.78,146,11314,5807,Low,Mixed,0,48.39
Mini Truck,Petrol,10,8.95,261,2856,1388,High,Mixed,0,45.79
Bus,Petrol,5,4.33,751,0,0,Medium,Mixed,0,213.12
Truck,Petrol,9,4.75,120,8919,7443,Low,Mixed,1,33.66
Mini Truck,Diesel,2,6.25,239,1532,975,Medium,Highway,1,47.47
Mini Truck,Petrol,5,8.34,470,3606,1734,High,City,1,86.84
Van,Diesel,9,9.76,152,1956,937,High,Mixed,0,22.95
Van,Petrol,8,9.2,398,821,572,Low,Mixed,1,59.92
Truck,Diesel,6,4.72,176,3659,2141,Low,City,1,50.29
Bus,Petrol,5,3.97,165,0,0,High,City,0,59.29
Bus,Petrol,4,3.37,145,1,0,High,City,0,60.65
Truck,Petrol,8,4.72,820,10411,5534,Medium,City,0,249.11
Van,Petrol,8,13.0,353,805,745,Low,Mixed,1,40.41
Mini Truck,Diesel,7,7.36,773,1187,907,Medium,Mixed,0,145.09
Van,Diesel,10,12.78,594,1948,632,High,Highway,0,63.48
Van,Diesel,10,12.13,938,1474,1029,Low,Highway,0,96.03
Truck,Petrol,4,3.74,846,10278,1386,High,Mixed,1,320.73
Mini Truck,Diesel,8,9.45,467,1095,696,Low,City,0,68.65
Bus,Petrol,5,3.18,574,0,0,Low,City,0,217.3
Van,Petrol,2,9.93,80,1334,346,High,City,0,11.14
Truck,Diesel,5,4.17,442,8243,2334,Medium,City,1,149.2
Truck,Diesel,4,3.72,540,6874,4038,High,City,0,221.36
Bus,Diesel,6,3.93,515,1,0,Low,City,0,159.55
Truck,Petrol,9,5.89,801,4663,2017,High,Mixed,0,200.23
Bus,Petrol,8,3.17,821,0,0,Low,City,0,319.84
Van,Petrol,9,11.71,495,502,416,High,City,0,69.43
Truck,Diesel,8,3.82,716,7110,6877,Medium,City,0,283.58
Bus,Diesel,3,4.48,327,0,0,Low,City,0,86.91
Van,Petrol,7,10.27,925,1533,651,High,City,1,140.89
Mini Truck,Petrol,4,8.65,235,2317,1399,Medium,Mixed,1,37.63
Truck,Diesel,11,5.77,943,10807,70,Low,Mixed,0,196.12
Mini Truck,Petrol,7,8.15,99,3658,2667,High,Highway,1,16.89
Truck,Petrol,7,5.48,201,8864,6336,High,Highway,0,52.48
Mini Truck,Petrol,4,7.78,40,1907,1521,Medium,Mixed,1,6.8
Van,Diesel,10,12.75,259,1970,452,Medium,City,0,28.3
Bus,Petrol,12,4.41,27,0,0,Low,Mixed,1,9.19
Truck,Petrol,10,4.5,218,5793,4520,High,Mixed,0,74.86
Truck,Diesel,12,3.2,896,7253,4668,Low,Mixed,1,382.49
Van,Diesel,12,13.07,717,1758,517,High,City,0,83.01
Mini Truck,Diesel,6,7.73,144,2666,1122,High,Mixed,1,28.57
Mini Truck,Petrol,9,9.04,68,3954,919,Medium,City,1,11.55
Bus,Diesel,7,3.39,921,0,0,High,Highway,0,353.06
Mini Truck,Diesel,4,6.79,84,2348,1273,High,Mixed,0,17.42
Truck,Petrol,7,5.42,273,8477,4102,Low,City,0,66.1
Bus,Diesel,6,4.04,986,0,0,Low,Mixed,1,290.73
Truck,Petrol,10,3.37,54,3994,3754,Medium,City,0,26.24
Van,Diesel,8,9.33,462,1750,1282,Low,Highway,0,59.89
Truck,Petrol,7,4.21,905,9735,3819,High,Mixed,0,310.02
Mini Truck,Petrol,8,9.18,123,3540,2536,Medium,Mixed,0,19.34
Mini Truck,Petrol,10,6.77,629,1420,25,High,Highway,0,123.16
Van,Petrol,6,11.53,475,1984,1271,Low,Highway,0,47.88
Truck,Diesel,3,3.94,687,10140,8407,Medium,City,0,249.44
Van,Petrol,5,12.62,28,1096,755,High,Mixed,0,4.56
Truck,Diesel,9,5.46,372,3894,1728,Low,Highway,0,78.47
Truck,Petrol,4,5.0,729,10657,9826,Medium,Mixed,1,209.52
Bus,Petrol,6,3.32,527,1,0,Low,Highway,0,167.42
Van,Petrol,10,10.28,846,1484,678,High,City,0,129.18
Mini Truck,Diesel,1,7.45,50,1302,732,High,Highway,0,7.11
Bus,Petrol,4,4.26,50,1,0,Low,Highway,1,12.12
Van,Diesel,5,13.31,271,1195,1135,Low,Highway,0,25.31
Van,Petrol,2,9.13,408,1887,281,High,Highway,1,60.72
Van,Petrol,8,10.44,983,1262,350,High,Mixed,1,139.27
Truck,Diesel,3,5.65,216,5142,1553,High,City,1,56.85
Bus,Petrol,11,3.49,801,0,0,High,Mixed,0,325.87
Bus,Diesel,6,3.49,891,1,0,High,Mixed,1,358.24
Van,Diesel,8,13.75,191,1759,132,High,City,1,18.39
Mini Truck,Petrol,3,7.29,731,2531,2152,Medium,Mixed,1,142.22
Mini Truck,Petrol,10,7.6,57,3391,2661,Low,Highway,0,8.71
Mini Truck,Diesel,7,6.87,605,2740,1544,Low,City,1,119.55
Truck,Diesel,2,3.89,255,11500,5760,High,Highway,1,91.32
Bus,Petrol,8,3.94,843,1,1,Medium,City,1,334.07
Mini Truck,Diesel,3,7.77,387,2087,310,Low,City,0,59.43
Bus,Diesel,2,3.24,579,1,0,Low,City,0,207.55
Bus,Petrol,5,4.49,742,1,0,High,Highway,1,219.19
Truck,Petrol,5,5.47,861,9616,6647,High,Mixed,0,232.86
Mini Truck,Diesel,7,6.91,234,3962,3068,Medium,Highway,1,45.92
Mini Truck,Petrol,2,7.25,808,1769,878,High,City,0,167.09
Mini Truck,Petrol,9,6.12,914,1569,1182,Low,City,0,204.16
Mini Truck,Petrol,6,6.9,801,2743,1652,High,Mixed,1,174.44
Bus,Diesel,10,4.57,177,0,0,Medium,Mixed,1,50.68
Mini Truck,Diesel,7,6.25,506,2582,771,Low,City,1,107.12
Bus,Diesel,3,3.21,52,0,0,High,Mixed,1,22.65
Truck,Diesel,4,3.21,230,9322,4650,Low,City,0,91.41
Mini Truck,Diesel,6,8.07,900,1703,669,Medium,City,0,154.41
Truck,Diesel,9,4.26,998,4126,3186,Low,Highway,0,286.42
Bus,Petrol,12,4.33,638,0,0,High,City,0,221.28
Mini Truck,Petrol,4,6.03,85,1584,912,Medium,Mixed,0,18.56
Bus,Petrol,8,3.93,774,0,0,Low,City,1,253.43
Bus,Petrol,7,4.23,445,0,0,Low,Highway,1,118.24
Mini Truck,Petrol,11,6.73,422,3329,391,High,Highway,0,85.27
Van,Petrol,11,12.23,734,1865,136,High,Mixed,0,86.09
Mini Truck,Petrol,9,6.48,793,2510,313,Low,Mixed,1,152.58
Mini Truck,Petrol,3,7.01,493,3072,182,Low,Highway,1,77.48
Mini Truck,Petrol,12,7.6,58,1796,812,Low,City,0,11.91
Van,Petrol,11,13.49,89,1492,944,Low,Mixed,0,8.84
Mini Truck,Diesel,8,9.28,878,1660,349,Low,Mixed,0,114.18
Van,Petrol,2,12.21,99,1300,344,High,Highway,1,10.74
Van,Petrol,6,10.07,934,1963,70,High,Mixed,0,128.46
Mini Truck,Diesel,11,9.25,753,3625,2713,High,Highway,1,122.49
Bus,Petrol,1,4.2,810,0,0,Medium,Highway,0,216.23
Bus,Diesel,4,3.18,34,1,0,Medium,Highway,0,12.14
Van,Diesel,11,10.01,445,842,45,High,Highway,1,60.06
Bus,Diesel,10,3.41,143,1,1,Low,Highway,0,53.83
Bus,Petrol,3,3.03,418,1,0,Low,City,0,161.97
Truck,Petrol,11,4.87,926,3719,275,Low,City,1,252.63
Mini Truck,Diesel,12,8.14,277,3331,702,Low,Mixed,1,43.04
Mini Truck,Diesel,6,6.7,891,3816,1302,High,City,0,197.8
Bus,Diesel,10,4.82,543,1,1,High,Mixed,0,175.73
Truck,Diesel,1,4.85,262,5032,2530,High,City,0,78.89
Truck,Diesel,3,4.12,175,7859,1654,Medium,Highway,0,46.7
Van,Petrol,12,14.26,345,774,284,High,Highway,1,33.33
Bus,Diesel,4,4.69,268,1,1,Low,Mixed,0,75.2
Van,Diesel,10,14.24,207,1567,658,Medium,Mixed,0,20.65
Truck,Petrol,2,5.86,164,3853,2598,Low,Highway,0,32.45
Van,Diesel,4,12.04,338,1372,956,Low,Mixed,0,33.8
Van,Petrol,3,12.64,610,1120,584,Medium,Mixed,0,62.87
Bus,Petrol,2,4.9,406,1,1,Low,City,1,116.0
Mini Truck,Petrol,3,9.28,800,2974,81,Medium,City,0,109.38
Bus,Diesel,9,4.45,494,1,1,Medium,City,1,176.09
Mini Truck,Petrol,2,7.33,220,3928,1922,Low,Highway,0,34.31
Truck,Petrol,8,4.21,780,9812,6465,Medium,City,1,277.39
Bus,Diesel,7,4.77,414,0,0,High,Highway,0,111.99
Mini Truck,Petrol,12,7.39,670,3904,2001,High,City,0,143.7
Mini Truck,Petrol,12,6.99,963,2956,141,Medium,Mixed,0,177.83
Van,Petrol,10,11.73,280,1894,301,Low,Mixed,0,28.55
Truck,Diesel,2,4.93,743,9297,6515,High,Highway,0,205.07
Mini Truck,Diesel,7,7.01,565,2237,2050,High,City,1,132.19
Mini Truck,Diesel,2,8.54,295,2410,584,High,Highway,1,45.73
Bus,Diesel,3,4.63,119,0,0,Low,Mixed,1,31.97
Mini Truck,Petrol,12,7.72,210,1722,767,High,Highway,0,39.4
Mini Truck,Diesel,9,9.79,853,2845,2322,Low,Highway,0,107.09
Truck,Diesel,4,3.78,661,9697,7220,High,Highway,0,244.46
Truck,Petrol,2,4.13,370,7534,526,Low,Mixed,0,101.35
Mini Truck,Petrol,11,9.04,292,1038,125,Low,Mixed,0,40.25
Truck,Diesel,9,5.38,799,9154,8520,Medium,City,1,231.39
Bus,Petrol,6,3.74,856,1,1,Low,City,1,328.81
Mini Truck,Diesel,6,9.49,487,1410,6,High,City,0,74.26
Truck,Diesel,9,3.84,482,7072,3018,High,Mixed,1,190.86
Mini Truck,Diesel,1,9.94,668,2319,68,Medium,Highway,1,79.38
Mini Truck,Diesel,10,7.94,103,3509,3252,Medium,City,1,21.09
Truck,Petrol,5,4.82,917,5345,4260,High,Mixed,0,285.39
Van,Petrol,2,10.81,915,1878,1123,Medium,Highway,1,107.5
Truck,Petrol,11,4.62,194,6987,1733,High,Mixed,0,62.66
Truck,Petrol,12,3.09,804,8349,6283,Medium,Highway,1,365.93
Mini Truck,Diesel,11,6.54,762,3189,2595,Medium,Highway,1,166.36
Van,Diesel,11,11.06,773,1969,1521,High,City,1,115.83
Van,Diesel,5,9.69,111,679,114,Medium,Mixed,0,16.52
Truck,Petrol,3,5.56,338,9229,27,Low,Mixed,0,67.75
Mini Truck,Petrol,6,9.09,149,3782,3262,High,Mixed,0,24.06
Truck,Petrol,1,4.61,168,10546,5176,Medium,Highway,1,44.91
Mini Truck,Diesel,10,7.13,840,3725,3478,High,Highway,1,180.82
Bus,Diesel,5,4.99,526,1,0,Medium,Mixed,1,135.43
Truck,Petrol,3,5.48,976,6450,6001,Low,Mixed,0,228.15
Van,Petrol,12,11.35,183,1850,1737,Low,Mixed,1,22.19
Bus,Petrol,11,3.95,420,1,1,Low,Mixed,1,150.96
Bus,Diesel,12,4.71,154,1,0,Medium,Mixed,0,45.08
Bus,Petrol,11,3.33,472,0,0,High,City,1,218.94
Van,Diesel,4,13.83,686,900,752,Low,City,0,67.01
Van,Petrol,7,13.08,118,844,57,Medium,City,0,12.06
Truck,Diesel,9,4.95,662,10107,2434,High,City,0,201.2
Truck,Diesel,4,4.19,630,7959,5635,Low,Mixed,1,195.82
Truck,Petrol,11,4.15,31,10292,6018,Low,Highway,0,7.85
Truck,Petrol,11,5.01,43,11351,3685,High,Mixed,1,12.72
Bus,Diesel,10,3.36,325,1,1,High,Highway,0,143.09
Bus,Diesel,12,4.82,435,0,0,High,Highway,1,125.93
Mini Truck,Diesel,9,9.35,858,3207,2923,High,Highway,0,136.04
Truck,Diesel,10,5.09,477,3087,2272,Medium,Highway,0,124.29
Van,Diesel,11,9.97,891,1651,525,Low,Highway,0,106.2
Bus,Petrol,9,3.34,274,0,0,Medium,Highway,1,100.25
Mini Truck,Diesel,10,7.96,952,2281,2140,Medium,Mixed,0,171.53
Truck,Diesel,4,3.11,896,5321,2455,Low,Highway,0,323.82
Bus,Petrol,3,4.46,583,1,0,Medium,City,1,175.11
Van,Petrol,8,9.5,455,1020,692,High,Highway,0,70.13
Truck,Petrol,11,5.09,401,6156,5852,High,Mixed,0,124.01
Mini Truck,Diesel,6,9.97,46,2776,1552,High,Highway,0,7.66
Bus,Diesel,9,3.22,357,1,0,High,Highway,1,150.74
Bus,Petrol,3,4.74,300,0,0,Low,Highway,1,68.15
Van,Petrol,2,13.7,559,752,179,High,City,1,61.56
Truck,Petrol,12,4.72,297,7620,4518,High,Highway,0,91.82
Van,Petrol,7,10.08,564,1888,1615,High,Mixed,1,86.18
Mini Truck,Diesel,5,6.04,179,3103,2921,High,Highway,0,44.43
Mini Truck,Petrol,1,9.67,744,3618,1516,Low,Mixed,1,95.17
Mini Truck,Diesel,8,9.94,313,2919,2057,Medium,City,0,45.12
Bus,Diesel,5,3.81,669,1,0,Low,Highway,0,184.85
Truck,Diesel,10,3.17,971,7683,4539,Medium,Highway,1,416.05
Van,Petrol,8,12.09,565,1886,1818,High,Highway,1,71.51
Truck,Diesel,12,3.02,787,9962,8754,Medium,Highway,0,358.49
Mini Truck,Diesel,11,9.72,199,3144,921,Low,City,0,26.07
Bus,Diesel,7,3.99,402,0,0,Low,City,0,122.89
Truck,Petrol,5,4.45,22,7337,1745,High,Mixed,1,8.54
Van,Petrol,11,12.09,933,572,474,High,City,0,126.38
Bus,Diesel,10,3.92,129,1,1,Low,City,0,46.61
Mini Truck,Petrol,1,6.41,106,3015,809,High,Mixed,0,23.39
Mini Truck,Diesel,8,6.03,251,3689,1024,Medium,City,1,56.1
Bus,Petrol,7,4.78,469,1,0,High,City,0,142.67
Van,Petrol,12,11.6,133,1235,406,Low,City,0,13.15
Van,Petrol,7,13.46,702,564,164,Low,City,1,68.53
Truck,Petrol,8,4.65,789,5087,2661,Medium,Mixed,1,236.91
Van,Diesel,2,13.76,372,758,159,High,Highway,0,32.99
Truck,Petrol,7,5.93,511,3131,1779,Medium,City,1,128.26
Truck,Petrol,4,4.85,275,11376,3061,Medium,Highway,1,69.66
Van,Petrol,4,11.84,645,711,514,Low,Highway,0,64.16
Van,Diesel,3,11.41,971,1060,393,Low,City,0,106.04
Van,Diesel,1,11.28,736,1575,627,High,Highway,0,85.5
Bus,Petrol,8,3.12,331,1,0,Low,City,1,135.89
Bus,Petrol,12,3.84,206,1,0,Low,Highway,0,58.54
Bus,Diesel,5,3.94,461,0,0,Low,City,1,147.45
Bus,Petrol,5,3.22,719,0,0,High,Highway,1,294.15
Bus,Petrol,12,4.56,685,1,0,Medium,Highway,1,188.91
Truck,Diesel,3,4.89,620,4971,336,High,Highway,0,159.52
Mini Truck,Diesel,2,9.77,328,3535,1404,High,City,0,50.87
Van,Diesel,3,10.15,278,1627,1457,High,City,1,45.15
Mini Truck,Diesel,7,6.27,973,2716,2145,High,Highway,0,221.83
Bus,Diesel,5,3.09,833,0,0,High,Highway,1,355.43
Mini Truck,Diesel,3,7.75,595,3086,1573,Medium,City,1,108.77
Van,Diesel,1,9.96,733,946,606,Low,Mixed,1,94.88
Bus,Petrol,4,3.59,195,1,0,Low,Highway,0,56.95
Bus,Diesel,11,3.3,296,1,0,Low,Mixed,0,107.26
Van,Diesel,1,12.89,397,1795,1239,Medium,Highway,1,40.79
Van,Petrol,10,10.77,863,617,10,Medium,Highway,1,100.68
Van,Petrol,1,12.22,759,1694,217,High,Mixed,1,85.59
Bus,Diesel,8,3.44,615,1,0,High,City,0,258.99
Mini Truck,Diesel,12,8.91,943,2509,607,Medium,Highway,1,138.93
Van,Petrol,3,13.89,603,860,193,Medium,Mixed,0,54.24
Bus,Diesel,5,3.33,857,0,0,Medium,Mixed,0,317.42
Truck,Diesel,2,4.28,122,10455,6594,High,Mixed,0,40.92
Truck,Diesel,7,4.15,801,4802,111,High,Highway,0,250.67
Van,Diesel,5,9.86,33,1784,1228,Low,Highway,1,4.0
Truck,Diesel,3,4.44,334,10279,2672,Medium,City,0,99.9
Van,Diesel,9,13.15,146,1785,1113,Low,Highway,0,10.95
Bus,Diesel,9,4.77,21,1,0,Low,Highway,0,5.9
Mini Truck,Petrol,3,7.41,963,2174,925,High,City,0,192.31
Mini Truck,Diesel,2,6.9,98,2154,1463,High,City,0,22.68
Bus,Diesel,1,4.21,458,0,0,High,City,0,146.65
Mini Truck,Diesel,11,8.75,313,3559,3348,Medium,Highway,1,53.64
Mini Truck,Petrol,5,9.24,98,3913,3271,Low,Highway,0,12.56
Bus,Diesel,7,3.89,135,1,0,High,City,1,53.04
Van,Diesel,6,14.97,414,872,785,Medium,City,1,40.84
Mini Truck,Petrol,12,9.89,671,3464,3250,Medium,Highway,0,94.97
Mini Truck,Petrol,9,7.99,565,3186,2017,High,Highway,1,102.96
Truck,Petrol,9,4.73,109,6593,5759,Low,City,0,31.45
Van,Diesel,6,12.35,81,773,112,Medium,City,0,11.06
Bus,Petrol,3,4.67,235,1,0,Low,Highway,0,51.6
Truck,Diesel,7,5.2,75,9958,6089,High,Highway,0,20.45
Mini Truck,Diesel,1,6.59,270,1578,161,Low,Highway,1,45.23
Van,Diesel,8,13.46,991,1580,1430,Medium,City,1,114.19
Bus,Petrol,11,4.39,179,1,0,Low,Mixed,0,48.7
Van,Diesel,1,11.38,587,1367,930,High,City,1,80.52
Van,Petrol,3,10.63,406,688,534,Low,Mixed,0,50.62
Mini Truck,Diesel,4,7.57,881,3290,2478,Low,Mixed,1,151.87
Mini Truck,Petrol,11,8.57,75,2558,675,Medium,Mixed,1,12.38
Van,Petrol,2,9.63,817,1242,1235,Medium,Highway,0,111.47
Bus,Diesel,9,3.21,631,0,0,Low,City,0,245.08
Van,Diesel,4,10.62,65,1667,1156,High,City,0,10.82
Truck,Petrol,2,5.83,789,3138,1460,Medium,City,0,183.98
Bus,Petrol,12,3.71,739,0,0,High,Highway,1,275.5
Mini Truck,Diesel,9,9.23,621,1615,48,Medium,City,0,92.48
Bus,Diesel,3,4.36,926,0,0,High,Highway,0,264.11
Van,Diesel,12,9.97,766,1527,1057,High,Mixed,1,122.88
Mini Truck,Diesel,6,7.16,982,3553,3505,Medium,Highway,1,189.4
Van,Diesel,10,12.64,662,812,580,Medium,Highway,0,69.5
Van,Petrol,9,14.21,116,678,510,Medium,City,0,12.44
Bus,Diesel,2,3.56,111,1,1,Low,Highway,1,39.36
Bus,Petrol,5,4.53,982,1,0,Low,Mixed,1,256.3
Truck,Petrol,5,4.2,395,5113,3611,High,Mixed,1,145.56
Bus,Diesel,11,3.83,918,1,1,High,Highway,0,362.47
Van,Diesel,3,14.12,182,1095,769,High,City,0,19.38
Van,Petrol,8,13.01,499,1214,954,High,Mixed,1,61.43
Truck,Diesel,3,5.2,224,9503,7096,Medium,City,0,62.36
Bus,Petrol,10,3.97,305,1,0,Medium,Highway,0,90.72
Mini Truck,Diesel,11,6.85,635,3327,128,Medium,Highway,1,118.16
Mini Truck,Petrol,4,6.22,296,1093,866,Medium,Mixed,0,65.69
Truck,Diesel,2,3.82,914,4338,2443,High,City,1,368.44
Van,Petrol,3,13.98,370,689,438,Medium,Highway,0,34.59
Bus,Petrol,8,3.95,733,0,0,Medium,City,1,255.91
Truck,Diesel,2,5.17,700,5369,2652,High,Mixed,1,197.68
Truck,Diesel,8,5.8,136,11182,5184,High,City,1,36.92
Truck,Petrol,3,4.9,243,4596,298,High,Highway,1,65.07
Van,Petrol,4,11.09,610,891,695,Low,City,1,74.61
Truck,Petrol,5,4.51,684,5043,4088,Medium,City,1,225.15
Bus,Petrol,9,3.85,968,1,0,Low,City,1,326.26
Bus,Diesel,9,4.19,311,1,1,High,Mixed,1,119.23
Bus,Diesel,2,4.61,111,0,0,High,Highway,1,29.87
Truck,Petrol,12,5.26,668,11924,1633,Medium,Mixed,0,165.64
Bus,Petrol,4,3.45,137,1,1,Low,City,0,53.64
Bus,Petrol,7,4.82,982,1,0,Medium,Highway,1,246.97
Bus,Petrol,5,4.68,24,1,0,Medium,Highway,0,7.87
Truck,Diesel,6,5.52,345,11502,9829,Medium,Highway,1,86.45
Van,Petrol,4,12.7,840,1305,105,High,City,0,93.39
Mini Truck,Diesel,7,9.62,467,3118,648,Low,Highway,0,56.46
Truck,Petrol,11,5.75,228,5605,2641,Low,Highway,0,48.56
Mini Truck,Diesel,11,9.08,652,1626,56,High,Mixed,0,101.3
Mini Truck,Diesel,12,8.94,666,2858,2598,Medium,Highway,0,100.08
Van,Petrol,4,12.21,818,1002,743,Medium,City,0,98.11
Bus,Diesel,3,4.25,133,0,0,Medium,Mixed,0,36.2
Truck,Diesel,5,3.79,99,5959,760,Medium,City,0,32.58
Mini Truck,Diesel,8,9.18,518,2694,301,High,Highway,0,75.72
Mini Truck,Petrol,6,8.53,204,2846,659,Medium,Highway,0,31.67
Truck,Diesel,6,5.98,634,10928,10059,High,Highway,0,154.93
Bus,Diesel,4,4.21,550,0,0,High,Highway,0,165.28
Bus,Diesel,4,3.06,245,0,0,Low,Mixed,0,90.39
Bus,Petrol,8,3.4,376,0,0,High,Mixed,1,159.17
Mini Truck,Petrol,7,8.05,276,2638,790,Low,Highway,1,41.16
Mini Truck,Diesel,10,9.17,189,3406,1276,Low,Mixed,1,27.08
Mini Truck,Petrol,7,8.39,657,2112,1305,Low,Mixed,1,102.8
Mini Truck,Diesel,10,7.41,85,3591,3356,Medium,Highway,0,15.62
Bus,Petrol,5,4.21,50,1,1,Low,Highway,1,14.3
Mini Truck,Diesel,6,6.98,400,1881,1345,Medium,Highway,1,76.38
Truck,Diesel,6,5.06,496,8388,3502,High,City,0,145.51
Truck,Petrol,5,4.81,125,11638,3562,High,City,0,38.22
Mini Truck,Petrol,6,9.25,70,1811,403,Medium,City,0,9.03
Bus,Petrol,2,3.25,635,0,0,Medium,Mixed,1,242.91
Van,Diesel,5,9.11,953,1679,9,Medium,City,0,136.31
Mini Truck,Diesel,9,9.67,680,1160,690,Low,Highway,1,89.37
Truck,Petrol,12,3.9,429,8196,5665,Low,Mixed,1,152.29
Mini Truck,Diesel,7,7.19,889,2861,2020,High,Highway,1,179.51
Truck,Diesel,4,3.14,127,3170,568,Medium,Mixed,1,51.48
Van,Diesel,2,10.15,25,1255,1100,High,Highway,1,4.69
Truck,Diesel,1,5.84,357,4229,2160,High,Mixed,1,87.58
Bus,Diesel,3,4.17,149,0,0,Medium,Highway,1,41.89
Mini Truck,Diesel,9,8.11,697,3367,1957,Medium,City,1,129.11
Mini Truck,Diesel,2,7.06,381,2213,339,High,Highway,0,67.24
Truck,Diesel,8,3.18,241,3215,2746,Medium,City,0,112.57
Mini Truck,Diesel,6,6.83,560,3418,3119,High,City,1,133.21
Mini Truck,Diesel,9,6.42,958,1532,448,Medium,City,1,214.55
Van,Petrol,4,9.41,722,1366,336,Medium,Mixed,0,97.39
Van,Petrol,2,13.47,935,992,16,Medium,Highway,1,79.5
Truck,Petrol,11,4.59,141,8766,4351,High,Highway,1,45.67
Mini Truck,Diesel,3,7.59,361,2764,2080,Low,City,1,64.92
Bus,Diesel,1,4.3,321,1,0,Low,City,0,87.26
Bus,Petrol,9,3.87,681,0,0,Low,Highway,0,192.07
Truck,Diesel,1,4.73,564,6911,539,Low,City,0,141.63
Mini Truck,Petrol,7,6.41,527,3833,1098,Low,Highway,0,92.36
Bus,Petrol,12,4.19,116,0,0,Low,Mixed,1,34.09
Bus,Diesel,3,3.63,190,0,0,Low,City,1,64.53
Van,Diesel,11,11.85,201,1184,42,Medium,Highway,0,21.28
Truck,Petrol,8,4.75,503,11000,4055,Low,Highway,0,121.45
Bus,Diesel,9,4.01,813,0,0,Low,Highway,1,231.18
Bus,Petrol,8,4.47,279,1,1,Medium,City,0,93.41
Bus,Petrol,12,3.67,296,1,0,High,Mixed,0,113.73
Van,Petrol,4,12.96,529,790,365,Low,Highway,1,46.2
Bus,Diesel,12,3.18,300,1,0,High,Mixed,1,140.78
Van,Petrol,11,11.09,623,1178,800,Medium,City,1,84.58
Van,Diesel,10,12.12,463,1203,251,Medium,Mixed,1,51.41
Bus,Diesel,1,4.0,497,0,0,High,Highway,1,158.18
Van,Petrol,8,10.73,484,1103,31,Low,Highway,1,52.27
Truck,Diesel,8,3.92,696,10050,5771,Low,Highway,1,218.63
Van,Petrol,5,13.71,807,1528,1362,High,Highway,0,85.7
Bus,Diesel,12,3.39,317,0,0,Low,Highway,1,108.6
Bus,Diesel,11,4.27,945,1,1,Low,City,1,330.09
Bus,Diesel,10,3.87,719,1,0,Low,City,0,231.23
Mini Truck,Diesel,5,7.22,578,2217,1888,Low,City,1,114.91
Truck,Diesel,9,4.33,977,8132,4127,High,Mixed,1,344.1
Mini Truck,Petrol,7,7.87,48,2680,1889,High,Highway,1,9.32
Truck,Diesel,10,5.72,544,6975,4754,Medium,Highway,1,131.31
Truck,Petrol,3,4.21,846,3097,1895,High,City,0,303.96
Truck,Diesel,5,5.49,628,4753,2731,Low,City,1,154.6
Bus,Diesel,2,4.48,738,0,0,Low,Mixed,0,181.05
Mini Truck,Diesel,4,9.58,178,3620,3490,Medium,Mixed,1,26.87
Truck,Petrol,10,5.06,20,4879,550,Low,Mixed,0,4.57
Truck,Diesel,4,3.31,474,3403,2071,Medium,Highway,0,180.09
Bus,Petrol,8,4.97,881,0,0,High,City,1,268.55
Truck,Petrol,3,4.91,858,6027,1160,High,Mixed,0,237.8
Van,Diesel,8,11.88,622,1092,204,Medium,City,1,72.37
Mini Truck,Petrol,12,9.2,853,2900,1707,Medium,Highway,0,122.83
Bus,Petrol,2,4.13,614,0,0,Medium,Highway,1,177.04
Truck,Petrol,3,4.4,29,10509,4536,Low,City,0,7.32
Bus,Petrol,9,3.13,380,0,0,High,Mixed,1,176.79
Mini Truck,Diesel,5,9.14,965,3696,1240,Medium,Highway,1,135.09
Mini Truck,Petrol,10,8.64,969,3359,2902,High,Mixed,1,179.4
Van,Petrol,10,14.73,652,1212,1197,Medium,Highway,0,61.67
Truck,Diesel,4,3.29,976,4740,4091,High,City,1,481.16
Van,Diesel,2,14.4,933,856,745,Medium,City,0,91.98
Truck,Petrol,2,3.11,801,4194,3617,Medium,Mixed,0,348.81
Van,Petrol,2,13.19,672,1273,272,High,Mixed,0,68.51
Van,Petrol,8,11.63,226,1085,461,High,Highway,1,26.5
Van,Diesel,10,9.15,228,1869,197,Low,Highway,0,27.1
Bus,Petrol,10,4.09,368,0,0,Low,Mixed,1,109.2
Van,Diesel,10,13.97,385,1525,721,High,Mixed,0,40.97
Truck,Petrol,7,4.88,150,4161,640,High,City,0,44.19
Truck,Petrol,4,3.15,43,11856,5421,Low,City,1,18.33
Mini Truck,Petrol,2,9.49,96,1646,589,High,Mixed,0,12.14
Bus,Petrol,10,3.11,616,0,0,Medium,City,0,267.79
Truck,Petrol,7,3.78,162,8481,973,Low,Mixed,1,53.31
Truck,Diesel,8,3.22,92,3579,1416,Medium,Mixed,0,35.64
Mini Truck,Diesel,5,8.89,528,1426,72,High,Highway,1,79.39
Mini Truck,Petrol,5,9.13,973,1932,43,Low,Highway,0,113.8
Mini Truck,Diesel,9,7.93,732,2585,1545,Low,City,1,127.56
Van,Diesel,8,9.71,380,1760,753,Low,City,1,55.11
Truck,Diesel,4,3.28,442,3164,930,High,Mixed,0,188.21
Truck,Diesel,1,3.23,204,5076,3592,Medium,Highway,1,80.46
Bus,Diesel,5,3.26,693,1,1,Low,Mixed,0,278.41
Truck,Petrol,9,3.62,474,8848,3609,High,City,1,208.0
Bus,Diesel,9,4.79,75,1,0,Medium,City,1,21.86
Bus,Diesel,4,4.82,332,0,0,High,Mixed,0,92.95
Truck,Petrol,12,5.45,260,5325,293,High,City,1,72.84
Truck,Diesel,8,5.51,622,7428,2277,Medium,City,0,156.57
Truck,Petrol,10,4.15,413,3308,1567,Medium,Highway,0,126.21
Van,Petrol,3,12.96,696,1590,107,Medium,Highway,1,63.89
Truck,Petrol,5,5.43,48,6547,6203,Medium,Mixed,1,11.74
Mini Truck,Diesel,2,8.21,714,3954,3819,Medium,Mixed,1,122.95
Mini Truck,Petrol,3,9.84,155,2914,975,Low,City,1,21.81
Truck,Diesel,9,3.89,650,9465,632,Medium,City,1,235.58
Bus,Diesel,2,3.61,887,1,1,Low,City,1,344.72
Truck,Petrol,1,4.4,673,8877,7867,High,Highway,1,218.87
Truck,Diesel,5,5.69,85,8145,7809,Medium,Highway,1,20.12
Bus,Petrol,8,3.25,170,0,0,High,Mixed,0,73.64
Van,Diesel,11,9.23,901,1901,1037,Medium,Mixed,1,140.56
Truck,Diesel,1,5.86,36,7244,2108,High,City,0,11.58
Van,Petrol,2,9.46,543,1408,231,Low,Highway,0,60.71
Bus,Petrol,11,3.83,166,1,1,Low,City,1,64.81
Bus,Petrol,11,3.75,184,1,0,Medium,Highway,1,61.45
Van,Diesel,2,12.65,752,1141,1046,High,Mixed,1,91.41
Van,Petrol,10,9.2,410,1987,307,High,Highway,0,59.88
Van,Petrol,9,13.4,641,1580,105,Medium,Mixed,1,64.57
Bus,Petrol,4,4.67,356,1,0,Low,City,0,91.86
Mini Truck,Petrol,12,9.89,475,3838,987,High,City,1,75.24
Truck,Petrol,9,4.52,639,8935,7932,Low,City,1,203.36
Van,Diesel,9,10.47,701,1334,1197,Low,Mixed,1,90.29
Bus,Petrol,6,3.24,537,1,1,Low,Mixed,1,227.67
Van,Diesel,8,9.09,289,747,428,High,Mixed,1,47.42
Truck,Diesel,1,5.5,190,3392,2826,Low,Highway,1,39.22
Mini Truck,Petrol,3,7.61,749,3281,988,Medium,Highway,1,121.94
Bus,Diesel,12,3.09,952,1,1,Medium,Mixed,1,474.37
Mini Truck,Petrol,8,8.8,804,1751,1482,High,Mixed,0,139.99
Van,Diesel,10,12.56,484,1880,1329,Medium,City,1,59.86
Van,Petrol,2,10.39,69,1510,698,High,Mixed,1,9.75
Bus,Petrol,7,3.64,996,0,0,Low,Highway,0,292.66
Mini Truck,Petrol,10,9.52,375,2287,407,Medium,Highway,0,49.63
Bus,Petrol,8,3.88,315,0,0,Medium,Mixed,0,101.95
Van,Petrol,3,9.58,792,1630,1041,Low,Highway,0,94.98
Van,Diesel,8,14.0,228,552,378,Medium,Mixed,1,23.73
Mini Truck,Diesel,8,7.18,961,1448,1446,Low,City,1,194.58
Mini Truck,Petrol,2,9.46,382,2140,477,Low,Mixed,0,47.23
Truck,Petrol,3,4.52,665,7523,3714,High,Mixed,0,208.54
Bus,Diesel,7,3.2,881,1,0,High,Mixed,0,376.27
Truck,Diesel,3,4.76,220,6607,5516,Medium,City,0,66.75
Mini Truck,Diesel,12,7.99,670,1539,406,Low,Mixed,0,103.53
Truck,Petrol,2,4.47,202,6416,5816,Low,City,1,62.54
Mini Truck,Diesel,11,7.39,997,3172,2690,Low,City,0,190.57
Bus,Petrol,8,4.59,576,1,1,Medium,City,0,190.79
Van,Diesel,5,11.52,273,1415,666,High,City,0,36.23
Van,Petrol,6,12.96,741,1211,815,Low,City,1,78.94
Mini Truck,Diesel,1,7.16,931,3078,881,Medium,Highway,1,158.51
Bus,Petrol,7,3.78,428,1,1,Medium,Highway,1,160.19
Mini Truck,Diesel,6,8.55,478,1186,631,Medium,Highway,0,70.87
Van,Diesel,10,12.66,572,764,619,Low,Mixed,0,59.92
Mini Truck,Diesel,12,7.33,84,2444,2264,High,Highway,0,15.69
Bus,Diesel,3,4.68,317,1,0,Low,City,1,82.04
Mini Truck,Diesel,9,8.93,885,1055,73,Low,Mixed,0,116.82
Mini Truck,Petrol,1,6.63,255,2234,99,High,Mixed,0,49.96
Truck,Petrol,12,3.37,154,9190,6565,High,City,0,73.74
Truck,Diesel,9,5.17,35,9805,330,High,Mixed,0,9.52
Truck,Petrol,4,5.49,351,8114,6428,Medium,Mixed,0,87.75
Bus,Petrol,8,3.41,405,1,1,Medium,City,0,179.26
Van,Petrol,9,10.67,270,1082,1037,Medium,Highway,1,36.33
Mini Truck,Petrol,9,8.86,611,2852,917,Low,City,0,89.58
Mini Truck,Petrol,8,8.25,360,3632,1272,Low,Mixed,0,51.0
Truck,Diesel,4,5.59,275,11025,9722,Low,Highway,1,60.3
Mini Truck,Diesel,1,9.07,338,2032,843,High,City,0,54.04
Truck,Petrol,12,4.7,294,9660,91,High,Highway,1,85.6
Mini Truck,Petrol,11,6.94,546,2889,1978,High,Mixed,0,121.35
Truck,Petrol,12,3.23,185,5085,111,High,Mixed,0,83.39
Van,Diesel,8,14.22,926,732,39,Medium,City,0,88.7
Mini Truck,Diesel,12,9.5,29,2712,1635,Medium,Highway,1,3.95
Bus,Petrol,9,3.64,164,1,0,Medium,Mixed,0,59.01
Bus,Petrol,8,3.93,188,1,0,High,Mixed,1,68.59
Truck,Petrol,7,3.54,25,10708,1098,Medium,Mixed,0,8.55
Van,Diesel,9,11.75,659,693,62,Medium,Mixed,0,71.4
Truck,Petrol,11,4.68,663,6703,2825,Low,Highway,1,174.72
Bus,Petrol,10,4.46,976,1,1,Medium,Mixed,0,319.03
Truck,Diesel,2,5.19,289,7587,1460,High,Highway,0,71.18
Mini Truck,Petrol,10,9.09,303,3425,2477,High,Mixed,1,52.87
Van,Diesel,1,13.7,971,943,93,High,Highway,0,88.44
Van,Petrol,1,10.94,543,606,140,Medium,City,1,67.61
Bus,Petrol,9,4.52,593,0,0,Medium,City,1,183.79
Mini Truck,Petrol,5,9.35,100,2298,2173,High,Highway,0,16.54
Bus,Diesel,7,4.12,721,1,1,Low,Mixed,1,239.72
Bus,Diesel,1,4.73,765,1,1,Medium,Highway,0,205.57
Mini Truck,Petrol,3,9.73,472,1043,401,Medium,Mixed,0,63.18
Truck,Petrol,6,3.28,534,9043,4157,Low,Mixed,1,205.57
Truck,Petrol,11,4.44,741,3719,2848,Medium,City,0,249.71
Truck,Petrol,10,4.9,504,11033,2847,High,Mixed,0,147.37
Truck,Petrol,1,4.84,911,5509,1449,Low,Highway,1,206.27
Truck,Diesel,8,4.91,119,4021,1287,High,City,0,37.19
Truck,Petrol,11,5.54,746,8185,7354,Low,Mixed,1,189.66
Truck,Petrol,7,5.51,217,4007,266,High,Highway,1,52.55
Truck,Diesel,8,3.13,537,6255,5641,Medium,Highway,0,227.19
Bus,Petrol,9,3.7,601,1,1,High,Highway,1,249.49
Truck,Diesel,2,3.55,345,4415,1520,High,Mixed,0,134.77
Van,Diesel,4,12.83,918,1442,166,High,Highway,1,93.44
Van,Diesel,5,9.32,202,1945,587,Medium,Highway,1,27.41
Mini Truck,Diesel,4,7.09,322,1816,362,Medium,Mixed,1,59.29
Bus,Diesel,8,3.71,810,1,1,High,Mixed,1,352.2
Van,Diesel,10,11.31,235,1601,1164,High,City,1,34.45
Bus,Diesel,6,4.4,545,1,0,Low,City,0,148.71
Mini Truck,Petrol,1,9.69,666,3117,2696,Low,City,0,91.86
Mini Truck,Petrol,6,8.26,942,3696,2410,Low,City,0,151.19
Bus,Diesel,3,3.84,683,1,1,Low,Highway,1,224.08
Bus,Diesel,8,4.09,469,0,0,High,City,1,170.88
Mini Truck,Petrol,4,7.01,365,2528,2461,Medium,Mixed,1,74.72
Bus,Diesel,4,4.53,451,0,0,Medium,City,1,132.35
Truck,Diesel,9,3.5,631,7924,7262,High,Mixed,0,280.13
Van,Diesel,11,11.0,336,610,92,Low,City,1,42.9
Mini Truck,Diesel,8,6.0,924,1604,410,Low,City,1,202.56
Truck,Diesel,4,5.57,761,10152,1477,Low,Highway,1,150.56
Truck,Petrol,3,4.03,723,10713,9008,Medium,Mixed,0,246.0
Mini Truck,Petrol,8,8.82,151,1392,793,Medium,Highway,1,22.56
Bus,Petrol,11,4.46,566,1,1,Low,City,1,188.29
Truck,Diesel,10,3.53,390,6852,3023,Medium,Mixed,0,151.44
Mini Truck,Diesel,11,6.92,65,3047,769,Low,City,1,12.0
Truck,Petrol,7,4.96,311,9974,2469,Medium,City,1,90.89
Truck,Petrol,7,3.54,874,9524,8476,Low,City,0,341.57
Bus,Diesel,11,4.72,184,0,0,Medium,Highway,1,48.53
Mini Truck,Diesel,8,8.62,452,3745,1645,Low,City,1,73.85
Bus,Diesel,10,4.61,819,1,1,Medium,Mixed,1,267.54
Bus,Diesel,3,4.96,173,1,0,Low,City,1,43.79
Van,Petrol,7,9.29,144,1076,81,Medium,City,1,21.8
Truck,Petrol,5,4.28,858,7852,6281,Low,Mixed,1,266.98
Van,Petrol,6,11.5,324,1414,664,High,Highway,0,40.32
Bus,Diesel,9,4.48,199,0,0,Low,Mixed,0,52.01
Van,Diesel,11,11.96,489,1062,707,High,Mixed,0,61.64
Mini Truck,Diesel,2,7.31,643,1156,300,High,Mixed,0,120.77
Mini Truck,Diesel,6,9.71,430,2236,1730,Low,Highway,1,54.51
Truck,Petrol,2,5.38,650,7275,2483,High,Mixed,0,169.32
Truck,Petrol,10,4.42,784,10158,4502,High,Highway,1,257.32
Truck,Petrol,3,5.03,436,7467,41,Low,Highway,1,93.26
Van,Petrol,5,11.77,119,1800,651,Low,Highway,0,11.5
Bus,Diesel,2,4.22,670,1,1,High,City,1,255.59
Mini Truck,Diesel,6,7.36,175,2418,1820,Medium,Mixed,1,32.73
Van,Diesel,11,11.34,696,1325,66,High,Highway,1,86.69
Bus,Diesel,4,4.5,318,1,1,Medium,City,1,106.63
Truck,Diesel,10,4.75,445,8761,7070,Low,City,1,134.14
Van,Petrol,9,9.79,146,1743,1740,Low,City,0,21.82
Van,Diesel,10,10.74,816,825,785,High,City,1,129.92
Bus,Diesel,7,4.8,808,1,1,Medium,Mixed,0,241.58
Bus,Petrol,4,4.72,313,1,1,Medium,Highway,0,88.73
Mini Truck,Petrol,1,8.13,691,2368,1900,Low,Mixed,0,104.01
Mini Truck,Petrol,7,7.64,653,3606,118,Low,Highway,0,90.25
Mini Truck,Diesel,6,8.44,660,1681,1165,Medium,Mixed,0,108.52
Bus,Diesel,12,4.2,890,1,0,Low,City,1,279.33
Van,Diesel,8,14.62,155,909,330,Medium,Highway,0,12.9
Van,Petrol,8,10.47,267,1735,908,Low,City,0,35.36
Bus,Diesel,4,3.92,27,0,0,High,Highway,1,9.69
Mini Truck,Petrol,2,9.13,752,2065,495,High,Mixed,0,112.82
Mini Truck,Petrol,12,6.24,392,2631,163,Medium,Mixed,1,88.11
Mini Truck,Diesel,2,6.58,759,2075,457,Low,City,1,144.53
Bus,Diesel,4,4.59,290,0,0,Low,City,0,76.3
Mini Truck,Petrol,4,9.03,725,2402,1209,Medium,City,1,114.93
Bus,Petrol,10,3.07,171,0,0,High,City,0,82.2
Van,Petrol,10,11.18,987,1096,628,High,Highway,1,131.89
Mini Truck,Petrol,11,7.18,170,3847,526,High,City,1,37.42
Bus,Diesel,1,4.7,618,1,0,Low,City,1,159.75
Mini Truck,Petrol,10,9.6,621,2409,638,High,City,1,102.7
Mini Truck,Petrol,11,6.68,199,3151,1974,Medium,City,0,43.44
Truck,Petrol,4,3.93,304,6675,1229,High,Mixed,0,105.21
Van,Petrol,8,11.76,880,1807,24,High,Mixed,0,102.19
Van,Petrol,11,9.2,994,1782,202,Medium,Mixed,0,139.22
Bus,Diesel,1,3.89,270,0,0,Medium,Mixed,0,85.06
Van,Diesel,12,13.3,643,863,41,Medium,Mixed,1,64.36
Truck,Diesel,12,5.49,944,4043,3711,Low,Mixed,1,243.08
Truck,Diesel,4,3.73,120,10819,7606,High,Highway,1,45.88
Truck,Diesel,8,3.35,222,4366,3899,Low,Mixed,0,87.89
Mini Truck,Petrol,10,6.04,757,2760,456,Medium,Mixed,0,165.13
Mini Truck,Diesel,5,9.02,524,3463,1108,High,Highway,1,81.06
Mini Truck,Petrol,11,7.2,369,3179,1019,Medium,Mixed,1,70.93
Mini Truck,Diesel,3,7.95,501,2307,2087,Medium,Highway,0,81.27
Truck,Petrol,11,3.91,673,10261,5610,High,Mixed,0,259.97
Van,Diesel,4,10.28,347,1527,625,High,City,0,49.78
Bus,Diesel,10,4.34,216,1,0,Medium,Highway,0,61.65
Van,Petrol,9,14.89,827,1838,1219,Medium,Mixed,1,80.53
Van,Petrol,8,14.61,168,1121,759,Medium,City,1,18.15
Bus,Petrol,5,3.85,25,1,1,Medium,Highway,1,9.76
Bus,Diesel,8,4.53,858,0,0,High,Highway,0,247.63
Bus,Petrol,6,3.05,353,1,1,High,Mixed,0,178.45
Van,Petrol,5,9.64,353,997,164,High,City,1,53.36
Truck,Petrol,12,5.88,306,10979,4093,High,Mixed,1,80.47
Truck,Diesel,1,4.92,398,7522,4406,Medium,City,0,109.67
Mini Truck,Diesel,12,6.3,864,4000,1694,Low,Highway,1,170.28
Van,Diesel,8,10.47,801,1672,1119,High,City,1,124.68
Truck,Diesel,2,5.61,893,8143,7841,Medium,City,0,231.23
Van,Petrol,8,10.37,223,1241,682,High,Mixed,1,32.9
Bus,Diesel,3,3.24,425,1,1,Medium,Highway,0,172.21
Bus,Diesel,10,3.87,536,0,0,Medium,Mixed,1,186.25
Bus,Petrol,11,3.13,598,0,0,Low,Mixed,0,227.64
Van,Diesel,10,14.53,215,1749,1331,Low,Mixed,1,23.35
Bus,Petrol,8,4.78,686,0,0,Medium,Highway,0,170.03
Bus,Petrol,9,4.56,431,1,0,High,City,0,135.88
Mini Truck,Diesel,1,6.9,285,2749,616,Low,Mixed,1,49.66
Mini Truck,Diesel,10,9.7,610,3928,3552,Low,Highway,0,79.87
Van,Petrol,3,9.61,987,1592,1232,Low,Highway,1,126.78
Truck,Petrol,6,5.79,330,6421,1652,Low,City,1,75.26
Van,Diesel,6,9.16,874,1400,252,Medium,Highway,1,118.38
Van,Petrol,1,11.68,230,1317,406,Medium,Mixed,0,23.06
Truck,Diesel,9,5.74,186,11462,1993,Low,Highway,1,37.7
Bus,Petrol,7,3.38,838,0,0,High,City,1,368.39
Bus,Diesel,8,3.03,429,1,1,Low,City,1,206.02
Bus,Diesel,7,4.89,738,1,0,Low,Mixed,1,181.81
Mini Truck,Diesel,5,8.92,164,2324,185,Low,Highway,0,21.57
Van,Diesel,3,13.17,630,579,62,Low,Mixed,1,56.89
Bus,Petrol,3,3.84,978,0,0,High,Highway,0,316.92
Bus,Diesel,3,3.06,333,0,0,Medium,Mixed,1,137.65
Bus,Petrol,1,4.57,930,1,0,Medium,Highway,0,227.32
Mini Truck,Diesel,9,7.51,557,3451,2959,Low,Highway,0,91.56
Truck,Petrol,4,3.28,507,4086,460,Medium,City,1,210.1
Van,Diesel,5,11.86,350,1026,262,High,Mixed,1,42.69
Truck,Petrol,8,5.25,244,6215,1030,High,Highway,0,60.86
Van,Diesel,12,9.57,928,1327,578,High,Highway,0,138.32
Van,Petrol,3,13.38,747,1116,673,Medium,Mixed,1,76.26
Van,Petrol,7,11.25,774,797,593,Low,Mixed,1,92.28
Truck,Diesel,3,3.04,833,3558,3421,Low,Highway,1,342.29
Bus,Diesel,10,3.96,663,1,0,High,City,1,253.96
Van,Petrol,10,10.58,782,1400,241,Medium,Mixed,1,101.46
Bus,Diesel,5,3.68,699,1,1,Low,Mixed,1,257.88
Bus,Diesel,6,3.85,576,0,0,Low,Highway,0,160.66
Mini Truck,Diesel,2,8.2,914,2211,517,Medium,City,1,151.34
Mini Truck,Diesel,9,6.73,165,3092,798,High,Highway,0,33.53
Van,Petrol,9,12.61,900,810,576,High,Mixed,0,109.46
Bus,Diesel,12,4.89,403,0,0,Low,Highway,0,90.6
Van,Diesel,9,14.65,898,1748,868,Low,City,0,79.37
Mini Truck,Petrol,7,9.6,499,2725,1951,Medium,Highway,1,68.28
Truck,Diesel,5,5.13,965,8105,1710,High,Mixed,0,262.61
Truck,Petrol,3,3.43,420,5625,1986,Low,Mixed,1,149.16
Mini Truck,Diesel,4,9.34,991,1288,463,Medium,Highway,1,136.2
Truck,Diesel,4,4.33,355,7513,6230,Low,Mixed,0,103.38
Bus,Diesel,11,4.2,696,0,0,Medium,City,0,225.59
Mini Truck,Diesel,2,9.52,916,3949,1398,Medium,Highway,1,120.56
Bus,Diesel,11,3.93,917,0,0,High,Mixed,1,343.07
Bus,Diesel,9,3.21,910,1,0,High,City,1,430.54
Mini Truck,Diesel,11,6.42,946,2147,1129,Medium,Mixed,1,212.85
Mini Truck,Petrol,6,6.33,268,1414,994,High,City,0,67.13
Mini Truck,Petrol,2,9.99,594,3902,1998,High,Mixed,1,87.65
Mini Truck,Diesel,10,6.43,609,3632,403,Low,Highway,0,107.01
Bus,Petrol,7,4.44,375,0,0,High,City,1,125.18
Truck,Petrol,11,5.23,241,10074,420,High,Highway,0,60.65
Bus,Diesel,5,4.84,766,0,0,Medium,City,1,213.65
Bus,Petrol,4,3.55,352,0,0,Medium,Mixed,1,125.72
Van,Diesel,9,13.62,349,1620,1327,High,City,1,41.93
Van,Petrol,2,11.0,777,1762,1102,Low,City,1,94.96
Truck,Diesel,11,4.22,210,11146,10477,Medium,Highway,1,72.27
Mini Truck,Petrol,6,9.22,192,2480,652,Medium,Highway,0,25.25
Van,Petrol,9,13.2,794,1647,606,High,Mixed,0,89.37
Mini Truck,Diesel,4,6.37,956,3914,2449,High,City,1,234.65
Van,Petrol,9,11.12,126,772,394,High,City,0,17.35
Bus,Diesel,8,4.65,581,0,0,Low,Mixed,1,150.32
Truck,Petrol,4,5.5,916,6587,2009,Low,City,0,205.09
Van,Diesel,5,10.46,878,542,494,Medium,City,0,122.79
Mini Truck,Diesel,9,8.32,929,3569,2357,Medium,Mixed,1,160.52
Bus,Petrol,7,3.74,347,0,0,High,City,0,135.42
Van,Petrol,12,10.48,151,1602,1185,Low,Mixed,1,20.69
Bus,Diesel,10,3.46,496,1,0,Medium,Mixed,0,182.26
Mini Truck,Petrol,8,8.36,42,1264,350,High,City,0,9.76
Bus,Petrol,12,3.3,997,1,0,High,City,1,466.73
Truck,Petrol,7,5.11,240,5184,3246,High,City,1,75.97
Bus,Petrol,4,4.14,804,1,0,High,Mixed,1,269.67
Truck,Diesel,12,5.26,648,4960,581,Low,Mixed,1,155.44
Van,Diesel,4,14.88,205,867,855,Low,Mixed,1,18.12
Truck,Petrol,2,3.28,737,9611,9404,High,City,1,364.44
Mini Truck,Petrol,3,9.39,338,1749,196,Medium,Highway,1,45.46
Bus,Petrol,2,3.37,252,1,0,Medium,Mixed,0,91.58
Bus,Petrol,2,4.05,920,0,0,High,Highway,0,281.09
Bus,Diesel,3,3.0,24,0,0,Medium,City,1,9.3
Truck,Petrol,2,5.87,655,6088,5214,Medium,Highway,0,142.35
Bus,Diesel,11,4.83,932,1,0,Medium,Mixed,0,246.8
Van,Petrol,1,12.73,846,1600,246,Medium,City,0,85.96
Bus,Diesel,10,4.04,529,0,0,Low,Mixed,0,154.33
Bus,Petrol,11,4.1,986,1,1,Low,Mixed,0,328.91
Bus,Diesel,6,3.28,833,1,0,Medium,Highway,1,305.38
Truck,Petrol,11,5.12,113,4618,4258,High,Mixed,1,36.5
Mini Truck,Diesel,5,7.28,319,2834,811,High,City,1,66.03
Mini Truck,Petrol,2,7.96,349,3012,427,High,City,1,62.85
Bus,Petrol,5,4.54,560,0,0,Low,Highway,0,126.07
Bus,Diesel,11,3.63,567,0,0,Low,Highway,1,181.16
Mini Truck,Diesel,6,9.86,776,1214,888,High,Mixed,0,119.52
Bus,Diesel,4,3.2,933,0,0,Low,Mixed,1,343.12
Truck,Diesel,8,3.62,964,3255,185,Medium,Highway,0,316.41
Bus,Diesel,4,4.32,419,1,0,Low,City,1,119.55
Truck,Diesel,3,4.8,964,7230,7224,Medium,Mixed,1,289.73
Van,Petrol,7,13.14,406,1351,847,Medium,Highway,1,39.98
Bus,Diesel,11,4.39,732,0,0,Medium,Highway,0,202.12
Truck,Diesel,2,3.48,207,11004,1089,High,City,0,84.66
Bus,Petrol,5,4.07,131,1,1,Low,City,0,45.89
Truck,Petrol,4,3.38,510,3584,1920,Low,Highway,0,171.35
Truck,Petrol,3,3.25,466,4104,1980,High,City,1,220.12
Van,Petrol,10,13.61,805,1857,1031,Low,Highway,1,72.88
Truck,Diesel,3,4.02,378,7109,1437,Medium,Highway,0,108.68
Mini Truck,Petrol,3,9.79,250,3070,260,Low,Mixed,0,28.46
Bus,Petrol,1,4.74,883,0,0,Low,Mixed,1,212.81
Van,Diesel,9,14.79,721,616,114,Low,City,0,63.17
Van,Petrol,6,9.23,259,712,700,Low,City,0,37.96
Truck,Petrol,10,3.36,663,6678,6243,Low,Mixed,0,267.83
Truck,Petrol,10,4.93,650,7627,5616,Medium,City,0,195.14
Mini Truck,Petrol,6,9.92,510,3607,1863,Low,City,1,69.53
Van,Diesel,5,12.82,283,857,397,Low,City,0,27.43
Mini Truck,Petrol,3,6.17,892,2680,2217,Low,City,0,189.21
Bus,Diesel,7,3.84,771,1,1,Medium,City,1,312.27
Mini Truck,Petrol,6,7.3,760,2633,545,High,Highway,0,138.02
Van,Diesel,10,10.17,822,1993,1350,High,City,1,132.37
Mini Truck,Petrol,11,7.23,501,2609,578,Low,Mixed,1,88.77
Bus,Petrol,1,3.4,695,1,0,Medium,Mixed,1,254.09
Van,Petrol,1,13.16,703,1290,1162,Low,City,0,68.75
Mini Truck,Diesel,3,7.65,908,2919,1006,High,Highway,1,161.03
Bus,Diesel,11,3.19,107,0,0,Low,Highway,0,38.19
Bus,Diesel,6,4.86,781,1,0,Low,Highway,1,176.87
Truck,Petrol,10,5.73,366,10317,7783,High,Highway,1,96.53
Bus,Diesel,9,3.32,187,0,0,Medium,Highway,1,68.22
Van,Petrol,12,14.9,945,1913,1736,Low,Highway,0,81.95
Mini Truck,Diesel,1,6.54,408,2560,1936,Medium,Highway,0,77.7
Bus,Petrol,10,4.14,523,1,0,High,Mixed,1,181.24
Bus,Diesel,6,3.14,659,0,0,Medium,Mixed,1,272.13
Van,Diesel,11,10.18,319,1798,656,High,Highway,1,44.42
Mini Truck,Diesel,10,9.56,393,2711,692,Medium,Highway,1,52.3
Truck,Petrol,6,5.72,264,3852,2659,High,City,1,74.28
Mini Truck,Petrol,6,6.16,695,3689,1876,Low,City,0,148.22
Van,Diesel,12,12.44,224,1119,779,Medium,City,1,26.61
Truck,Petrol,12,4.13,894,9009,8398,Medium,City,1,343.78
Van,Petrol,12,10.57,308,895,500,Medium,Highway,1,40.45
Truck,Petrol,9,5.69,151,3376,3320,Low,Highway,0,34.46
Van,Petrol,2,9.92,109,985,797,Low,Highway,0,13.02
Bus,Diesel,3,4.17,824,1,1,High,Highway,0,282.13
Truck,Diesel,4,5.75,113,4329,1520,High,Highway,0,25.01
Mini Truck,Diesel,4,6.2,348,1325,792,High,Mixed,0,81.36
Mini Truck,Diesel,12,9.95,210,3479,2892,Medium,City,0,30.79
Mini Truck,Diesel,9,6.03,289,1720,404,Low,Mixed,0,54.6
Truck,Diesel,4,3.56,186,8265,3730,Medium,Mixed,1,71.12
Mini Truck,Petrol,4,7.71,563,2412,986,Low,Mixed,1,91.89
Bus,Diesel,2,3.12,944,1,1,High,Highway,1,441.93
Truck,Petrol,1,5.93,622,4445,2608,Medium,Mixed,0,134.69
Bus,Petrol,8,3.72,531,1,1,Medium,City,1,223.42
Van,Diesel,10,10.02,439,1914,722,Medium,City,1,66.78
Mini Truck,Petrol,8,7.81,788,1581,1511,Medium,City,0,151.57
Van,Petrol,7,14.94,429,1794,305,Medium,Highway,1,35.04
Van,Diesel,10,14.68,36,944,97,Medium,City,0,3.14
Bus,Petrol,4,3.04,330,1,0,High,City,0,154.71
Van,Petrol,10,13.34,990,1386,891,Low,City,0,100.58
Bus,Diesel,2,4.91,164,1,1,Low,Mixed,1,43.46
Van,Petrol,8,9.08,366,1130,324,High,City,1,61.96
Truck,Diesel,9,3.85,398,9117,2099,High,City,0,154.07
Truck,Petrol,6,4.25,724,6431,2672,Low,City,1,227.53
Bus,Petrol,10,4.59,943,0,0,Low,City,0,258.76
Van,Diesel,8,12.38,543,539,320,Low,City,0,59.02
Bus,Diesel,9,3.98,480,1,0,Medium,Highway,1,149.24
Van,Petrol,1,11.84,23,957,648,Medium,City,1,2.43
Van,Petrol,6,11.91,224,1143,1098,High,Highway,0,25.45
Bus,Diesel,12,4.77,829,1,0,Medium,City,0,239.16
Bus,Petrol,4,3.29,49,0,0,High,Mixed,1,20.61
Truck,Petrol,8,5.33,660,5418,3659,Medium,Mixed,0,170.86
Mini Truck,Petrol,2,9.75,222,2867,1130,High,Mixed,1,36.64
Bus,Diesel,10,3.26,146,0,0,Low,City,1,58.58
Bus,Diesel,6,4.66,663,1,0,Medium,Mixed,1,182.63
Mini Truck,Diesel,6,8.45,351,1141,579,High,Mixed,0,59.77
Truck,Diesel,8,3.19,175,4112,1146,Low,Mixed,0,67.77
Van,Diesel,6,14.83,442,1192,166,Medium,Highway,1,36.95
Mini Truck,Diesel,9,7.67,581,2621,634,Low,Highway,1,87.93
Van,Diesel,5,10.36,44,615,571,Low,Mixed,0,6.61
Mini Truck,Diesel,1,6.88,176,1952,1945,Low,Mixed,1,32.95
Bus,Petrol,11,4.34,542,0,0,Medium,City,0,172.09
Mini Truck,Diesel,1,6.8,255,1147,427,High,City,0,55.56
Bus,Diesel,10,4.76,426,0,0,Low,Highway,0,97.91
Bus,Petrol,9,3.75,874,1,0,Low,Mixed,1,285.88
Bus,Diesel,6,4.8,686,1,0,Medium,City,0,187.3
Mini Truck,Petrol,4,6.74,843,1170,793,Low,Mixed,0,156.37
Van,Petrol,12,13.05,330,1714,1674,Medium,City,0,39.67
Van,Petrol,4,12.07,241,1134,25,Low,City,0,22.82
Mini Truck,Petrol,12,7.31,791,2600,2465,Low,City,1,160.53
Bus,Diesel,2,4.23,893,0,0,Low,Mixed,0,233.46
Truck,Petrol,1,3.91,119,9249,2613,Low,City,0,36.45
Van,Petrol,12,14.26,447,655,286,High,Highway,1,45.55
Truck,Diesel,5,3.43,143,10486,3353,High,Mixed,0,57.54
Mini Truck,Diesel,1,6.45,486,3968,961,High,Mixed,1,106.27
Bus,Diesel,12,4.13,768,0,0,High,Highway,0,251.66
Truck,Petrol,11,4.13,462,3608,2037,Medium,City,0,162.22
Truck,Diesel,11,3.19,308,7601,5815,High,City,0,156.22
Bus,Diesel,11,3.54,260,0,0,High,City,0,110.4
Truck,Petrol,9,5.86,752,11004,3793,High,Highway,1,182.39
Bus,Diesel,10,3.73,402,1,0,High,City,0,158.97
Bus,Petrol,7,3.35,498,1,1,Medium,City,0,221.71
Mini Truck,Petrol,6,9.85,279,1354,1233,Low,City,1,40.85
Mini Truck,Petrol,9,9.45,371,1672,87,High,Mixed,0,54.71
Bus,Diesel,10,3.28,864,0,0,High,City,0,388.4
Mini Truck,Diesel,9,8.18,609,3128,425,Low,City,0,95.56
Van,Petrol,8,9.7,836,1998,1713,Medium,Mixed,1,129.31
Mini Truck,Diesel,10,7.4,251,2671,435,High,Mixed,1,50.87
Van,Diesel,12,9.0,527,1533,220,Low,Highway,1,70.41
Van,Petrol,5,13.95,118,1609,1307,Low,Highway,0,10.35
Truck,Petrol,2,3.62,279,4168,549,Medium,Highway,1,91.58
Bus,Petrol,1,4.4,417,1,1,Medium,Highway,1,127.4
Mini Truck,Petrol,11,8.46,52,1171,1006,Medium,City,1,9.26
Truck,Petrol,12,4.42,808,9287,8831,Low,City,1,272.79
Mini Truck,Diesel,7,6.15,506,2996,355,Medium,Mixed,0,106.18
Truck,Diesel,12,5.49,408,4540,3724,High,City,0,120.5
Mini Truck,Diesel,6,7.24,482,3883,3500,Low,Mixed,1,91.39
Truck,Diesel,11,3.39,475,3462,2073,Low,Mixed,0,183.42
Mini Truck,Petrol,12,8.26,761,3194,2677,Low,City,0,130.76
Mini Truck,Diesel,8,7.17,317,1666,81,High,City,1,64.16
Truck,Diesel,2,3.6,25,10966,4080,Medium,Mixed,0,8.07
Mini Truck,Diesel,5,6.73,885,2392,2390,Medium,Highway,1,183.01
Truck,Diesel,3,3.42,528,3387,1794,Medium,Mixed,1,209.22
Truck,Petrol,11,4.63,54,9858,7760,Medium,City,1,16.9
Truck,Diesel,2,3.79,430,8859,7776,High,Highway,0,158.01
Truck,Diesel,3,3.26,221,6060,5444,Medium,Mixed,1,97.39
Bus,Petrol,2,4.94,616,0,0,Medium,Highway,0,140.32
Van,Diesel,3,10.8,31,1936,800,Medium,Highway,0,3.17
Truck,Petrol,10,4.59,850,7969,7212,Low,City,0,261.21
Mini Truck,Diesel,4,8.66,239,2959,1960,Low,Highway,1,32.9
Truck,Diesel,11,3.38,901,11353,2382,Low,City,0,344.84
Van,Diesel,11,13.52,980,1781,740,Low,City,1,102.32
Truck,Petrol,1,5.61,217,9465,453,High,Mixed,1,52.55
Mini Truck,Petrol,10,9.35,949,1920,1533,Low,City,1,147.99
Van,Diesel,10,12.13,463,1518,153,High,Highway,1,54.81
Truck,Diesel,12,5.67,60,5384,5254,Medium,City,1,18.08
Bus,Petrol,11,4.61,876,1,1,High,Mixed,1,311.12
Bus,Petrol,9,3.98,500,0,0,Medium,Highway,1,156.26
Bus,Diesel,5,4.26,628,1,1,High,Highway,1,221.1
Bus,Diesel,10,3.38,865,1,0,Medium,Mixed,1,339.29
Bus,Petrol,10,3.85,806,0,0,High,Highway,1,287.2
Van,Petrol,12,12.26,837,1157,418,Medium,Mixed,0,91.78
Truck,Petrol,11,3.74,928,8527,2999,High,City,1,396.77
Van,Petrol,8,13.3,570,1663,940,Medium,Highway,1,56.52
Truck,Petrol,2,5.9,88,9440,53,Low,City,1,18.45
Mini Truck,Petrol,9,8.27,72,1815,544,Medium,Mixed,1,12.3
Truck,Petrol,7,4.16,205,4956,1144,Low,City,0,61.86
Truck,Diesel,5,3.32,150,11769,4397,Low,Mixed,1,57.06
Van,Diesel,11,12.4,365,520,114,High,Mixed,1,43.57
Bus,Petrol,4,3.46,880,1,1,Low,Highway,0,311.33
Bus,Diesel,3,4.61,574,1,0,High,Highway,0,154.02
Truck,Petrol,8,3.37,436,7033,6925,Low,Highway,1,169.28
Van,Diesel,4,10.68,707,506,122,Medium,City,1,93.91
Mini Truck,Diesel,4,6.4,749,1335,836,Medium,City,0,162.96
Mini Truck,Petrol,1,8.17,922,2112,840,High,City,1,168.64
Bus,Petrol,1,4.0,641,1,1,Low,City,0,215.35
Truck,Petrol,3,5.36,341,6393,1785,Medium,City,1,88.03
Van,Petrol,4,11.28,722,1461,49,High,Highway,0,81.46
Mini Truck,Diesel,7,8.29,40,2472,1560,Medium,City,1,7.75
Mini Truck,Diesel,7,7.02,395,1936,551,Medium,City,0,77.92
Van,Diesel,10,12.87,849,1726,1087,Low,Highway,1,84.67
Bus,Diesel,4,3.18,114,0,0,High,Mixed,0,48.53
Bus,Diesel,9,4.86,320,1,0,Low,City,1,84.65
Van,Diesel,7,10.87,257,1566,136,Low,Mixed,0,28.37
Van,Petrol,9,11.82,261,1366,343,Low,Highway,0,27.35
Truck,Diesel,5,5.45,147,5928,4374,Medium,Mixed,1,37.95
Van,Diesel,9,14.59,28,1003,805,Medium,Highway,1,2.0
Truck,Diesel,7,3.4,179,3792,1921,Low,Highway,1,65.09
Bus,Petrol,4,3.91,750,0,0,Low,Highway,0,199.34
Truck,Petrol,3,3.0,838,10549,8665,Medium,Mixed,1,390.65
Mini Truck,Petrol,11,9.77,755,2449,2365,High,City,1,132.68
Mini Truck,Diesel,9,9.43,231,1517,74,Low,Mixed,1,29.46
Bus,Diesel,10,4.81,326,1,1,Medium,Highway,1,96.81
Mini Truck,Diesel,1,6.86,170,3615,3073,Medium,Mixed,0,33.68
Bus,Petrol,4,3.28,945,0,0,Medium,City,1,386.3
Mini Truck,Petrol,12,7.86,153,1838,948,Medium,Highway,0,26.41
Van,Diesel,5,11.24,951,1217,952,Medium,Mixed,1,119.69
Truck,Petrol,6,5.46,976,10816,663,Medium,Highway,1,218.88
Bus,Diesel,5,4.84,31,0,0,Low,Highway,1,6.73
Truck,Diesel,9,3.66,44,11537,6082,Medium,City,1,18.74
Mini Truck,Petrol,10,7.31,840,2507,208,High,Mixed,0,163.33
Mini Truck,Petrol,7,9.05,766,1148,1122,High,Mixed,0,129.73
Van,Petrol,6,12.96,293,1400,1300,Low,Highway,0,29.05
Truck,Petrol,5,4.18,330,3686,180,Low,Highway,0,82.95
Mini Truck,Diesel,7,9.2,580,1621,874,High,City,0,97.87
Truck,Diesel,3,5.58,514,7350,5957,Low,Highway,1,113.36
Van,Petrol,2,9.48,651,1441,701,High,City,1,107.11
Bus,Petrol,11,4.33,703,0,0,High,Mixed,1,236.77
Van,Diesel,1,11.6,982,1057,672,High,City,1,130.33
Mini Truck,Diesel,10,7.2,863,2055,436,Low,Mixed,0,145.99
Van,Diesel,8,14.43,537,701,555,Medium,City,1,56.3
Mini Truck,Petrol,5,6.32,512,1665,1276,High,Highway,1,119.07
Truck,Petrol,7,5.45,504,5523,3393,Low,City,1,125.73
Truck,Petrol,4,4.46,622,11058,6493,Low,City,1,186.41
Van,Petrol,4,12.66,183,837,344,High,City,1,20.89
Truck,Diesel,2,3.25,573,3139,614,Medium,City,0,231.26
Van,Diesel,1,11.83,318,566,136,Medium,Mixed,1,36.55
Truck,Diesel,3,5.68,59,8409,1637,High,Highway,0,13.22
Truck,Diesel,3,5.69,293,11034,1761,High,City,0,73.37
Bus,Diesel,2,3.92,678,1,0,High,Mixed,0,228.39
Mini Truck,Diesel,12,7.13,700,2611,1387,Low,Mixed,1,133.5
Mini Truck,Petrol,9,7.23,854,3676,2890,Medium,City,0,173.88
Bus,Petrol,4,3.48,740,0,0,Low,Highway,0,221.44
Truck,Diesel,3,3.32,172,10355,2066,High,Highway,1,70.38
Bus,Petrol,10,3.48,439,1,1,Low,Mixed,1,178.47
Van,Petrol,11,9.2,216,820,400,Medium,Highway,0,30.7
Truck,Petrol,7,3.56,694,11152,7594,Medium,Mixed,1,278.52
Mini Truck,Diesel,6,8.98,694,3897,1729,Medium,Mixed,0,98.76
Truck,Diesel,5,4.25,171,10977,5481,Low,Highway,0,46.68
Mini Truck,Petrol,4,8.88,809,2711,157,Low,Mixed,1,106.76
Bus,Petrol,6,3.01,236,1,0,Low,City,1,96.59
Mini Truck,Diesel,7,9.08,60,3995,3277,Medium,Mixed,1,10.18
Mini Truck,Diesel,5,7.33,662,2668,2413,Low,City,1,129.24
Mini Truck,Diesel,6,9.34,291,1912,920,Medium,Mixed,0,41.17
Van,Petrol,7,10.59,61,1586,469,Low,City,0,8.48
Mini Truck,Diesel,7,6.19,568,1311,560,High,City,0,141.13
Bus,Diesel,8,4.98,566,0,0,High,Mixed,1,164.1
Truck,Diesel,7,4.68,578,8383,2903,High,Highway,0,168.99
Mini Truck,Diesel,6,8.59,121,2965,84,Low,Mixed,1,17.72
Van,Petrol,11,10.54,228,831,436,High,Highway,1,31.99
Truck,Petrol,5,5.99,90,11989,10469,Low,Highway,0,16.22
Truck,Diesel,2,5.34,136,7424,1466,Medium,City,0,32.95
Mini Truck,Diesel,8,8.67,384,2139,341,Low,City,0,54.74
Mini Truck,Diesel,9,9.78,952,3970,74,High,Highway,0,130.45
Van,Diesel,6,9.96,218,1912,1095,Medium,Mixed,1,30.28
Truck,Petrol,7,5.38,846,10084,1696,High,City,0,231.35
Van,Diesel,10,12.82,734,1700,1531,Low,Mixed,0,77.5
Mini Truck,Petrol,7,7.29,941,2510,815,Low,Highway,1,152.17
Van,Diesel,10,11.13,684,1861,762,Medium,City,0,89.53
Bus,Petrol,2,3.27,628,0,0,High,Mixed,0,252.76
Van,Petrol,8,12.32,799,1629,1486,Medium,Highway,0,87.41
Bus,Diesel,5,4.07,59,1,1,Low,Highway,1,17.66
Van,Petrol,7,15.0,890,1074,696,Medium,Highway,1,77.72
Truck,Petrol,5,5.22,46,9666,372,Medium,City,0,10.78
Truck,Diesel,9,4.81,136,4640,2969,Low,City,1,39.69
Bus,Diesel,3,4.15,257,0,0,Low,City,1,75.66
Truck,Petrol,9,4.97,790,4645,3306,Low,City,1,224.58
Truck,Petrol,5,5.22,116,5242,563,High,Highway,0,26.96
Mini Truck,Diesel,8,9.24,129,2662,2219,Medium,Highway,0,18.47
Truck,Petrol,3,3.56,501,4701,137,Low,Mixed,0,155.14
Van,Diesel,7,9.03,610,1571,559,High,Highway,1,95.76
Van,Diesel,7,10.27,217,1865,795,High,City,1,33.2
Van,Petrol,10,11.47,295,1684,589,Low,Mixed,0,30.22
Mini Truck,Petrol,11,8.42,137,1005,1001,Medium,Mixed,0,23.54
Bus,Diesel,10,3.37,707,0,0,Low,Highway,0,229.87
Van,Diesel,12,9.28,156,647,404,Low,City,0,23.62
Truck,Diesel,12,3.33,129,3225,1693,Medium,Highway,1,54.47
Van,Diesel,12,12.89,352,752,377,Medium,City,1,38.99
Mini Truck,Diesel,11,6.58,212,2594,1446,High,Mixed,0,48.8
Mini Truck,Petrol,5,7.75,463,2032,6,Medium,Highway,0,68.54
Truck,Petrol,9,3.87,922,9773,1809,Medium,Highway,1,304.16
Bus,Diesel,7,4.54,620,1,0,Medium,City,1,187.35
Van,Petrol,4,13.13,419,1064,976,Medium,Highway,1,42.34
Van,Petrol,3,9.1,517,980,660,Medium,Highway,0,70.7
Truck,Petrol,12,4.11,121,7174,5651,Medium,Mixed,1,42.96
Mini Truck,Diesel,2,8.27,940,1438,494,Medium,City,0,152.67
Van,Petrol,9,9.02,806,540,335,High,Mixed,1,138.68
Bus,Diesel,8,3.39,770,0,0,Medium,Mixed,1,299.83
Bus,Petrol,10,3.4,118,1,1,Medium,City,0,53.03
Van,Petrol,1,14.15,797,1230,965,Low,Mixed,1,71.31
Mini Truck,Diesel,7,9.83,125,1067,156,High,Highway,0,14.92
Mini Truck,Diesel,4,7.87,94,3191,3025,Low,Mixed,1,13.85
Van,Diesel,12,10.29,57,1259,198,Medium,Highway,1,5.29
Truck,Petrol,11,4.77,115,10370,3425,Medium,Highway,0,30.93
Truck,Petrol,10,4.61,507,6951,361,High,City,0,163.31
Truck,Petrol,4,5.39,110,8418,1639,High,Mixed,0,26.16
Bus,Diesel,7,4.39,589,1,1,High,Highway,0,198.3
Truck,Diesel,11,3.83,259,5819,1285,High,Highway,0,92.05
Van,Diesel,4,9.8,697,1443,125,Medium,Highway,0,82.36
Truck,Diesel,12,5.74,662,6345,3003,Medium,Mixed,1,167.46
Van,Diesel,3,11.84,403,515,175,Low,Mixed,0,40.94
Mini Truck,Diesel,2,9.06,177,1867,149,Medium,Highway,1,22.82
Van,Diesel,5,13.28,925,1961,1136,High,Mixed,1,103.71
Mini Truck,Diesel,10,8.13,996,3323,883,Medium,City,0,168.66
Mini Truck,Petrol,6,7.04,837,1877,1502,Low,Highway,1,148.23
Bus,Petrol,9,3.93,915,0,0,High,Highway,0,304.75
Truck,Diesel,12,5.1,510,4854,4588,Medium,Mixed,0,145.83
Truck,Diesel,9,5.63,949,5071,1970,Low,Mixed,0,208.85
Van,Diesel,6,12.15,287,691,265,Medium,Mixed,0,31.01
Van,Diesel,7,11.94,842,920,143,Low,Mixed,0,82.8
Van,Petrol,2,11.53,102,1798,1119,High,City,1,12.95
Van,Petrol,6,9.18,813,523,27,High,Mixed,0,121.47
Truck,Diesel,6,3.49,724,4328,676,Low,City,0,257.38
Mini Truck,Petrol,1,9.15,756,3477,105,Low,City,1,99.11
Mini Truck,Diesel,9,8.58,183,2196,1068,Low,Mixed,0,28.51
Mini Truck,Petrol,8,8.09,199,1313,308,Medium,Mixed,0,31.91
Bus,Petrol,8,3.08,46,1,1,Low,Mixed,0,20.04
Truck,Petrol,4,4.13,390,8594,1453,High,Mixed,1,134.98
Van,Petrol,7,12.38,172,982,422,Medium,Mixed,0,18.72
Bus,Petrol,11,3.1,823,1,0,High,City,0,394.06
Truck,Petrol,1,4.22,636,6938,3360,High,Mixed,1,218.45
Bus,Diesel,10,4.56,148,0,0,Low,Highway,1,36.59
Truck,Diesel,7,3.76,931,11660,2035,High,Mixed,0,347.43
Bus,Petrol,11,3.35,921,1,1,Low,Mixed,0,375.28
Mini Truck,Diesel,9,8.59,268,2637,1096,Low,Mixed,0,38.97
Van,Petrol,10,13.07,554,1986,349,High,Mixed,1,62.76
Mini Truck,Petrol,3,6.08,397,2719,534,High,Mixed,1,92.17
Van,Diesel,5,14.76,493,1015,84,Low,City,1,42.09
Mini Truck,Diesel,6,9.78,907,2530,1190,Low,Highway,1,108.54
Van,Petrol,6,12.26,216,882,300,High,Highway,0,22.97
Mini Truck,Petrol,5,7.64,545,2146,1190,High,Mixed,0,103.53
Van,Diesel,6,10.45,551,1928,1025,Low,City,1,71.67
Van,Petrol,10,13.99,58,626,348,Medium,Mixed,0,4.49
Bus,Diesel,4,4.83,803,0,0,Medium,Highway,1,199.36
Bus,Diesel,7,4.46,845,0,0,Low,Highway,0,201.68
Mini Truck,Petrol,12,9.51,69,1506,1114,High,Highway,0,11.85
Truck,Diesel,8,3.65,251,9635,5292,Low,City,0,91.89
Truck,Diesel,10,5.28,418,11137,5364,Low,City,1,109.0
Truck,Diesel,3,3.63,50,3435,3320,High,Highway,1,22.43
Mini Truck,Diesel,9,6.51,966,3446,2145,Low,Highway,1,184.35
Bus,Petrol,11,4.41,862,1,1,High,Highway,1,306.03
Truck,Diesel,7,4.1,927,8665,2194,Low,Highway,1,264.73
Truck,Diesel,9,4.92,572,7699,891,Medium,Highway,0,139.97
Mini Truck,Petrol,6,9.35,794,3402,570,Medium,Highway,0,102.74
Van,Diesel,10,12.61,265,802,75,Medium,City,1,29.47
Bus,Petrol,2,3.18,732,0,0,High,Mixed,1,315.7
Van,Petrol,12,9.26,816,1251,43,Medium,Highway,1,112.77
Mini Truck,Petrol,7,9.87,730,1189,1063,Low,Highway,0,90.88
Mini Truck,Diesel,1,9.78,926,1226,1065,Low,City,1,130.34
Mini Truck,Diesel,1,7.55,94,3805,1866,Medium,Mixed,0,16.87
Truck,Diesel,4,3.76,73,8579,5829,Medium,Mixed,0,23.96
Mini Truck,Diesel,8,8.51,801,2987,1738,High,Mixed,0,141.32
Van,Petrol,5,13.5,267,582,118,Medium,Mixed,0,23.05
Mini Truck,Diesel,6,7.19,954,2953,2732,High,Mixed,0,203.79
Mini Truck,Diesel,4,6.93,761,2533,2517,Low,Highway,0,135.2
Bus,Petrol,12,4.39,539,0,0,Medium,Mixed,0,158.3
Bus,Petrol,10,3.36,751,0,0,Medium,City,0,301.25
Mini Truck,Petrol,10,8.29,870,2539,1214,High,Mixed,1,159.88
Truck,Petrol,3,4.61,672,8999,6293,High,Highway,0,200.3
Bus,Diesel,5,3.04,996,1,0,Low,Highway,0,343.64
Van,Diesel,5,13.68,597,1380,827,High,Highway,1,63.25
Truck,Petrol,3,4.19,802,4928,3745,Medium,Highway,1,253.62
Van,Diesel,5,12.37,552,1983,467,High,Highway,1,62.47
Bus,Diesel,9,3.28,876,0,0,Medium,Highway,1,330.5
Mini Truck,Diesel,3,9.61,464,3319,2498,Medium,Highway,0,60.85
Mini Truck,Petrol,9,8.71,292,2778,2707,Low,Mixed,1,44.76
Mini Truck,Petrol,7,8.52,595,1887,30,Medium,City,0,91.42
Van,Diesel,9,10.88,277,1189,246,Low,City,1,34.95
Van,Diesel,10,13.78,298,1136,1042,High,Highway,0,34.05
Van,Petrol,4,9.01,546,1867,1745,Medium,Mixed,1,85.68
Mini Truck,Diesel,1,6.47,226,2585,2063,Low,Highway,0,39.59
Bus,Diesel,1,4.89,646,1,0,High,City,0,182.28
Bus,Diesel,12,3.64,812,1,1,Low,Mixed,0,308.18
Mini Truck,Petrol,11,6.57,245,3989,1508,High,City,1,58.62
Truck,Petrol,8,4.33,186,7612,3200,Low,Mixed,1,55.74
Van,Petrol,7,13.03,372,1721,280,Low,Mixed,0,33.1
Mini Truck,Petrol,7,9.69,736,1659,1157,High,Highway,1,111.3
Truck,Petrol,9,5.02,219,7305,550,Low,Highway,1,50.98
Van,Diesel,3,14.73,752,1143,732,Low,Highway,1,61.03
Mini Truck,Diesel,8,8.18,30,1324,950,Low,Highway,0,3.91
Truck,Diesel,1,4.14,452,6585,6146,Low,Mixed,1,142.67
Van,Petrol,8,12.28,144,1206,770,Low,Highway,1,14.49
Truck,Petrol,5,3.79,192,3805,2973,High,City,0,78.62
Van,Petrol,5,12.06,302,693,441,Medium,Highway,0,31.36
Mini Truck,Diesel,11,7.0,501,1416,815,High,Highway,0,104.52
Mini Truck,Petrol,11,8.05,34,1764,153,Low,Mixed,0,5.77
Mini Truck,Diesel,2,8.51,195,2069,1719,High,Mixed,1,34.46
Mini Truck,Petrol,4,9.03,862,1948,1791,High,Highway,0,136.91
Van,Petrol,7,9.17,788,968,586,Medium,Mixed,0,116.38
Mini Truck,Petrol,7,8.72,509,1487,928,High,Highway,1,86.18
Mini Truck,Diesel,7,8.07,393,1600,31,Low,City,0,60.03
Truck,Diesel,3,3.67,710,8722,5372,Low,Highway,1,230.26
Bus,Diesel,6,4.08,723,1,0,Medium,City,0,232.68
Truck,Diesel,2,5.95,601,5273,2681,Medium,City,0,135.64
Bus,Diesel,7,4.25,995,1,0,Low,Highway,0,249.15
Bus,Diesel,10,4.38,698,0,0,High,City,1,240.8
Bus,Diesel,5,4.76,682,1,0,Low,City,1,179.27
Mini Truck,Petrol,1,8.78,385,2807,375,Low,Highway,1,49.61
Mini Truck,Petrol,8,6.78,46,3689,764,High,City,1,13.11
Mini Truck,Diesel,10,6.25,492,3571,2718,Medium,Mixed,1,116.25
Mini Truck,Diesel,10,8.3,529,2787,2071,High,Highway,0,93.26
Bus,Diesel,8,4.99,829,0,0,High,Mixed,1,235.41
Truck,Petrol,11,3.56,73,6890,3020,High,City,0,31.31
Bus,Petrol,7,4.46,602,1,1,Low,Highway,0,167.78
Van,Petrol,9,10.06,294,1201,767,Medium,Highway,1,38.85
Mini Truck,Petrol,4,6.56,210,3504,1204,High,Highway,0,42.11
Bus,Petrol,4,4.73,579,0,0,High,Highway,1,159.79
Mini Truck,Diesel,5,6.32,355,3787,3751,Low,Mixed,1,73.92
Mini Truck,Diesel,6,7.56,433,3357,703,High,Highway,0,76.37
Bus,Petrol,2,3.45,593,0,0,High,City,1,246.23
Bus,Diesel,11,3.98,992,1,1,High,City,0,414.04
Bus,Petrol,11,3.57,27,1,0,Low,City,0,12.02
Truck,Diesel,8,4.8,223,5700,384,High,Mixed,1,65.9
Van,Petrol,1,9.52,423,1245,430,Medium,Highway,1,51.27
Bus,Petrol,2,3.65,129,1,0,Low,Mixed,0,38.53
Bus,Diesel,7,3.95,263,0,0,Medium,City,1,92.54
Truck,Diesel,10,3.8,841,5452,5270,Low,City,0,317.5
Truck,Petrol,3,4.37,732,11670,1999,High,Mixed,1,234.85
Truck,Diesel,8,3.02,260,8914,2126,High,Mixed,1,127.4
Mini Truck,Diesel,3,9.74,458,3283,3177,Medium,Highway,1,63.12
Mini Truck,Petrol,9,7.77,161,2223,686,Medium,Mixed,1,28.38
Bus,Petrol,9,4.26,835,1,1,Medium,Mixed,1,297.19
Van,Diesel,5,14.75,851,743,84,High,City,1,84.18
Truck,Diesel,1,5.65,840,3702,638,Medium,City,0,192.24
Van,Diesel,4,9.79,909,737,333,Medium,Highway,0,113.96
Truck,Petrol,6,4.44,668,11548,3343,High,City,0,224.29
Truck,Petrol,5,3.85,651,11516,8598,Medium,City,1,251.11
Van,Petrol,12,14.94,479,954,433,High,City,1,52.36
Mini Truck,Diesel,12,6.03,776,2500,2110,High,Highway,1,197.96
Bus,Diesel,2,4.05,744,0,0,High,Highway,0,228.12
Van,Diesel,3,10.2,27,793,660,High,City,0,3.69
Truck,Petrol,12,3.02,270,4472,4256,Medium,City,1,143.01
Van,Diesel,12,12.32,565,1206,49,Low,City,1,60.43
Truck,Petrol,3,5.36,495,8735,7865,Medium,City,1,138.25
Bus,Petrol,3,3.76,353,0,0,Low,Mixed,0,104.17
Mini Truck,Petrol,11,8.22,421,3988,418,Low,Mixed,0,63.27
Mini Truck,Diesel,11,7.88,723,1259,936,Low,Highway,1,118.65
Van,Diesel,1,10.95,610,853,158,High,Mixed,0,72.71
Mini Truck,Diesel,2,8.93,675,2339,308,Medium,Highway,0,87.96
Van,Diesel,6,12.92,828,1938,500,High,Mixed,0,89.05
Bus,Petrol,5,3.84,774,1,1,High,City,0,321.72
Van,Petrol,5,10.48,287,540,340,Medium,Mixed,1,37.44
Truck,Diesel,8,4.81,211,10189,44,High,Highway,1,60.9
Truck,Diesel,1,3.99,952,10676,8634,Medium,Mixed,0,316.1
Van,Petrol,12,14.37,613,1169,283,High,Mixed,0,66.2
Van,Diesel,1,13.87,832,701,137,Medium,City,0,78.96
Van,Diesel,1,14.3,641,1043,1001,High,City,1,72.11
Bus,Diesel,12,4.48,209,1,1,Low,Mixed,1,66.65
Truck,Diesel,4,3.05,964,7949,1935,Medium,Mixed,0,399.79
Bus,Diesel,8,3.13,996,0,0,Low,Mixed,0,369.75
Truck,Diesel,11,4.73,114,8705,393,Medium,Highway,1,31.34
Bus,Diesel,1,4.22,953,0,0,Low,Mixed,1,258.11
Mini Truck,Diesel,4,8.75,643,3047,380,Low,Highway,1,81.86
Truck,Diesel,12,3.46,140,6395,1289,High,Mixed,1,60.71
Mini Truck,Petrol,11,6.56,809,1471,1240,High,Mixed,0,192.42
Truck,Diesel,7,4.21,62,5121,1480,Low,Mixed,0,17.47
Mini Truck,Diesel,12,7.37,468,3167,3112,Low,Highway,0,83.71
Truck,Petrol,10,3.58,233,9230,5526,High,Highway,0,93.64
Mini Truck,Petrol,9,6.41,122,2155,721,Low,City,0,21.22
Mini Truck,Diesel,6,9.44,354,3361,2723,Low,Highway,1,47.88
Mini Truck,Diesel,1,9.36,737,3422,793,Medium,City,1,106.67
Truck,Diesel,4,5.15,817,8656,2100,High,Mixed,1,227.42
Truck,Diesel,4,5.91,302,4943,1162,Low,City,1,65.06
Bus,Petrol,7,3.61,237,0,0,Low,City,0,81.44
Van,Diesel,3,14.94,146,610,432,Medium,Mixed,0,14.21
Mini Truck,Diesel,9,7.98,633,1247,340,High,Highway,1,110.85
Truck,Petrol,7,5.59,253,3366,1688,Low,Highway,1,55.26
Truck,Petrol,6,3.78,677,5598,5175,Low,Highway,1,227.44
Truck,Diesel,1,3.37,999,8950,6644,Medium,Mixed,1,405.54
Bus,Petrol,5,4.25,624,1,1,High,City,1,241.51
Bus,Petrol,3,4.89,881,1,1,Low,Highway,1,228.04
Mini Truck,Petrol,1,6.44,807,3273,243,Low,Mixed,0,139.41
Truck,Diesel,1,5.42,255,9759,9074,Low,City,1,65.42
Bus,Diesel,8,3.32,577,0,0,Low,Mixed,0,202.47
Bus,Petrol,2,3.3,909,0,0,High,Highway,1,355.96
Truck,Petrol,2,3.59,483,3695,1673,Low,Highway,0,147.43
Mini Truck,Diesel,6,6.32,389,1195,589,High,City,1,97.07
Bus,Diesel,7,3.35,45,0,0,Low,Mixed,1,17.08
Van,Petrol,9,14.16,477,1885,727,Medium,Mixed,1,47.71
Bus,Petrol,1,3.41,361,0,0,Low,Mixed,0,116.82
Mini Truck,Diesel,8,9.69,467,2791,1612,Low,Highway,1,60.32
Truck,Diesel,3,5.1,52,10782,310,Low,City,1,13.02
Mini Truck,Petrol,2,7.24,793,2353,102,Low,Highway,0,113.86
Mini Truck,Petrol,11,7.87,40,2033,76,High,Mixed,1,7.42
Van,Diesel,12,12.38,744,1933,1757,High,Mixed,1,97.12
Truck,Petrol,4,5.0,823,4077,1297,Low,Highway,1,188.64
Truck,Petrol,11,5.49,822,11141,6471,High,Mixed,1,233.36
Van,Diesel,4,11.78,853,1399,246,Medium,City,1,98.51
Truck,Petrol,7,5.87,516,5432,1771,Medium,Highway,1,112.23
Mini Truck,Petrol,4,6.93,350,1713,1560,Medium,Highway,0,64.9
Bus,Diesel,10,3.89,88,0,0,High,City,0,32.88
Mini Truck,Diesel,1,6.86,491,1208,1055,High,Highway,0,97.02
Truck,Petrol,1,5.52,842,3449,2583,High,Mixed,1,228.27
Truck,Diesel,4,4.11,536,11404,9756,High,City,0,203.97
Truck,Diesel,8,5.89,660,11806,8251,High,City,0,175.59
Truck,Petrol,5,3.91,796,5264,1316,Low,City,1,264.43
Van,Petrol,9,11.24,83,523,176,Low,City,0,10.73
Mini Truck,Petrol,6,7.89,882,1383,368,Low,City,0,138.69
Bus,Petrol,2,4.53,976,0,0,Low,Mixed,1,246.86
Bus,Diesel,10,4.34,494,0,0,High,City,1,172.09
Truck,Petrol,1,4.77,140,6757,5844,Medium,Highway,1,37.49
Truck,Petrol,7,3.13,519,7065,1450,Medium,Mixed,0,214.39
Bus,Petrol,6,3.21,206,1,1,Medium,Mixed,0,90.9
Mini Truck,Petrol,10,7.51,757,3239,1018,Medium,Mixed,1,139.45
Truck,Petrol,8,4.54,474,5485,530,Low,Highway,1,117.39
Truck,Petrol,3,3.48,865,8825,3983,High,City,1,381.37
Van,Diesel,9,14.81,567,954,272,Medium,Mixed,0,49.1
Truck,Petrol,3,5.96,174,9474,7856,High,City,0,45.3
Mini Truck,Diesel,10,9.33,95,1365,614,Low,Highway,0,12.36
Bus,Diesel,4,4.43,258,0,0,Low,City,1,73.85
Truck,Petrol,3,5.94,348,3717,1042,High,Mixed,0,79.3
Mini Truck,Petrol,12,6.09,948,1678,737,Medium,City,1,229.73
Van,Petrol,2,12.7,685,1378,651,Low,Highway,1,62.52
Bus,Diesel,10,3.83,501,0,0,High,City,0,194.45
Van,Petrol,10,12.23,62,1619,1291,High,Mixed,0,9.31
Mini Truck,Petrol,9,6.58,473,2112,326,Medium,City,0,98.57
Van,Petrol,10,10.11,405,1307,1283,Medium,Mixed,1,59.77
Van,Petrol,12,12.71,972,1401,638,High,City,1,125.01
Truck,Petrol,6,4.77,695,8137,6582,Low,Highway,0,174.49
Van,Diesel,1,14.07,272,1478,739,High,City,0,28.99
Bus,Diesel,2,3.95,252,1,0,High,Mixed,1,88.01
Van,Petrol,6,10.49,148,1952,1326,Low,Mixed,1,19.79
Bus,Petrol,10,3.11,70,1,0,Low,Mixed,1,31.0
Van,Petrol,9,14.83,68,1012,183,Medium,City,1,6.99
Bus,Petrol,7,4.0,354,0,0,Medium,City,0,116.21
Truck,Petrol,6,4.27,794,8966,8028,Medium,City,0,273.53
Mini Truck,Petrol,6,9.86,538,1787,1600,High,Highway,1,79.24
Van,Diesel,6,10.55,822,1328,780,Low,Mixed,0,96.23
Mini Truck,Petrol,12,7.16,667,1444,812,Medium,Mixed,1,134.7
Van,Diesel,1,13.17,184,1882,871,Low,Highway,0,14.65
Van,Petrol,3,14.78,922,1425,876,Medium,Mixed,1,85.69
Bus,Petrol,3,4.53,419,0,0,Low,Highway,0,94.28
Van,Petrol,12,14.9,952,689,381,High,City,1,106.1
Truck,Diesel,9,3.05,548,10775,9647,Medium,City,1,278.7
Van,Diesel,2,10.04,474,1719,733,Low,City,1,61.21
Van,Petrol,5,14.12,455,1807,1662,Low,Highway,0,38.78
Van,Diesel,4,12.17,797,968,753,Medium,City,0,93.84
Mini Truck,Petrol,12,8.35,69,2580,2180,Medium,Mixed,1,13.4
Van,Petrol,5,14.69,150,858,317,Low,Mixed,0,11.18
Bus,Petrol,6,4.59,52,1,0,High,City,1,15.98
Bus,Petrol,5,4.3,910,1,0,Low,Highway,0,221.84
Van,Diesel,3,14.61,808,1416,584,High,Mixed,1,78.81
Truck,Petrol,8,5.7,268,9523,3379,High,City,0,70.2
Mini Truck,Diesel,1,6.77,408,3273,2207,High,Highway,0,80.87
Mini Truck,Petrol,12,6.05,840,3223,248,Low,Mixed,1,176.53
Van,Diesel,5,10.97,53,1801,398,Medium,Mixed,0,6.45
Bus,Diesel,5,4.25,358,0,0,Low,City,0,101.31
Truck,Diesel,9,3.21,505,9493,7217,High,City,0,252.24
Mini Truck,Petrol,3,7.12,706,2041,1877,Medium,City,1,148.13
Mini Truck,Diesel,9,6.84,724,3191,1481,Low,City,0,140.56
Mini Truck,Diesel,1,8.57,952,3666,3095,High,Mixed,1,167.83
Van,Diesel,3,12.22,696,1528,1049,Medium,Mixed,1,79.12
Mini Truck,Diesel,12,8.4,512,2253,1288,High,Mixed,0,92.13
Mini Truck,Diesel,5,9.36,279,3789,563,Medium,Highway,0,32.15
Truck,Petrol,12,3.76,946,7387,1082,Low,Mixed,0,308.39
Mini Truck,Diesel,9,6.94,125,3326,3245,Low,Highway,1,25.4
Truck,Petrol,3,5.83,549,6442,1412,High,Highway,0,122.54
Van,Diesel,2,9.27,209,739,15,Low,Highway,0,24.24
Truck,Diesel,12,4.57,408,10558,7110,Low,Highway,0,112.3
Mini Truck,Petrol,2,6.04,213,1342,605,Medium,City,0,47.75
Bus,Diesel,12,3.47,685,1,1,Low,Mixed,0,272.66
Truck,Petrol,5,4.26,342,5265,1597,Medium,City,1,112.02
Truck,Diesel,1,3.6,875,3276,1872,Medium,Highway,0,294.41
Bus,Petrol,6,4.9,874,1,1,Low,City,0,248.67
Truck,Petrol,7,5.92,295,9388,6915,Low,Highway,0,61.37
Mini Truck,Petrol,5,9.47,740,3903,369,Low,City,0,94.93
Mini Truck,Petrol,2,7.6,810,3422,1101,High,City,0,153.78
Truck,Petrol,9,5.28,581,10043,6876,Low,City,0,150.01
Mini Truck,Petrol,3,7.55,560,2880,63,Low,Mixed,1,87.05
Truck,Petrol,9,5.99,94,10951,10065,Medium,Highway,1,20.32
Mini Truck,Diesel,6,7.81,485,1317,1166,Medium,Highway,0,79.18
Van,Diesel,2,9.8,387,1936,1564,Medium,Mixed,0,52.47
Mini Truck,Diesel,5,9.91,799,3266,23,High,City,0,113.13
Truck,Petrol,6,4.01,1000,8150,7958,Low,City,1,357.43
Mini Truck,Petrol,12,6.36,323,1565,999,Medium,Mixed,0,71.68
Truck,Diesel,9,5.02,114,5370,2296,High,Mixed,1,33.91
Van,Petrol,5,10.06,985,788,617,Medium,City,0,142.83
Mini Truck,Diesel,12,9.53,292,2082,1500,Low,Highway,1,40.21
Bus,Petrol,8,4.67,346,0,0,Medium,Mixed,0,93.71
Truck,Diesel,3,5.53,870,9015,8141,Low,Mixed,0,200.95
Truck,Diesel,11,4.2,301,8606,6717,Low,City,0,99.0
Van,Diesel,5,14.09,535,1462,363,Low,Mixed,1,47.75
Bus,Diesel,1,3.18,184,0,0,High,City,1,82.65
Van,Diesel,3,14.96,984,648,398,High,City,0,100.16
Mini Truck,Diesel,1,9.15,734,3303,2627,Low,Highway,0,91.22
Bus,Diesel,10,3.36,855,1,0,High,Highway,1,346.75
Van,Petrol,2,13.49,252,589,371,Medium,Highway,0,24.02
Van,Diesel,1,11.77,341,1381,1215,High,Highway,0,40.68
Mini Truck,Petrol,12,9.32,918,3677,354,High,Mixed,1,145.42
Bus,Petrol,4,4.62,836,0,0,High,Mixed,1,250.48
Mini Truck,Diesel,7,7.38,305,3437,1053,Medium,Highway,1,54.05
Truck,Diesel,8,3.61,571,8093,6643,Low,Highway,0,192.77
Truck,Petrol,6,3.14,247,8763,6607,High,Highway,0,113.33
Mini Truck,Petrol,4,9.88,468,3983,1474,Medium,Mixed,0,59.86
Bus,Diesel,7,4.06,578,1,1,Medium,Highway,1,200.08
Mini Truck,Diesel,10,8.19,932,3939,1029,Medium,Mixed,0,150.62
Bus,Diesel,6,4.6,435,1,1,Low,Mixed,0,125.55
Bus,Petrol,1,3.89,741,1,1,Low,City,1,264.13
Mini Truck,Petrol,6,6.32,230,2626,653,High,Highway,0,48.02
Truck,Petrol,6,3.32,736,11083,10304,Medium,Mixed,0,312.04
Truck,Diesel,2,5.85,817,4640,3790,High,City,0,213.46
Truck,Diesel,6,5.42,75,10293,6374,High,Mixed,0,21.25
Van,Diesel,7,13.3,342,1259,478,Medium,Mixed,0,33.28
Van,Diesel,2,13.0,942,873,448,Medium,Mixed,1,97.0
Truck,Diesel,3,5.58,347,3831,323,Low,City,0,73.13
Van,Petrol,11,13.12,470,1704,531,High,Mixed,1,51.24
Truck,Petrol,5,3.13,803,11066,1636,Medium,Mixed,0,322.15
Van,Petrol,10,12.3,710,1224,1208,Medium,Mixed,0,87.04
Van,Diesel,1,9.06,1000,1304,589,High,Mixed,0,154.51
Bus,Diesel,4,4.38,23,0,0,Medium,City,0,6.75
Truck,Diesel,7,3.14,93,7656,527,High,City,0,42.7
Van,Petrol,10,12.7,387,856,558,Medium,Highway,1,41.69
Bus,Diesel,1,3.72,54,0,0,Low,City,1,18.22
Truck,Diesel,7,4.71,95,11970,963,High,City,1,28.93
Mini Truck,Petrol,1,9.11,532,1989,980,Medium,Mixed,0,76.01
Van,Diesel,10,14.09,902,1128,767,Low,Highway,0,79.11
Mini Truck,Petrol,8,7.51,355,1643,684,Low,Highway,0,55.46
Bus,Diesel,2,3.99,281,1,1,Low,City,0,95.6
Bus,Diesel,8,4.07,616,0,0,Low,Mixed,0,175.59
Van,Diesel,4,10.85,35,695,71,High,Highway,0,4.93
Mini Truck,Diesel,6,6.98,573,3609,3130,High,City,1,135.02
Van,Diesel,3,14.32,413,738,90,Medium,City,0,37.12
Van,Diesel,5,14.38,362,1185,934,High,Mixed,1,38.13
Bus,Diesel,2,3.34,191,1,1,Medium,Highway,0,74.46
Van,Petrol,11,13.82,28,866,816,High,Highway,1,5.0
Bus,Petrol,9,3.37,494,1,1,Low,Mixed,0,196.41
Truck,Petrol,2,3.27,251,8640,2655,High,Mixed,0,103.81
Van,Diesel,7,13.2,682,844,101,High,Mixed,0,72.09
Truck,Petrol,9,5.36,951,11556,9385,Medium,Mixed,0,251.33
Bus,Diesel,7,3.21,535,0,0,Medium,Highway,1,203.54
Bus,Diesel,12,4.18,726,1,1,Medium,Highway,0,243.45
Mini Truck,Diesel,12,6.2,510,2391,968,High,Mixed,0,122.53
Truck,Petrol,10,5.83,511,11331,9533,Low,Mixed,1,122.87
Bus,Petrol,1,4.31,192,0,0,High,City,0,59.55
Truck,Diesel,3,4.65,150,7825,4396,High,Highway,0,42.59
Van,Diesel,5,9.53,305,1070,997,High,Highway,0,45.89
Truck,Diesel,7,5.92,737,8896,3215,Low,Mixed,0,149.29
Truck,Diesel,1,4.9,979,3830,1134,High,Mixed,0,272.17
Van,Diesel,3,13.3,890,1519,735,Low,Mixed,0,82.1
Van,Petrol,12,10.16,115,767,515,Medium,City,0,16.9
Mini Truck,Petrol,7,6.79,78,3794,3378,Medium,Mixed,0,16.48
Mini Truck,Petrol,8,7.42,645,3394,393,High,Highway,0,113.3
Truck,Diesel,11,3.49,719,4468,3405,High,Mixed,0,318.01
Mini Truck,Petrol,7,9.46,616,1167,325,High,Mixed,0,92.02
Truck,Diesel,5,3.74,88,11867,4520,High,City,1,35.82
Van,Diesel,10,9.49,449,915,121,Medium,Highway,0,59.44
Bus,Petrol,9,4.77,491,1,1,Low,City,0,146.84
Mini Truck,Diesel,2,8.28,390,2612,1482,Low,City,1,60.94
Bus,Petrol,11,3.07,221,1,1,High,City,0,119.79
Van,Petrol,6,9.05,405,1825,1238,Low,City,0,60.21
Van,Diesel,7,9.81,322,740,90,Low,City,0,42.13
Mini Truck,Diesel,12,7.37,732,3681,2272,Medium,City,0,149.0
Truck,Diesel,9,5.2,171,4607,3338,High,Highway,1,47.79
Truck,Petrol,5,3.66,928,8551,3922,Low,Mixed,1,319.15
Mini Truck,Diesel,6,8.67,261,2493,2177,Low,Highway,1,36.64
Van,Diesel,12,10.45,888,661,374,High,Mixed,1,133.29
Mini Truck,Diesel,6,9.92,904,2093,1514,Medium,Mixed,1,129.98
Bus,Petrol,6,4.59,759,1,1,High,City,0,267.41
Bus,Diesel,7,3.74,422,1,1,Medium,Mixed,1,166.9
Truck,Petrol,4,5.72,201,5072,647,Medium,City,1,47.51
Truck,Diesel,10,4.0,109,8019,4161,Medium,Highway,1,36.79
Van,Petrol,6,12.45,884,1313,618,Medium,Highway,0,87.38
Van,Diesel,8,14.22,265,1065,279,Medium,Mixed,0,26.87
Bus,Diesel,7,3.25,703,1,0,Medium,Mixed,0,268.46
Van,Diesel,7,13.9,927,1116,648,Medium,Highway,0,85.22
Mini Truck,Petrol,4,8.63,126,2875,925,High,Highway,0,21.67
Truck,Petrol,9,5.47,974,5736,1163,Low,Highway,1,209.5
Mini Truck,Diesel,9,7.12,391,1640,428,High,City,0,82.53
Mini Truck,Petrol,5,7.07,931,3786,2664,High,City,0,203.24
Truck,Petrol,4,4.93,976,5680,5309,High,Highway,1,292.43
Bus,Diesel,4,4.81,155,1,1,High,City,1,54.5
Bus,Petrol,4,3.39,134,0,0,Medium,Highway,0,42.41
Bus,Diesel,8,4.86,45,0,0,Medium,City,0,14.15
Truck,Diesel,3,4.45,87,5919,1048,Medium,Highway,1,21.98
Mini Truck,Diesel,2,7.7,252,3474,1233,High,Mixed,0,44.97
Van,Petrol,9,13.84,526,1921,177,Low,Highway,0,41.54
Truck,Diesel,7,4.87,550,8751,2525,Medium,Highway,0,138.71
Van,Petrol,4,11.06,650,1972,764,Medium,Mixed,0,73.88
Van,Diesel,3,9.9,854,1919,1578,Medium,Highway,0,110.8
Van,Diesel,5,11.18,730,1470,1415,Low,City,0,92.1
Van,Diesel,7,11.56,55,1538,716,Medium,City,0,5.04
Truck,Petrol,1,4.53,826,9374,8156,Low,Mixed,0,227.53
Van,Petrol,1,9.59,179,1506,255,Medium,Highway,1,21.43
Van,Diesel,12,9.54,832,1509,1364,High,City,1,149.01
Bus,Petrol,8,3.4,154,1,1,Low,Highway,0,57.09
Van,Diesel,3,14.52,669,1541,34,Low,Mixed,1,52.86
Bus,Diesel,6,4.12,754,0,0,High,Mixed,0,249.48
Van,Petrol,7,9.34,929,874,840,High,City,0,162.6
Bus,Diesel,7,3.48,88,1,0,High,Highway,0,32.39
Bus,Petrol,11,4.59,867,1,0,Low,Highway,1,219.97
Bus,Diesel,9,4.9,688,0,0,High,City,0,203.44
Truck,Diesel,4,5.32,696,5859,3287,Low,Mixed,1,165.13
Mini Truck,Diesel,10,9.31,394,2939,2690,Medium,Highway,1,60.44
Bus,Petrol,1,3.72,838,1,0,Low,Mixed,0,247.32
Bus,Diesel,7,4.95,99,1,0,High,Mixed,1,28.83
Bus,Petrol,5,3.03,610,0,0,High,City,0,285.5
Bus,Petrol,9,3.99,81,0,0,Medium,Highway,0,24.16
Truck,Petrol,3,4.3,35,5593,5461,Low,Mixed,1,9.37
Truck,Diesel,12,4.98,95,5452,2518,Low,Mixed,0,25.2
Mini Truck,Petrol,8,8.13,435,3651,1859,Low,Mixed,1,70.7
Van,Diesel,3,11.56,101,1490,473,High,Highway,0,10.88
Mini Truck,Petrol,11,9.06,732,2885,1389,High,Mixed,1,124.4
Mini Truck,Petrol,4,9.36,721,1851,1292,High,Mixed,1,117.07
Van,Diesel,10,9.55,336,1282,673,Low,Highway,1,43.26
Van,Diesel,2,9.87,620,824,123,Low,City,0,75.1
Bus,Petrol,7,3.54,838,1,1,Medium,City,0,357.6
Truck,Diesel,3,4.26,333,10606,6482,Medium,Mixed,1,106.8
Mini Truck,Petrol,5,8.29,965,3429,1843,Medium,Highway,1,150.52
Van,Petrol,6,11.56,898,569,263,Medium,Highway,0,95.8
Mini Truck,Diesel,6,7.26,223,1903,963,Low,Mixed,1,40.24
Bus,Petrol,10,3.37,100,1,1,Low,Mixed,1,41.62
Van,Petrol,4,10.93,627,601,379,Medium,Mixed,0,75.72
Van,Petrol,6,9.66,493,1583,329,Medium,Mixed,0,66.78
Mini Truck,Petrol,4,9.95,958,2286,1187,High,Mixed,1,144.53
Mini Truck,Petrol,5,7.66,325,2780,1015,Medium,City,1,59.35
Van,Petrol,12,10.54,646,649,312,Low,City,0,80.9
Van,Petrol,5,12.47,608,1083,463,Medium,City,1,70.78
Truck,Diesel,3,3.67,450,8377,8200,Low,Mixed,1,163.02
Van,Petrol,2,10.5,935,712,8,High,City,0,124.91
Truck,Diesel,2,5.58,354,3710,1961,Medium,Mixed,1,82.97
Van,Petrol,11,13.26,364,1345,758,Medium,Mixed,0,39.27
Van,Diesel,4,9.06,600,1118,569,Medium,City,1,93.36
Truck,Diesel,12,4.83,48,3894,3370,Low,Mixed,1,14.85
Truck,Diesel,2,3.61,899,10560,5461,Medium,City,1,351.92
Van,Petrol,10,11.02,502,1887,1719,Low,Mixed,1,62.36
Truck,Diesel,2,3.78,213,8906,4888,Medium,Mixed,1,75.51
Mini Truck,Petrol,4,6.34,583,1912,1110,Medium,Highway,0,115.26
Bus,Diesel,4,4.66,975,0,0,High,Mixed,0,280.49
Truck,Diesel,4,3.93,291,7796,1500,Medium,Highway,0,87.68
Truck,Petrol,4,4.99,779,9810,8264,High,Mixed,1,243.04
Truck,Diesel,9,5.37,744,8141,5822,Low,Mixed,1,184.99
Mini Truck,Diesel,3,9.54,682,3678,367,High,City,1,106.88
Bus,Diesel,8,3.53,329,0,0,Low,City,0,114.76
Van,Diesel,9,13.76,187,1250,96,Low,Mixed,1,15.69
Mini Truck,Petrol,6,6.72,223,2379,653,Low,Highway,0,35.22
Van,Diesel,3,9.1,607,1176,821,Low,Highway,0,76.86
Truck,Diesel,1,3.66,499,7155,3344,Medium,Highway,0,163.91
Mini Truck,Petrol,6,9.73,896,1043,896,Medium,Highway,1,125.51
Bus,Petrol,4,4.8,197,0,0,Medium,Mixed,1,53.94
Van,Diesel,2,14.65,772,854,236,High,Mixed,1,73.07
Mini Truck,Diesel,4,6.12,67,2109,539,Low,Mixed,1,13.3
Mini Truck,Diesel,10,9.24,485,1067,186,High,Highway,0,69.43
Van,Petrol,1,14.29,853,619,449,High,City,1,93.59
Mini Truck,Diesel,8,8.57,348,3830,2028,Medium,City,0,58.94
Van,Petrol,1,11.32,252,1810,1109,High,City,0,32.67
Mini Truck,Diesel,6,8.02,179,1262,368,Medium,Mixed,0,25.72
Bus,Petrol,7,4.52,956,1,1,High,Mixed,0,328.07
Van,Petrol,4,12.76,807,1424,1174,Low,Highway,0,75.68
Van,Diesel,2,14.88,488,744,543,High,Highway,0,45.46
Bus,Petrol,12,4.23,485,0,0,Low,City,1,152.83
Truck,Diesel,10,3.45,731,4696,2062,Medium,Highway,1,280.32
Truck,Petrol,2,3.52,988,5328,4032,Medium,Mixed,1,389.9
Van,Diesel,9,11.73,389,834,21,Medium,Highway,0,41.05
Truck,Petrol,3,4.13,625,8251,4270,High,City,0,223.83
Van,Diesel,12,12.24,316,900,207,Medium,City,1,38.11
Truck,Petrol,9,5.52,633,11177,8332,High,City,0,182.21
Bus,Petrol,1,4.61,900,0,0,Medium,Mixed,1,241.98
Bus,Diesel,10,4.53,826,1,0,High,City,1,277.57
Bus,Diesel,7,3.85,183,0,0,High,Mixed,1,66.91
Mini Truck,Diesel,5,6.74,346,3039,1942,Low,Highway,1,61.56
Van,Diesel,7,9.48,575,1317,715,Low,Highway,0,70.87
Truck,Petrol,10,5.18,626,5583,1236,Medium,Highway,0,148.53
Bus,Petrol,4,3.08,795,1,1,High,Mixed,1,403.94
Van,Petrol,4,11.78,177,1974,1663,High,City,0,24.28
Bus,Diesel,1,3.86,363,0,0,High,City,0,128.4
Bus,Diesel,4,3.41,248,0,0,High,Mixed,0,98.25
Truck,Petrol,10,4.6,896,6677,5770,Low,Highway,0,245.11
Van,Diesel,2,14.7,98,854,800,Medium,Mixed,1,7.39
Truck,Petrol,9,3.46,447,10134,8903,High,City,1,214.69
Bus,Diesel,2,4.53,563,0,0,Medium,City,0,159.27
Mini Truck,Petrol,5,9.0,63,3759,3,Medium,Highway,1,7.22
Mini Truck,Petrol,4,9.33,814,3133,1340,High,City,1,133.54
Bus,Petrol,12,3.62,630,0,0,Medium,Mixed,0,226.8
Van,Petrol,11,10.08,752,1750,288,Medium,Highway,0,93.42
Truck,Diesel,3,3.05,311,4047,186,Low,Mixed,1,118.82
Van,Diesel,5,13.4,811,1546,1163,High,Highway,0,84.34
Mini Truck,Petrol,3,9.3,644,2664,2408,High,Mixed,1,108.53
Truck,Diesel,9,5.09,40,4816,4501,Low,Highway,1,12.37
Mini Truck,Petrol,1,8.95,22,1688,1446,Low,Highway,1,4.16
Van,Diesel,9,11.02,213,1614,811,Low,Highway,1,23.89
Truck,Petrol,3,3.81,583,11674,3849,High,Highway,1,207.04
Van,Petrol,10,10.03,646,1656,1571,Low,Highway,1,84.07
Mini Truck,Petrol,3,9.29,898,2786,999,Low,Highway,0,106.43
Mini Truck,Diesel,4,9.26,537,2669,341,Medium,Mixed,0,72.59
Mini Truck,Diesel,7,7.82,585,2015,888,Medium,Highway,0,95.14
Truck,Diesel,3,4.99,941,5569,1647,Low,Mixed,0,220.14
Truck,Diesel,6,5.69,765,10554,9831,Low,Mixed,1,180.73
Bus,Diesel,7,4.91,414,1,1,Low,Mixed,0,113.4
Mini Truck,Petrol,10,6.67,555,3600,2204,Low,Mixed,1,110.32
Van,Diesel,10,9.76,999,1742,910,Medium,Highway,1,137.11
Truck,Petrol,10,4.26,272,11736,10539,High,Mixed,1,103.2
Bus,Petrol,3,4.47,753,0,0,High,Highway,1,221.39
Mini Truck,Petrol,12,9.81,413,2635,2186,Low,Mixed,1,62.64
Truck,Diesel,6,4.34,539,8047,5052,High,Mixed,0,183.67
Bus,Petrol,4,4.2,802,1,0,Medium,Mixed,1,242.29
Van,Diesel,8,10.61,803,1473,292,High,City,1,116.87
Bus,Diesel,8,4.15,42,1,1,High,Highway,1,16.55
Bus,Petrol,5,4.12,302,1,1,Low,Mixed,0,95.64
Bus,Diesel,7,3.92,551,1,1,High,City,0,229.86
Mini Truck,Diesel,7,7.17,48,3393,2186,Medium,City,1,10.22
Truck,Diesel,11,4.92,354,9463,162,Low,Highway,0,80.68
Van,Petrol,3,14.77,429,580,406,Medium,Mixed,0,39.6
Truck,Diesel,5,4.6,552,7139,2937,Low,Highway,0,135.39
Van,Diesel,6,11.89,573,1865,1668,High,Highway,1,72.86
Bus,Diesel,9,3.7,34,0,0,Low,City,1,11.11
Truck,Diesel,1,3.64,798,8651,6395,High,City,0,331.04
Bus,Diesel,1,4.82,319,1,1,Low,Mixed,1,86.04
Van,Petrol,9,12.99,479,1102,884,High,Highway,1,56.0
Truck,Diesel,9,4.42,51,9790,572,Low,Mixed,0,14.56
Mini Truck,Petrol,12,6.49,960,1945,555,Medium,City,1,218.19
Van,Diesel,7,11.9,997,1862,702,Medium,Mixed,1,116.61
Bus,Diesel,5,4.88,826,1,0,Low,Highway,1,186.18
Bus,Petrol,8,3.27,208,1,0,Low,Highway,0,69.5
Bus,Diesel,4,4.86,832,1,1,Low,City,1,241.78
Bus,Petrol,7,3.61,401,1,1,High,Highway,1,168.38
Bus,Diesel,2,4.7,567,0,0,Low,City,0,141.98
Mini Truck,Diesel,3,7.15,243,3984,1424,Low,Highway,0,38.21
Truck,Diesel,7,3.38,972,6028,748,Low,Mixed,1,351.16
Van,Diesel,11,14.82,455,1513,321,Medium,Mixed,0,40.69
Bus,Petrol,12,4.35,205,1,0,High,Mixed,1,67.45
Van,Petrol,3,13.28,435,1140,207,Low,Mixed,1,38.64
Mini Truck,Petrol,10,6.34,364,1272,112,Low,Mixed,0,69.73
Bus,Petrol,10,3.19,334,1,1,Medium,City,0,160.88
Bus,Diesel,6,4.54,914,1,1,High,Mixed,1,320.7
Truck,Petrol,2,4.07,845,7919,5753,High,City,0,315.8
Bus,Petrol,10,3.41,520,1,0,High,Mixed,0,213.5
Van,Diesel,2,12.18,914,1362,170,Low,Mixed,0,83.44
Van,Diesel,7,14.62,538,1550,971,High,Highway,0,52.46
Bus,Diesel,8,4.09,29,0,0,Medium,Mixed,1,9.79
Van,Petrol,11,9.38,475,871,125,High,City,1,79.38
Bus,Diesel,6,4.46,123,1,0,High,Mixed,0,36.88
Bus,Petrol,11,3.96,910,1,1,Medium,City,0,351.3
Mini Truck,Petrol,12,7.52,848,1665,1213,Medium,Mixed,0,162.7
Bus,Diesel,4,4.63,621,0,0,High,Mixed,1,185.86
Mini Truck,Petrol,5,9.89,644,2398,215,High,Mixed,0,87.92
Truck,Diesel,1,4.6,253,8575,7859,High,Highway,0,77.56
Bus,Diesel,2,4.41,946,1,1,Medium,Highway,1,289.12
Mini Truck,Petrol,12,9.75,654,3116,1218,High,Mixed,1,104.59
Bus,Petrol,3,4.12,356,1,1,High,Mixed,1,135.54
Van,Diesel,10,9.31,471,793,73,High,Mixed,1,75.02
Truck,Diesel,5,4.59,643,6072,5237,Medium,Highway,1,188.21
Truck,Petrol,10,4.59,850,7303,2692,Low,City,0,245.22
Mini Truck,Petrol,3,8.09,127,2602,2143,Low,Highway,0,18.81
Truck,Diesel,9,4.51,136,10117,8787,Low,Mixed,0,39.55
Mini Truck,Diesel,5,9.78,31,2378,2361,Low,Mixed,0,4.32
Truck,Petrol,8,4.73,171,9068,5171,High,City,1,55.81
Van,Diesel,6,9.54,782,1845,641,High,Mixed,0,117.1
Mini Truck,Diesel,11,7.27,424,1518,1378,Low,Mixed,0,77.7
Truck,Diesel,10,3.24,565,7073,7025,Low,Mixed,1,244.04
Bus,Diesel,11,4.73,269,1,0,High,City,0,82.34
Truck,Petrol,9,5.39,63,11229,2015,Medium,City,0,17.38
Van,Petrol,4,13.29,91,923,410,Medium,Mixed,1,8.49
Van,Petrol,7,9.84,242,1400,161,High,City,1,38.99
Van,Diesel,6,10.45,741,1767,123,Low,Mixed,1,84.63
Bus,Petrol,2,3.73,701,1,1,Low,Highway,1,232.87
Mini Truck,Petrol,4,8.34,385,3326,761,Medium,Highway,0,53.19
Mini Truck,Petrol,4,7.57,63,3780,2512,High,Highway,0,12.96
Mini Truck,Petrol,3,7.83,628,1648,1115,Medium,Mixed,1,110.64
Mini Truck,Diesel,6,9.66,553,2208,725,Low,City,1,74.86
Bus,Diesel,12,4.37,55,0,0,Low,Mixed,1,15.92
Bus,Diesel,6,4.07,868,1,1,Medium,Highway,1,297.04
Truck,Diesel,4,5.01,158,11959,20,Medium,Highway,0,37.3
Bus,Diesel,8,3.84,976,1,0,High,Highway,1,344.86
Bus,Petrol,8,3.23,626,0,0,Medium,Highway,0,228.26
Mini Truck,Diesel,7,7.98,603,2065,14,Low,Highway,1,83.13
Mini Truck,Petrol,6,9.02,896,2436,458,High,Highway,1,134.98
Mini Truck,Diesel,8,6.49,41,2089,805,High,City,0,9.91
Truck,Petrol,5,5.33,332,3575,831,Low,Mixed,0,71.84
Mini Truck,Diesel,9,7.88,387,3670,3061,High,Highway,0,70.56
Van,Petrol,5,13.57,869,1420,28,Medium,Highway,0,74.28
Truck,Diesel,10,5.74,544,8719,3162,High,City,0,145.45
Van,Diesel,7,9.8,60,1041,341,Medium,Highway,0,7.56
Van,Diesel,10,9.21,481,1836,729,Medium,Highway,0,65.49
Bus,Petrol,2,3.04,122,1,1,High,Highway,0,56.71
Bus,Petrol,4,4.68,80,0,0,High,City,1,23.85
Truck,Diesel,3,5.25,48,11912,7628,High,Mixed,1,14.74
Van,Petrol,5,14.19,229,1676,833,Low,Highway,1,20.44
Truck,Petrol,5,5.38,34,6039,2372,Medium,Mixed,0,6.0
Van,Petrol,2,9.65,56,1773,105,Low,City,1,6.03
Mini Truck,Diesel,12,7.53,32,1205,972,Low,Mixed,1,4.13
Mini Truck,Diesel,1,9.74,55,1620,1595,Low,Mixed,1,6.66
Van,Petrol,7,13.33,389,643,584,Low,City,0,40.27
Truck,Petrol,8,4.43,81,8128,245,Low,City,0,20.85
Van,Petrol,10,14.79,241,553,472,High,City,0,25.35
Van,Diesel,11,11.71,131,828,95,Low,Mixed,1,12.9
Truck,Petrol,2,4.97,210,11120,2335,Low,Highway,1,47.06
Bus,Petrol,12,3.82,527,0,0,Low,Mixed,0,165.63
Truck,Petrol,1,4.36,436,8019,2006,Low,Highway,0,104.64
Bus,Petrol,3,3.37,115,0,0,High,City,0,47.99
Van,Petrol,3,10.29,793,1703,552,Low,Highway,0,83.22
Bus,Petrol,12,4.65,404,1,0,High,Highway,0,116.1
Van,Petrol,11,12.75,250,1146,193,Low,City,1,28.29
Truck,Petrol,10,5.46,157,3394,2773,Medium,City,1,46.09
Bus,Diesel,7,3.07,128,0,0,High,Mixed,0,55.56
Bus,Diesel,3,4.61,770,1,1,High,Mixed,1,261.56
Bus,Petrol,9,3.86,239,1,0,Medium,City,0,83.94
Truck,Petrol,5,4.37,787,3387,2093,Low,City,0,234.76
Truck,Diesel,8,3.87,467,5140,702,Medium,Highway,0,146.34
Mini Truck,Diesel,7,8.43,150,3991,2561,Low,City,0,25.61
Bus,Petrol,9,3.87,536,1,0,Low,Highway,0,149.62
Mini Truck,Petrol,5,7.73,896,1606,1463,Low,Highway,0,139.61
Van,Diesel,12,13.36,171,1905,1520,Low,City,1,19.95
Truck,Diesel,4,3.01,581,3337,74,High,City,0,273.26
Bus,Petrol,8,3.48,646,0,0,Low,Highway,0,201.14
Truck,Petrol,2,4.22,613,3043,94,Low,City,0,171.17
Van,Diesel,11,11.97,709,1435,1191,High,Mixed,1,95.8
Truck,Petrol,1,4.63,576,8518,4918,Low,Mixed,1,153.16
Mini Truck,Petrol,7,6.98,963,1207,47,High,Mixed,1,198.13
Van,Diesel,7,9.71,995,698,250,Medium,Highway,0,127.9
Truck,Petrol,2,4.99,357,9051,4245,High,Highway,1,98.06
Van,Diesel,4,12.82,90,1861,24,Medium,Highway,1,8.32
Van,Petrol,7,11.47,404,1414,658,High,Mixed,1,51.13
Bus,Petrol,7,3.86,753,0,0,Low,Highway,0,209.35
Van,Petrol,11,13.33,808,785,723,High,Highway,0,91.35
Van,Diesel,9,11.68,172,1091,2,Medium,Highway,0,17.45
Bus,Diesel,8,3.52,498,1,0,Low,City,0,175.37
Mini Truck,Petrol,3,9.8,485,1910,705,Low,Highway,1,56.34
Truck,Diesel,10,3.28,738,5285,4519,Medium,Highway,0,305.31
Mini Truck,Diesel,11,6.71,374,3586,1340,High,Highway,1,79.44
Mini Truck,Diesel,1,6.24,244,3464,708,Low,City,1,48.72
Mini Truck,Diesel,1,6.34,554,3300,992,Low,City,0,105.88
Truck,Diesel,12,5.64,945,5879,1642,Low,Mixed,1,218.14
Truck,Petrol,2,3.38,752,7333,4361,Medium,Highway,1,283.68
Mini Truck,Petrol,6,6.9,792,3992,3741,Medium,City,1,175.31
Truck,Petrol,11,3.53,449,5364,3602,Low,Mixed,1,174.09
Mini Truck,Diesel,2,8.49,27,2363,969,Medium,City,0,3.75
Bus,Petrol,3,3.52,105,1,1,Medium,City,0,41.62
Van,Petrol,2,13.5,704,758,469,Low,City,1,71.53
Truck,Petrol,7,5.11,974,9347,5752,High,City,0,297.24
Van,Petrol,2,14.74,925,1772,905,Medium,Mixed,1,82.66
Bus,Petrol,8,3.93,698,0,0,Low,Mixed,0,206.85
Van,Petrol,1,9.22,330,722,522,High,Mixed,1,52.73
Bus,Diesel,3,3.47,334,1,0,Low,City,1,118.71
Mini Truck,Diesel,2,6.6,883,2377,1772,Medium,Mixed,1,185.54
Van,Petrol,5,12.45,429,852,17,High,Mixed,1,48.08
Bus,Diesel,2,3.2,579,1,0,High,Highway,0,223.42
Mini Truck,Diesel,1,9.43,334,2757,956,Low,City,1,44.24
Van,Diesel,9,12.1,449,1701,1641,High,Highway,1,55.81
Mini Truck,Petrol,1,7.39,64,1402,206,Low,Highway,0,7.98
Bus,Petrol,4,4.31,841,1,0,High,Highway,0,245.78
Truck,Diesel,12,4.2,781,8094,5007,High,City,0,296.92
Van,Petrol,3,9.6,913,1995,1314,High,City,0,145.24
Truck,Diesel,3,3.19,628,6303,860,Medium,Mixed,0,244.83
Truck,Diesel,5,3.1,324,3216,859,Medium,Highway,0,124.52
Truck,Petrol,12,3.3,444,10645,9089,Low,Mixed,0,182.42
Mini Truck,Diesel,6,8.73,72,3526,3077,High,Mixed,1,13.52
Truck,Petrol,11,4.4,908,11583,5384,Medium,Highway,0,267.53
Truck,Diesel,8,4.02,743,8532,2713,Low,Highway,1,219.52
Van,Petrol,9,13.47,818,1465,281,Medium,Mixed,0,80.11
Van,Petrol,2,14.67,48,716,436,High,Mixed,0,5.26
Mini Truck,Diesel,3,9.58,920,3772,2440,High,Mixed,1,142.22
Bus,Petrol,8,4.55,516,0,0,Medium,Highway,0,134.86
Mini Truck,Petrol,9,9.45,837,1028,372,Medium,Mixed,0,119.32
Bus,Petrol,8,4.73,35,0,0,Low,Mixed,1,8.04
Bus,Diesel,3,3.43,186,1,0,Low,City,0,64.03
Mini Truck,Petrol,9,7.41,427,2867,1063,High,City,0,88.8
Mini Truck,Petrol,11,8.73,654,1271,894,High,Highway,0,108.87
Bus,Diesel,2,3.64,878,0,0,Medium,City,0,307.62
Mini Truck,Diesel,1,7.92,222,1039,445,Medium,Highway,1,37.51
Van,Petrol,4,13.22,654,1923,230,High,Highway,0,62.45
Bus,Petrol,9,3.13,30,0,0,Medium,Highway,1,10.23
Truck,Diesel,6,5.57,123,3767,603,Medium,Highway,1,27.72
Mini Truck,Petrol,12,8.2,433,2589,1191,High,Highway,0,76.0
Bus,Diesel,5,4.1,23,0,0,Medium,Highway,0,6.17
Bus,Petrol,7,3.52,522,0,0,High,Mixed,1,212.32
Truck,Petrol,8,3.74,782,8520,5258,Low,Highway,0,247.44
Mini Truck,Petrol,6,9.23,626,1548,479,Medium,Mixed,1,92.1
Truck,Petrol,6,3.78,800,9166,747,High,Mixed,1,300.79
Van,Diesel,12,11.3,825,814,302,Medium,City,1,110.61
Bus,Petrol,8,3.94,386,0,0,Low,City,0,122.89
Truck,Petrol,4,3.18,145,11192,7599,Medium,City,1,65.75
Mini Truck,Diesel,8,8.66,120,1250,443,Medium,City,1,19.35
Van,Diesel,3,14.33,880,1107,149,Medium,Mixed,1,79.9
Mini Truck,Diesel,7,6.2,360,3304,707,Medium,City,1,81.32
Van,Petrol,3,12.33,479,1114,93,Medium,City,1,52.2
Van,Diesel,8,12.92,167,1272,423,Medium,Highway,0,16.06
Bus,Diesel,12,4.1,447,1,1,High,Highway,1,168.86
Van,Diesel,9,11.59,641,1532,973,Low,City,0,74.89
Bus,Petrol,10,4.36,78,0,0,High,City,1,26.36
Van,Petrol,1,11.08,986,552,537,High,Highway,1,128.9
Van,Petrol,12,9.5,459,1170,920,Medium,Highway,1,69.93
Van,Petrol,7,11.7,629,1470,1024,Medium,City,1,78.89
Bus,Petrol,3,3.87,620,0,0,High,Highway,0,201.23
Bus,Diesel,3,3.95,486,1,0,High,Highway,0,153.46
Truck,Diesel,3,5.83,125,5412,3949,Low,Highway,1,25.64
Bus,Petrol,7,4.21,453,1,0,Low,Highway,1,121.46
Van,Petrol,2,10.73,610,1631,827,High,Highway,0,76.09
Bus,Diesel,2,4.67,232,0,0,High,Highway,0,62.29
Truck,Diesel,12,4.24,931,3227,391,Medium,Highway,1,284.81
Bus,Petrol,2,3.12,909,0,0,Low,City,1,355.04
Truck,Diesel,2,4.2,928,6178,3650,Low,City,0,281.28
Truck,Petrol,10,3.59,875,6026,3385,Medium,Highway,1,328.01
Bus,Petrol,10,3.45,903,0,0,Medium,Highway,1,326.18
Mini Truck,Petrol,4,9.66,247,1021,552,High,Highway,1,39.52
Bus,Petrol,1,3.31,131,1,1,High,Mixed,0,60.46
Van,Diesel,8,13.2,573,1510,369,Low,Highway,0,47.17
Mini Truck,Diesel,6,8.61,80,2222,1758,Low,City,1,11.44
Mini Truck,Petrol,11,7.32,903,1703,929,Low,Mixed,1,165.66
Bus,Diesel,10,3.98,483,1,0,High,Highway,1,166.92
Bus,Diesel,7,4.5,886,1,1,Low,Highway,0,246.77
Truck,Diesel,10,5.88,67,5814,4874,Low,Highway,0,13.95
Bus,Petrol,4,4.24,575,1,1,High,Highway,0,195.13
Van,Diesel,6,14.74,197,1006,211,Low,Highway,0,15.06
Bus,Diesel,1,3.31,372,1,1,Low,Highway,0,133.84
Bus,Petrol,6,4.59,251,0,0,Medium,Mixed,1,67.88
Van,Diesel,4,10.16,890,832,301,Low,City,0,109.67
Mini Truck,Diesel,1,9.25,597,1109,710,High,Mixed,0,90.96
Truck,Diesel,5,5.26,920,4482,1324,High,Highway,1,240.38
Bus,Petrol,6,4.82,994,0,0,Low,Highway,0,222.18
Van,Petrol,7,10.19,336,1485,941,High,City,1,53.33
Van,Diesel,1,11.3,907,1719,1586,Medium,Mixed,0,108.47
Van,Petrol,6,12.73,155,700,600,Low,City,1,18.33
Truck,Diesel,2,4.44,430,6803,5919,Low,City,1,133.9
Mini Truck,Petrol,3,8.67,959,3083,2578,Medium,City,1,164.27
Truck,Diesel,12,3.08,479,9975,1973,Low,Highway,0,180.45
Van,Petrol,6,14.25,215,1053,125,Low,Mixed,0,19.99
Truck,Petrol,12,3.69,30,8437,5810,Medium,Highway,1,9.98
Van,Diesel,2,12.49,263,715,306,High,Highway,1,29.35
Mini Truck,Petrol,11,6.56,149,2909,2479,Medium,Mixed,1,32.81
Van,Diesel,2,12.01,858,983,725,Medium,Mixed,1,99.45
Truck,Diesel,12,5.78,810,3121,1239,High,City,1,224.72
Truck,Petrol,8,4.9,921,6248,1711,Low,Highway,1,221.16
Bus,Diesel,6,4.75,189,0,0,Medium,City,1,53.76
Mini Truck,Petrol,1,9.53,824,2366,2062,Medium,Mixed,0,117.63
Van,Petrol,12,11.62,434,1478,276,Low,Highway,1,46.06
Mini Truck,Petrol,3,8.63,332,1689,742,Low,Mixed,1,46.17
Bus,Diesel,10,3.78,196,0,0,Low,City,0,64.88
Truck,Diesel,6,5.19,795,9647,2752,Medium,City,0,207.68
Mini Truck,Diesel,10,9.04,33,1738,1323,Low,Highway,0,3.01
Van,Petrol,2,10.72,628,1674,358,Low,Highway,1,64.68
Mini Truck,Diesel,12,7.77,428,1550,839,Low,City,1,77.71
Truck,Petrol,7,3.58,876,4093,1954,Medium,Mixed,0,329.8
Truck,Diesel,10,3.22,271,4382,1799,Medium,Highway,0,107.73
Van,Diesel,5,14.02,992,691,88,High,Highway,1,93.37
Truck,Diesel,7,5.9,492,11665,2352,Medium,Mixed,0,106.59
Bus,Petrol,5,3.8,505,1,0,Medium,Highway,1,160.7
Bus,Diesel,12,4.05,35,1,0,High,City,0,15.38
Mini Truck,Diesel,4,7.09,865,1369,910,Medium,Mixed,0,161.54
Van,Diesel,4,14.9,440,905,805,Low,Highway,1,34.66
Bus,Diesel,7,3.6,752,0,0,Low,City,1,267.53
Bus,Petrol,2,4.83,490,0,0,Low,City,1,124.24
Mini Truck,Petrol,8,9.8,899,1129,864,High,Highway,1,135.44
Bus,Diesel,10,4.95,848,1,1,Low,City,1,254.18
Bus,Diesel,9,4.1,108,0,0,Medium,Mixed,0,30.29
Van,Petrol,12,10.1,593,845,293,Low,City,1,81.17
Bus,Petrol,2,4.54,244,0,0,Medium,City,1,71.34
Bus,Diesel,9,4.65,603,1,1,Low,Highway,1,172.28
Bus,Petrol,12,3.45,448,0,0,High,Mixed,0,183.18
Bus,Petrol,3,3.4,84,1,1,High,Highway,0,35.43
Bus,Diesel,9,4.75,779,1,1,Medium,Highway,0,223.57
Mini Truck,Petrol,4,7.29,36,3416,2471,Low,Mixed,0,6.48
Mini Truck,Diesel,5,8.69,520,1204,624,High,Mixed,1,88.28
Truck,Petrol,4,4.37,302,11561,4291,Low,City,0,86.37
Mini Truck,Petrol,2,8.17,896,2848,2669,Medium,City,1,162.07
Mini Truck,Petrol,3,8.72,433,2588,957,High,Highway,1,68.64
Bus,Diesel,9,3.75,980,0,0,Low,Highway,1,298.95
Mini Truck,Diesel,10,9.37,362,1045,630,Low,Mixed,1,51.43
Mini Truck,Diesel,5,9.91,790,2488,1687,Medium,Highway,1,105.44
Truck,Diesel,12,3.74,626,7374,3480,High,Highway,0,236.77
Truck,Petrol,8,4.93,857,6456,182,Medium,City,0,231.72
Van,Diesel,12,10.1,953,1340,973,High,Mixed,1,150.98
Truck,Diesel,9,4.36,356,11307,7059,Low,Mixed,1,111.94
Truck,Petrol,8,5.25,331,9794,3348,High,Highway,1,87.66
Mini Truck,Diesel,12,9.38,888,3611,1321,Low,Mixed,1,126.33
Van,Diesel,2,13.17,683,620,268,High,City,0,77.32
Mini Truck,Petrol,1,7.63,879,1843,382,Low,Highway,1,126.75
Van,Diesel,8,10.15,201,1688,1190,High,Mixed,0,31.95
Van,Petrol,2,12.37,924,1357,661,Low,Highway,1,86.92
Truck,Petrol,12,5.74,453,3099,2186,Medium,Mixed,1,117.03
Van,Petrol,10,10.75,755,561,211,High,Mixed,0,103.02
Truck,Diesel,6,3.91,309,3315,462,Medium,Mixed,1,105.4
Mini Truck,Diesel,7,8.4,859,1260,696,High,City,0,158.74
Truck,Petrol,5,5.99,298,11691,2660,Low,Mixed,1,59.99
Van,Diesel,12,9.88,861,1920,1389,High,Highway,1,130.9
Truck,Petrol,8,4.51,669,3091,1582,Medium,Mixed,1,207.74
Van,Diesel,6,14.3,904,1580,1187,Low,Highway,1,77.76
Bus,Diesel,11,4.02,224,1,0,Medium,Highway,0,67.35
Mini Truck,Diesel,10,9.91,325,2688,2583,Low,City,0,48.15
Van,Diesel,9,12.77,675,564,530,Low,City,0,73.94
Mini Truck,Diesel,9,6.66,198,2698,2253,High,City,1,49.31
Bus,Diesel,11,4.7,548,1,0,High,Mixed,1,170.3
Van,Petrol,11,10.65,572,654,429,Low,City,0,75.03
Mini Truck,Diesel,3,9.2,155,2663,1605,Low,Mixed,0,17.83
Van,Diesel,4,12.75,670,1434,116,Low,City,0,62.57
Bus,Petrol,5,3.44,677,1,0,Medium,City,1,265.94
Truck,Diesel,3,3.03,697,7837,6639,High,Highway,1,335.56
Van,Petrol,4,11.45,981,538,92,Low,Highway,1,95.43
Bus,Diesel,1,3.37,434,1,1,High,Highway,0,179.33
Mini Truck,Petrol,1,6.53,404,2202,992,Medium,Highway,1,77.53
Truck,Petrol,6,3.67,533,9961,4191,Low,Mixed,1,183.06
Bus,Petrol,11,3.03,914,0,0,Medium,Mixed,1,402.78
Van,Diesel,6,14.25,530,1667,925,Low,Mixed,1,47.23
Bus,Petrol,7,3.3,150,0,0,Low,City,0,55.23
Mini Truck,Petrol,8,8.42,437,3559,2166,Medium,Mixed,0,70.35
Van,Petrol,10,10.86,946,1492,1365,Low,Highway,0,107.52
Bus,Diesel,10,4.05,189,0,0,Medium,Mixed,0,60.81
Truck,Petrol,7,4.19,617,10433,9325,Medium,Highway,0,197.51
Bus,Petrol,10,4.97,622,0,0,High,Mixed,0,175.99
Van,Petrol,9,13.41,547,1318,1138,Medium,Mixed,1,58.82
Mini Truck,Diesel,6,9.67,328,2776,50,Low,Highway,1,37.52
Van,Diesel,9,14.69,642,1015,916,Low,Highway,1,56.91
Van,Diesel,10,9.51,30,758,412,Low,Highway,0,4.5
Bus,Petrol,1,4.3,170,1,1,High,Mixed,0,59.71
Bus,Diesel,1,4.74,242,0,0,Medium,Highway,0,55.79
Van,Petrol,6,9.91,576,1801,1727,Medium,Highway,0,77.55
Mini Truck,Petrol,11,7.53,824,1654,1520,High,Mixed,0,172.94
Bus,Diesel,6,4.24,76,0,0,High,Highway,0,24.69
Bus,Diesel,1,4.14,458,1,1,High,Highway,1,162.36
Mini Truck,Diesel,10,9.76,684,3233,139,Medium,City,0,96.1
Truck,Diesel,8,4.98,977,7030,5144,Low,City,1,277.06
Mini Truck,Diesel,9,7.72,176,2364,1967,High,Mixed,1,37.94
Truck,Petrol,4,5.39,283,8035,4020,Low,Mixed,0,64.03
Bus,Diesel,2,4.31,890,1,1,Medium,Highway,0,267.41
Truck,Petrol,8,4.49,528,5778,600,Medium,Highway,0,142.64
Mini Truck,Diesel,10,9.05,170,1734,92,High,City,0,28.63
Van,Petrol,4,10.26,325,582,194,High,Highway,1,42.87
Bus,Petrol,8,3.57,818,0,0,Medium,City,1,315.63
Truck,Petrol,12,5.88,813,9815,2108,Low,City,0,181.3
Truck,Petrol,7,3.96,664,4168,3860,Low,Mixed,1,229.72
Truck,Petrol,12,3.72,627,5727,4409,Medium,Highway,1,237.65
Bus,Petrol,4,4.94,639,0,0,Low,Mixed,1,151.72
Truck,Petrol,6,4.63,348,4295,781,Medium,City,1,106.72
Mini Truck,Petrol,4,8.41,68,1479,815,High,City,1,13.89
Truck,Diesel,5,3.03,840,7027,6790,Low,Mixed,1,375.58
Bus,Petrol,2,4.08,799,0,0,Low,Mixed,0,216.55
Van,Diesel,9,9.14,411,928,602,Medium,Highway,0,57.52
Van,Petrol,9,12.33,663,1901,570,High,Mixed,0,78.12
Mini Truck,Diesel,3,7.57,734,1644,1245,Medium,Highway,1,129.8
Bus,Petrol,12,4.2,759,0,0,Low,City,1,238.28
Van,Diesel,1,14.6,327,1738,959,Medium,Highway,0,26.07
Mini Truck,Petrol,1,8.02,514,3478,2287,Low,Mixed,0,76.66
Truck,Diesel,10,5.1,879,4518,4430,High,Mixed,1,279.02
Van,Diesel,2,10.2,407,797,399,Low,Highway,1,45.35
Bus,Petrol,9,3.09,839,0,0,Medium,Highway,0,322.67
Truck,Diesel,10,4.97,485,3529,1209,High,Mixed,0,140.95
Van,Diesel,6,10.36,27,1463,1388,Medium,City,1,4.01
Bus,Petrol,5,3.96,904,0,0,High,Mixed,0,309.26
Van,Diesel,8,13.5,783,1092,799,Low,Mixed,1,76.73
Van,Petrol,7,14.26,437,1495,793,Low,City,0,42.14
Van,Petrol,12,13.55,392,1269,5,Low,Highway,0,33.03
Mini Truck,Diesel,12,8.14,402,1067,265,Medium,Mixed,1,70.12
Truck,Diesel,7,4.55,970,3793,1354,Low,City,0,273.0
Truck,Petrol,7,3.72,65,3137,1519,Low,Mixed,0,22.64
Mini Truck,Petrol,1,8.5,31,3407,494,Low,Mixed,0,2.76
Truck,Diesel,1,5.42,49,6887,5235,Low,City,0,12.79
Truck,Petrol,6,3.47,795,6277,3768,Medium,Mixed,1,320.51
Bus,Diesel,2,4.15,421,0,0,Low,Highway,1,109.21
Truck,Diesel,8,4.05,697,11077,4837,Medium,City,1,249.61
Van,Diesel,6,10.71,308,1640,1238,High,City,1,45.4
Van,Diesel,2,12.34,143,1791,1149,High,Mixed,1,17.93
Bus,Petrol,9,3.42,427,1,1,Medium,Highway,0,169.91
Bus,Diesel,2,3.99,342,1,0,High,City,1,123.98
Truck,Diesel,7,3.31,337,9881,2286,High,City,0,149.21
Mini Truck,Diesel,5,7.8,795,3622,631,Medium,City,0,136.71
Van,Diesel,6,13.8,536,628,374,Medium,Highway,0,47.74
Bus,Diesel,11,3.01,715,1,0,High,Mixed,0,335.6
Mini Truck,Petrol,2,7.26,559,1221,710,Medium,Mixed,0,101.21
Bus,Diesel,3,3.51,234,0,0,Low,Mixed,1,76.5
Bus,Petrol,10,3.53,769,1,1,High,City,0,360.15
Truck,Petrol,12,5.82,75,10660,9560,Medium,Mixed,1,19.79
Truck,Diesel,11,5.8,465,11708,6518,High,City,1,130.05
Van,Petrol,6,11.33,260,752,567,Low,City,1,30.82
Bus,Petrol,7,4.09,403,0,0,High,City,0,139.53
Van,Diesel,12,13.16,575,1470,181,Medium,Highway,0,54.69
Truck,Diesel,3,3.08,520,8896,7085,Low,Highway,0,196.22
Van,Petrol,4,13.72,599,772,215,Medium,City,1,60.81
Truck,Diesel,9,5.76,801,8278,3933,Low,City,1,190.97
Mini Truck,Diesel,5,6.66,656,2939,969,High,Highway,0,131.75
Bus,Diesel,1,3.27,42,0,0,High,Highway,1,16.08
Truck,Diesel,7,4.85,837,6734,6235,Low,Mixed,1,235.46
Bus,Diesel,4,4.92,639,1,0,High,Mixed,0,174.91
Truck,Petrol,6,5.46,882,4377,2689,Medium,Mixed,1,226.65
Van,Petrol,1,14.49,466,1406,662,High,Mixed,0,45.23
Van,Diesel,2,9.18,422,1967,1704,Medium,Highway,0,59.22
Van,Diesel,7,14.96,174,1984,1595,Low,City,1,14.61
Mini Truck,Petrol,4,6.82,927,1308,848,High,Mixed,0,198.91
Mini Truck,Petrol,5,8.92,23,1115,907,Low,Mixed,1,4.16
Truck,Diesel,7,5.39,193,8489,5131,High,Mixed,1,53.52
Van,Petrol,2,13.37,830,576,484,High,City,0,95.39
Van,Petrol,5,9.11,464,1827,1778,Medium,City,0,75.09
Mini Truck,Petrol,7,6.55,882,3331,9,Medium,Highway,0,157.45
Truck,Diesel,12,4.21,385,11328,10852,High,City,1,157.0
Mini Truck,Diesel,5,8.29,629,2094,1290,Medium,Mixed,0,103.46
Truck,Diesel,10,5.1,878,10936,9409,High,Mixed,1,277.59
Truck,Petrol,10,5.74,55,11291,7000,High,Mixed,1,13.39
Bus,Diesel,5,4.19,166,0,0,Medium,City,1,54.23
Van,Diesel,3,13.47,934,1709,526,Medium,Highway,0,83.79
Truck,Diesel,12,4.64,96,11743,10664,High,Highway,1,32.6
Bus,Petrol,4,3.5,736,0,0,Low,Highway,1,230.52
Mini Truck,Diesel,3,9.64,740,3423,2175,Medium,City,1,113.29
Van,Diesel,6,11.39,732,1444,1032,Medium,Highway,0,84.05
Van,Diesel,8,12.16,514,1618,1329,Low,City,1,60.65
Truck,Petrol,9,3.15,734,4262,1637,High,City,1,369.22
Mini Truck,Petrol,8,8.99,569,3355,2455,Medium,City,0,92.69
Bus,Petrol,11,3.89,217,1,1,High,Mixed,0,88.73
Truck,Petrol,3,3.6,879,4955,415,High,Highway,0,308.47
Mini Truck,Diesel,7,7.6,448,1030,202,Medium,City,1,84.71
Mini Truck,Petrol,5,7.32,989,3725,2141,Medium,City,1,195.39
Bus,Petrol,6,3.2,280,0,0,Medium,City,1,120.84
Truck,Diesel,1,4.16,553,10313,5530,Medium,Mixed,0,171.62
Bus,Diesel,6,3.14,281,1,1,Medium,Highway,0,118.24
Van,Petrol,5,10.56,646,1549,1205,Medium,City,0,88.53
Van,Diesel,4,12.18,37,1594,872,High,Highway,1,2.0
Mini Truck,Diesel,12,6.25,438,1081,502,Low,Highway,1,88.6
Bus,Diesel,4,4.03,197,1,0,Low,Mixed,1,58.26
Truck,Diesel,1,5.95,90,7554,6117,Low,City,0,19.04
Mini Truck,Diesel,10,7.9,918,2985,2358,Medium,Highway,1,161.92
Bus,Diesel,9,3.54,391,0,0,Medium,Mixed,1,148.14
Truck,Petrol,6,5.74,382,10602,3352,Medium,Mixed,1,89.03
Bus,Diesel,10,3.64,606,0,0,Medium,Mixed,0,211.83
Bus,Diesel,3,4.32,192,1,0,High,Mixed,1,63.11
Bus,Diesel,11,4.74,840,0,0,Low,Highway,1,207.92
Van,Petrol,9,10.68,215,535,479,Medium,Highway,0,27.2
Van,Diesel,10,13.46,502,1861,941,Medium,Mixed,1,54.21
Mini Truck,Petrol,10,7.46,336,1465,1344,Low,Mixed,1,64.45
Bus,Diesel,4,3.01,879,0,0,High,City,1,425.47
Bus,Diesel,10,3.84,682,0,0,Low,Highway,1,203.66
Truck,Petrol,12,4.65,490,7586,1357,Medium,City,1,154.5
Van,Diesel,8,10.15,432,505,196,Low,Mixed,0,54.37
Truck,Petrol,2,5.95,499,11677,1479,High,Mixed,0,113.29
Bus,Diesel,7,4.65,444,1,1,High,Mixed,0,146.94
Mini Truck,Diesel,4,6.53,245,3969,591,High,City,0,56.29
Mini Truck,Diesel,3,9.54,715,1933,965,High,Highway,0,99.78
Mini Truck,Petrol,5,9.49,662,3926,2220,High,City,0,105.75
Bus,Petrol,8,4.16,662,1,0,Medium,City,1,220.02
Bus,Petrol,4,4.19,858,0,0,High,Mixed,0,276.26
Mini Truck,Diesel,8,8.06,86,2444,2388,Medium,City,0,17.09
Bus,Petrol,9,4.98,434,1,0,High,Highway,1,119.02
Mini Truck,Petrol,4,8.1,721,1637,34,Medium,City,0,115.71
Van,Diesel,10,11.39,137,722,184,High,Mixed,0,17.44
Bus,Diesel,9,4.76,178,0,0,High,Mixed,1,54.52
Truck,Diesel,1,4.95,957,11002,115,Medium,City,0,240.93
Truck,Diesel,8,4.76,818,6595,3940,Low,Mixed,0,217.47
Mini Truck,Diesel,4,7.1,698,3893,2094,Medium,Mixed,1,134.66
Mini Truck,Diesel,4,8.86,522,1181,861,Medium,City,1,85.3
Van,Diesel,6,11.13,839,1413,27,Medium,City,0,99.47
Truck,Diesel,11,5.7,350,6572,820,Medium,City,0,84.64
Bus,Petrol,11,4.81,679,1,0,Low,Mixed,1,177.15
Van,Petrol,12,13.93,338,1039,91,Medium,Mixed,0,33.81
Truck,Diesel,5,3.19,687,10919,842,High,Highway,0,275.94
Van,Petrol,1,10.19,136,1597,909,Medium,Mixed,1,17.74
Truck,Diesel,10,4.92,477,10378,10123,High,Highway,0,144.91
Van,Petrol,11,10.6,318,1373,1049,Medium,City,1,45.88
Bus,Diesel,4,4.64,996,1,1,Medium,Highway,0,283.58
Mini Truck,Diesel,3,8.45,796,2965,895,Medium,Mixed,0,118.19
Truck,Petrol,10,5.83,743,8997,7422,Low,Mixed,0,167.95
Mini Truck,Diesel,2,8.04,780,3291,3170,Low,Mixed,0,124.28
Van,Diesel,6,12.36,331,1944,1355,High,Highway,0,38.39
Van,Diesel,5,9.54,583,1263,141,Medium,Mixed,1,78.49
Van,Petrol,7,9.14,327,1455,424,Medium,City,1,51.97
Bus,Petrol,3,4.45,577,1,1,Medium,Mixed,0,179.47
Mini Truck,Petrol,12,9.73,454,3497,470,Low,City,0,60.69
Bus,Diesel,3,4.8,545,0,0,High,Highway,1,148.59
Truck,Petrol,2,3.68,300,7912,6863,High,City,1,130.08
Truck,Petrol,9,3.61,314,10976,7368,Low,Mixed,0,112.82
Van,Petrol,5,12.99,226,994,994,Low,Highway,1,21.65
Bus,Diesel,10,4.45,139,1,0,High,Highway,1,42.56
Mini Truck,Petrol,8,6.49,443,2546,1701,Medium,Highway,0,88.51
Van,Petrol,12,11.36,198,992,284,Low,Highway,0,19.52
Van,Diesel,5,12.68,94,1614,81,Low,Mixed,1,8.6
Mini Truck,Diesel,7,7.95,36,3528,3032,Low,City,1,4.59
Truck,Petrol,3,4.91,433,7523,6670,Low,City,1,121.95
Truck,Diesel,4,3.74,488,8741,1026,Medium,City,1,177.26
Mini Truck,Petrol,3,9.47,132,2543,215,High,City,0,19.42
Mini Truck,Diesel,7,6.87,821,3324,2394,Medium,Mixed,1,170.56
Bus,Petrol,10,4.52,517,0,0,High,City,1,173.78
Bus,Diesel,5,4.22,241,0,0,High,City,0,81.67
Van,Petrol,6,9.38,871,1978,426,Medium,City,1,130.93
Mini Truck,Petrol,3,6.72,606,3195,936,Low,City,1,114.9
Van,Diesel,2,10.52,407,1239,565,High,Mixed,0,52.8
Bus,Petrol,5,4.16,172,0,0,Medium,Highway,0,46.3
Bus,Petrol,9,4.03,85,1,0,Low,Mixed,0,24.09
Bus,Diesel,10,3.64,471,0,0,Medium,Mixed,1,171.67
Mini Truck,Diesel,9,6.78,843,3860,2164,Medium,Mixed,0,169.53
Truck,Diesel,12,5.09,107,10871,3984,Medium,Highway,0,25.48
Bus,Diesel,2,3.5,567,1,1,Medium,Highway,0,210.05
Truck,Petrol,9,3.23,66,10472,1594,High,Mixed,1,30.2
Bus,Petrol,5,3.26,436,1,0,High,Mixed,0,181.27
Van,Petrol,10,12.94,848,1000,946,High,Highway,1,100.27
Bus,Diesel,12,4.49,433,0,0,Low,Highway,0,107.51
Van,Diesel,3,14.75,682,1384,686,High,City,0,67.75
Bus,Diesel,3,3.58,118,0,0,Medium,Highway,0,37.21
Mini Truck,Petrol,8,6.15,282,2290,308,Medium,Mixed,0,57.87
Truck,Diesel,7,4.27,889,7093,1685,High,Mixed,0,294.82
Van,Diesel,3,10.67,257,564,327,High,Highway,0,30.48
Van,Diesel,6,11.27,117,1841,56,High,Mixed,0,13.74
Truck,Diesel,4,3.77,248,8025,1712,High,Highway,0,85.77
Van,Diesel,6,10.09,835,1275,239,Low,Highway,0,90.73
Bus,Petrol,7,4.36,241,1,0,Medium,Highway,1,70.67
Bus,Petrol,10,3.89,197,0,0,Medium,Mixed,1,67.77
Mini Truck,Diesel,5,6.7,993,1223,1194,Medium,Highway,1,202.69
Mini Truck,Petrol,11,9.62,697,1993,566,High,Mixed,1,109.37
Van,Petrol,4,11.14,724,688,342,Low,City,1,84.27
Bus,Petrol,10,4.69,802,1,1,Medium,Highway,1,244.44
Van,Diesel,10,14.5,127,1352,614,Medium,City,1,11.98
Van,Diesel,7,14.09,183,1929,759,Medium,City,1,19.81
Mini Truck,Petrol,12,7.27,233,1955,692,High,Mixed,1,48.5
Van,Petrol,12,10.5,918,1093,414,High,City,1,140.46
Van,Petrol,2,11.03,676,667,160,Medium,Mixed,1,78.49
Van,Diesel,6,10.63,440,1850,586,High,City,1,65.71
Van,Diesel,7,13.71,170,1305,1102,Medium,Mixed,1,17.62
Van,Diesel,7,9.58,989,959,689,High,Highway,0,148.72
Mini Truck,Diesel,12,7.85,43,1119,501,Medium,Highway,1,8.38
Van,Petrol,1,11.83,870,840,793,Low,Highway,1,91.03
Mini Truck,Petrol,9,9.62,415,1078,286,High,City,0,65.49
Truck,Diesel,2,5.94,626,9524,3218,Medium,City,1,145.99
Van,Petrol,11,10.67,612,795,766,High,Highway,1,86.79
Bus,Petrol,7,3.41,632,0,0,Low,City,0,225.78
Bus,Diesel,4,3.79,703,1,0,Low,Highway,1,203.2
Mini Truck,Petrol,10,7.84,482,3541,1679,High,Highway,1,89.42
Van,Diesel,6,10.32,127,727,33,Medium,Highway,0,12.69
Bus,Diesel,2,3.8,601,0,0,High,City,0,219.78
Truck,Diesel,4,3.69,507,7454,1764,High,City,1,208.5
Van,Petrol,9,13.77,865,1076,93,High,Mixed,1,92.93
Truck,Diesel,2,5.59,241,11087,9838,Low,Highway,1,52.94
Truck,Diesel,7,3.03,690,7635,4737,High,Mixed,0,338.55
Truck,Diesel,5,4.97,174,5646,316,High,Mixed,1,48.93
Mini Truck,Diesel,7,9.66,917,1135,148,High,Mixed,0,130.23
Van,Petrol,3,9.73,533,910,264,High,City,1,81.18
Bus,Diesel,1,3.42,96,0,0,Medium,Highway,1,34.44
Truck,Petrol,10,3.3,80,11905,6261,Low,City,1,33.48
Truck,Diesel,8,3.35,616,5215,800,High,City,0,271.41
Van,Petrol,8,13.01,975,508,82,High,Mixed,0,105.24
Bus,Diesel,2,3.27,344,1,1,Low,City,0,144.3
Van,Petrol,8,14.09,409,1254,1005,Medium,City,0,44.75
Truck,Diesel,9,5.37,960,4305,307,High,City,1,274.9
Truck,Petrol,2,5.35,275,7690,1387,High,Highway,0,65.22
Bus,Petrol,1,3.15,104,0,0,Medium,Highway,1,38.65
Truck,Petrol,10,4.99,88,6039,3182,Medium,Mixed,1,23.31
Bus,Petrol,3,5.0,795,0,0,High,City,1,232.32
Truck,Diesel,3,4.9,757,7636,3985,Low,Mixed,1,192.32
Bus,Petrol,7,3.78,79,1,0,Low,City,0,25.76
Bus,Petrol,8,3.7,394,1,0,Medium,Mixed,1,138.18
Van,Diesel,8,12.83,179,676,466,Medium,City,0,19.58
Bus,Petrol,6,3.05,507,1,0,Low,Mixed,0,188.5
Truck,Petrol,11,5.76,25,4822,1822,Medium,Mixed,1,5.38
Van,Petrol,1,13.72,816,1548,911,Low,Highway,0,65.72
Mini Truck,Petrol,9,8.4,843,3753,1113,Low,City,0,129.14
Van,Diesel,8,11.45,757,893,513,Low,Highway,1,82.54
Van,Diesel,4,9.86,199,803,185,High,Highway,1,25.95
Truck,Petrol,8,3.98,217,5548,4309,Medium,Mixed,1,79.31
Truck,Diesel,5,3.28,639,7390,3705,Low,Highway,1,233.34
Truck,Diesel,4,4.04,893,3486,3383,Medium,Highway,1,301.03
Mini Truck,Diesel,3,9.06,154,3173,2425,Low,City,1,22.38
Truck,Petrol,8,4.67,797,3670,2452,Medium,Mixed,0,235.28
Truck,Diesel,9,3.05,936,4192,194,Medium,Highway,1,384.51
Bus,Diesel,5,3.15,825,1,0,High,Highway,1,345.95
Bus,Petrol,9,3.82,770,1,1,High,Highway,0,299.7
Van,Diesel,11,12.06,248,1637,1249,Low,City,0,29.32
Bus,Petrol,9,4.28,709,0,0,Low,City,0,204.09
Van,Diesel,4,13.94,946,1770,1485,High,City,1,110.14
Van,Petrol,10,12.45,585,1153,679,Medium,City,1,71.25
Bus,Petrol,12,4.54,609,1,0,High,Highway,1,186.09
Mini Truck,Diesel,12,7.19,642,1627,1064,High,City,0,142.55
Mini Truck,Diesel,12,6.19,490,2358,1721,Low,Highway,1,101.95
Bus,Petrol,8,4.79,428,0,0,Medium,Highway,1,110.55
Mini Truck,Diesel,4,7.67,326,3294,283,High,Mixed,0,59.09
Van,Petrol,4,12.81,219,1548,574,Medium,Mixed,1,22.09
Van,Petrol,5,10.62,900,1441,1021,Low,City,0,113.05
Bus,Diesel,4,4.49,237,1,0,Medium,Mixed,0,61.89
Truck,Petrol,2,4.36,133,5064,2521,High,City,1,45.96
Van,Petrol,10,9.65,342,1594,692,Medium,City,0,50.58
Mini Truck,Diesel,8,8.25,186,2551,61,Medium,Highway,1,26.74
Mini Truck,Diesel,4,9.99,692,1872,453,Low,Mixed,1,82.94
Bus,Petrol,3,4.86,349,0,0,High,Mixed,0,94.71
Mini Truck,Diesel,1,7.12,465,1572,1239,Medium,Highway,0,82.11
Mini Truck,Diesel,2,7.94,162,1642,1229,Low,Highway,1,24.36
Truck,Petrol,8,4.62,387,5897,976,High,Highway,0,108.71
Mini Truck,Petrol,10,6.84,246,1020,405,Low,City,0,44.98
Van,Diesel,4,12.52,329,1524,92,High,City,0,36.61
Van,Diesel,1,11.51,69,1875,1198,Low,Mixed,0,7.77
Van,Diesel,6,12.71,518,1502,1237,Low,Mixed,0,49.21
Truck,Diesel,11,3.07,121,8596,7049,Medium,Highway,0,52.91
Bus,Petrol,12,4.44,85,1,1,High,Mixed,1,30.96
Bus,Petrol,1,4.45,252,0,0,Low,City,1,70.19
Van,Diesel,12,10.41,499,1288,1285,Medium,Mixed,0,70.46
Bus,Petrol,7,3.58,474,1,0,Low,Mixed,0,152.72
Bus,Petrol,4,4.36,962,0,0,Low,Mixed,1,258.32
Mini Truck,Petrol,7,8.85,372,2392,239,Low,Mixed,1,48.64
Mini Truck,Diesel,3,6.11,587,3357,655,Low,Mixed,1,115.74
Mini Truck,Diesel,7,8.65,81,3954,2559,Low,Highway,0,11.37
Truck,Diesel,7,4.44,969,11963,11137,Medium,Highway,1,303.44
Mini Truck,Petrol,4,7.34,223,1554,309,High,City,0,48.64
Bus,Diesel,2,4.74,682,1,1,High,City,1,230.59
Van,Petrol,2,9.5,339,811,620,Low,Highway,0,43.38
Truck,Diesel,8,5.49,790,7024,4667,High,Mixed,0,215.44
Van,Diesel,4,9.86,633,1395,705,High,Mixed,1,95.42
Mini Truck,Diesel,3,9.88,284,3192,2922,Low,City,0,38.6
Mini Truck,Petrol,6,8.28,961,2396,861,High,Highway,0,155.56
Truck,Diesel,5,5.0,417,3496,3336,Medium,Highway,1,113.72
Mini Truck,Petrol,3,7.72,928,1902,1784,Medium,Highway,0,156.52
Mini Truck,Diesel,5,7.26,847,2414,903,Low,City,1,151.87
Mini Truck,Petrol,7,8.45,561,2682,1065,Medium,Mixed,1,91.95
Mini Truck,Diesel,3,7.11,745,3366,1179,Medium,Highway,0,124.51
Bus,Petrol,11,3.28,443,0,0,High,Highway,1,185.03
Bus,Petrol,9,4.86,166,0,0,High,Highway,1,45.91
Van,Petrol,7,13.27,987,867,611,Low,Mixed,1,100.2
Truck,Petrol,10,5.33,918,7217,5610,Medium,Highway,0,230.14
Van,Diesel,5,11.62,942,1845,760,Low,Highway,0,91.56
Van,Petrol,8,11.77,736,1912,1750,High,Mixed,0,95.72
Bus,Petrol,8,4.45,402,1,0,Low,Mixed,1,110.22
Truck,Petrol,1,3.61,115,11678,2194,Medium,City,0,42.04
Van,Diesel,8,12.87,77,819,710,High,Mixed,1,11.71
Bus,Diesel,12,4.85,804,1,1,High,City,0,276.63
Mini Truck,Diesel,7,8.52,889,3748,575,High,City,0,153.94
Truck,Diesel,2,5.97,861,5482,221,Low,Mixed,1,167.02
Bus,Diesel,7,4.63,229,0,0,Low,City,1,64.37
Mini Truck,Diesel,9,6.67,639,3831,2212,Medium,City,0,137.47
Van,Petrol,1,14.11,279,1810,1386,High,City,1,31.9
Van,Diesel,9,14.91,601,1358,573,High,Highway,0,55.63
Van,Diesel,5,12.73,972,691,577,Low,City,0,103.03
Truck,Diesel,2,5.7,132,7780,3207,Medium,City,0,31.24
Truck,Diesel,9,5.2,281,3585,1170,High,Highway,0,74.27
Bus,Diesel,5,3.48,414,1,1,High,City,0,190.21
Van,Petrol,4,12.13,301,1840,211,High,Mixed,0,34.02
Mini Truck,Petrol,8,7.28,221,3071,204,Low,Mixed,0,37.47
Truck,Petrol,9,5.79,478,9249,4617,Low,City,1,115.1
Bus,Diesel,2,4.92,178,0,0,Medium,Mixed,0,44.46
Mini Truck,Diesel,8,8.81,129,2785,382,Medium,Mixed,1,19.0
Mini Truck,Petrol,2,6.34,866,3339,1925,Medium,City,1,193.41
Van,Diesel,3,11.48,756,1475,85,Medium,Highway,1,79.54
Van,Petrol,4,10.53,88,1818,1104,High,City,1,14.17
Bus,Petrol,12,3.3,393,1,0,Low,Highway,0,135.15
Bus,Diesel,7,3.8,116,0,0,Medium,Mixed,1,38.96
Bus,Diesel,2,4.36,458,1,1,High,City,0,164.65
Truck,Diesel,1,3.45,229,11444,5586,Low,City,0,80.86
Mini Truck,Petrol,7,8.37,281,3651,909,Medium,Highway,1,41.99
Truck,Diesel,6,3.38,986,11484,6072,Medium,City,0,411.11
Van,Diesel,9,11.8,568,890,7,High,City,0,69.79
Truck,Petrol,4,4.67,832,5734,3963,Medium,City,1,261.66
Truck,Diesel,9,3.88,729,8227,2101,High,City,1,292.12
Van,Diesel,10,9.37,169,1406,169,Low,Highway,0,20.62
Bus,Diesel,4,3.59,241,1,1,High,Highway,1,98.65
Mini Truck,Petrol,8,6.38,970,3535,3416,High,City,0,247.0
Mini Truck,Diesel,7,7.46,378,3498,1779,Medium,City,1,70.47
Mini Truck,Petrol,1,8.43,406,3963,2790,High,Highway,0,65.12
Bus,Petrol,1,3.03,185,1,0,Medium,Highway,1,68.87
Bus,Diesel,8,4.25,150,0,0,Low,Mixed,0,42.39
Bus,Diesel,10,4.41,390,1,0,High,City,1,135.35
Van,Petrol,1,13.57,827,1185,1009,High,Mixed,0,89.74
Truck,Petrol,1,5.24,90,4575,359,Medium,Mixed,0,22.51
Mini Truck,Diesel,1,8.02,377,1551,821,High,Mixed,0,64.92
Bus,Petrol,6,4.2,245,0,0,Medium,City,0,78.51
Bus,Petrol,2,4.2,310,0,0,High,City,1,107.4
Truck,Petrol,7,3.73,668,11279,6769,Medium,City,0,255.46
Van,Diesel,4,9.55,162,1513,1418,High,City,1,28.99
Bus,Diesel,9,3.28,290,1,1,High,Highway,1,134.83
Van,Petrol,1,9.24,41,570,144,High,City,0,5.34
Truck,Petrol,11,5.24,108,3286,1309,High,Highway,1,29.19
Bus,Diesel,3,3.99,430,0,0,High,Highway,0,134.08
Van,Diesel,6,14.39,410,1842,444,High,Mixed,0,38.72
Truck,Diesel,1,3.17,73,3617,2413,High,Mixed,0,34.4
Truck,Petrol,9,3.34,894,3058,1268,High,Highway,0,370.31
Van,Petrol,12,14.71,576,632,343,High,Highway,0,56.72
Van,Diesel,5,13.24,447,1797,908,Medium,Highway,0,41.21
Mini Truck,Petrol,3,8.14,544,3632,101,Low,Highway,0,66.99
Mini Truck,Diesel,6,9.41,818,3343,1241,Medium,Mixed,1,118.27
Mini Truck,Diesel,6,9.65,868,1902,150,Low,Highway,1,98.82
Van,Diesel,1,14.17,972,1386,1018,Low,Mixed,1,87.19
Bus,Diesel,2,4.12,784,0,0,Medium,Highway,1,221.0
Van,Petrol,7,13.4,795,1229,58,High,Highway,1,82.39
Mini Truck,Petrol,8,8.76,527,1402,1042,Medium,City,0,89.15
Van,Petrol,4,11.59,702,1577,1361,Medium,Highway,0,78.59
Mini Truck,Diesel,8,9.7,182,1704,1212,Low,City,1,27.94
Mini Truck,Petrol,9,9.32,603,3108,45,High,Mixed,0,89.09
Mini Truck,Petrol,2,9.8,211,2330,692,High,Mixed,0,30.22
Mini Truck,Petrol,10,8.33,128,2302,2193,Low,City,1,22.85
Mini Truck,Petrol,8,6.61,409,2321,2031,Medium,Highway,0,83.08
Bus,Diesel,6,3.06,960,0,0,High,City,0,450.15
Mini Truck,Diesel,7,7.32,212,3258,2386,High,Highway,0,42.06
Bus,Petrol,6,4.6,683,1,0,Low,City,1,187.43
Truck,Diesel,11,4.08,755,3714,17,High,Highway,1,253.53
Bus,Diesel,9,4.9,674,1,1,Medium,Highway,0,187.29
Truck,Diesel,10,3.59,768,5023,832,Low,City,0,273.64
Truck,Petrol,11,3.11,605,7509,1400,Low,City,1,261.48
Van,Diesel,3,10.36,639,887,417,Low,Highway,0,67.39
Mini Truck,Diesel,1,6.05,220,3041,2617,Low,Highway,1,47.07
Van,Petrol,11,13.26,738,784,265,High,City,1,90.36
Van,Petrol,12,12.81,526,550,334,High,Highway,1,62.29
Bus,Petrol,11,4.92,714,1,1,Medium,City,0,223.57
Mini Truck,Petrol,4,7.45,982,2244,1036,Medium,Highway,1,167.56
Bus,Diesel,5,3.76,382,1,1,High,Highway,1,151.25
Van,Petrol,9,13.45,982,968,677,Medium,Mixed,1,105.66
Van,Petrol,8,10.3,550,1302,613,Medium,Highway,0,67.84
Truck,Petrol,8,4.09,966,10716,74,High,Mixed,1,336.55
Van,Diesel,11,11.45,243,1749,1148,High,Mixed,1,33.89
Bus,Diesel,12,3.86,384,1,0,Low,Mixed,1,124.17
Bus,Diesel,6,4.99,630,0,0,Low,Mixed,1,147.95
Mini Truck,Petrol,3,8.93,488,1033,104,Low,City,0,64.44
Van,Diesel,12,11.8,776,965,936,Medium,Highway,1,94.5
Bus,Petrol,11,4.26,267,0,0,High,Highway,0,85.62
Mini Truck,Diesel,6,8.24,382,2438,450,Low,Mixed,0,55.06
Truck,Petrol,6,3.07,116,6030,4606,Medium,Highway,1,49.31
Van,Diesel,3,14.45,810,1721,542,High,Mixed,0,78.31
Van,Petrol,10,14.15,100,1177,385,High,Mixed,0,8.45
Truck,Diesel,4,4.97,909,3478,1125,Low,City,1,238.74
Van,Petrol,5,9.89,409,1389,1383,Low,Mixed,1,55.65
Truck,Diesel,9,4.09,217,6660,4329,High,Mixed,1,82.5
Bus,Petrol,6,4.91,61,1,1,High,Mixed,0,20.72
Van,Petrol,2,9.47,965,1863,1847,Medium,City,1,151.15
Bus,Diesel,12,3.91,965,0,0,Medium,Highway,1,311.76
Van,Diesel,7,11.73,276,1006,452,Medium,Highway,0,28.73
Truck,Petrol,8,4.12,799,9933,2732,Medium,City,0,268.78
Van,Petrol,1,12.08,543,1576,242,High,City,1,63.7
Van,Diesel,10,12.73,604,621,434,Low,Highway,1,57.13
Van,Diesel,4,14.54,992,1724,688,Low,City,1,88.96
Truck,Petrol,6,3.1,959,8405,2340,Low,Mixed,1,384.3
Mini Truck,Diesel,11,9.22,240,1709,1557,Medium,Highway,0,37.21
Bus,Petrol,2,4.32,78,0,0,Low,City,0,20.57
Mini Truck,Petrol,6,6.18,586,3783,592,Low,Mixed,0,110.27
Truck,Diesel,5,3.4,472,8927,6079,Medium,City,0,198.87
Truck,Diesel,12,3.99,312,3397,3065,High,City,0,126.97
Truck,Diesel,11,3.9,401,10141,10076,Low,Highway,0,132.05
Van,Petrol,8,9.71,348,1815,219,Low,City,0,45.09
Truck,Petrol,10,3.38,951,8566,1052,Medium,Highway,0,344.39
Truck,Petrol,3,5.06,768,4366,438,High,City,0,214.62
Van,Diesel,2,12.56,600,1004,406,Low,City,1,61.8
Van,Petrol,7,13.67,387,733,27,Low,Mixed,1,31.17
Mini Truck,Diesel,8,8.57,402,2418,331,Low,Highway,1,53.37
Bus,Petrol,1,3.02,26,0,0,Low,Mixed,1,10.36
Van,Petrol,9,12.68,982,936,762,Medium,Mixed,1,112.4
Truck,Diesel,10,3.95,799,9549,7415,Medium,Highway,0,271.08
Truck,Petrol,1,4.81,437,6370,2237,High,Mixed,1,129.84
Bus,Petrol,11,3.14,265,0,0,Medium,Mixed,0,108.46
Truck,Diesel,4,5.49,196,5165,3656,Low,Highway,1,43.67
Truck,Diesel,4,3.84,578,3984,411,Medium,Highway,0,173.23
Truck,Diesel,4,4.61,390,11960,2769,Low,Highway,0,91.26
Van,Diesel,11,11.32,818,748,741,High,City,0,120.56
Mini Truck,Diesel,4,8.15,716,3771,2734,Low,Mixed,1,114.44
Van,Petrol,10,9.08,743,1545,1213,Medium,Mixed,1,119.69
Mini Truck,Petrol,3,6.18,152,1094,724,Low,City,0,32.22
Truck,Petrol,1,4.37,295,10105,3955,High,City,0,98.77
Bus,Diesel,3,3.43,561,0,0,Medium,Highway,0,182.36
Truck,Petrol,11,3.91,450,7252,2976,High,City,0,180.22
Mini Truck,Petrol,6,7.56,210,1470,1228,Medium,City,1,41.55
Truck,Diesel,8,4.34,532,4905,4104,Medium,Highway,1,169.75
Van,Petrol,7,9.64,965,1322,781,Medium,Mixed,0,137.21
Truck,Petrol,6,4.48,220,10516,1612,High,Mixed,1,68.95
Bus,Diesel,3,4.46,723,0,0,High,Mixed,1,222.86
Mini Truck,Diesel,5,7.19,200,2601,1561,Medium,City,0,38.82
Van,Diesel,5,14.71,844,726,73,Medium,City,0,74.69
Bus,Diesel,11,4.34,322,1,0,High,Highway,0,100.76
Mini Truck,Petrol,4,9.55,510,2702,1072,Low,City,1,69.01
Bus,Petrol,9,4.95,969,1,1,Low,Highway,1,257.73
Van,Diesel,1,10.67,719,950,498,High,Mixed,0,94.88
Mini Truck,Diesel,12,9.37,205,2411,2361,High,Highway,0,31.73
Van,Petrol,1,11.3,306,1725,456,Low,Highway,1,29.52
Truck,Petrol,12,5.81,116,5378,4743,Low,Mixed,1,28.51
Van,Diesel,9,9.94,551,1482,254,Low,Highway,0,61.73
Truck,Petrol,12,4.75,888,9561,875,Medium,City,1,268.43
Bus,Petrol,5,4.16,343,1,0,Low,Highway,0,85.94
Mini Truck,Diesel,2,7.12,447,2676,1375,Medium,Mixed,0,79.33
Truck,Diesel,7,3.23,840,6461,5176,High,Mixed,1,407.17
Mini Truck,Diesel,2,9.97,116,1819,1697,Low,Mixed,1,17.44
Bus,Petrol,8,4.64,448,1,0,High,City,1,144.85
Van,Petrol,9,12.04,879,681,587,Low,Mixed,0,97.02
Mini Truck,Diesel,12,6.19,863,1848,1316,Low,City,0,195.76
Mini Truck,Petrol,6,6.75,195,3798,2849,Low,City,0,37.33
Van,Petrol,2,13.81,501,995,78,High,Mixed,1,52.26
Bus,Diesel,1,3.62,268,0,0,Medium,Mixed,0,88.34
Bus,Petrol,6,4.03,369,1,0,High,City,0,132.89
Truck,Diesel,8,5.55,667,6568,4945,Low,Highway,1,151.21
Bus,Diesel,8,4.62,873,0,0,High,Mixed,0,262.95
Bus,Diesel,11,4.48,908,1,1,Medium,Highway,0,282.65
Van,Diesel,7,13.87,575,748,712,Medium,Highway,1,58.34
Bus,Petrol,2,4.65,259,1,1,Low,City,1,78.26
Van,Diesel,10,10.45,429,1463,1224,High,Mixed,1,65.41
Truck,Petrol,12,4.98,495,8936,8820,Low,Mixed,1,143.35
Truck,Diesel,12,3.32,815,10920,10421,Low,City,0,354.1
Mini Truck,Petrol,9,6.26,656,1844,441,Medium,Highway,1,132.09
Mini Truck,Diesel,8,8.77,692,1495,980,Low,Mixed,1,103.45
Truck,Diesel,5,3.4,194,5812,5294,High,City,0,90.16
Van,Diesel,7,13.04,771,1003,189,Low,City,1,77.47
Bus,Diesel,2,4.78,684,0,0,Medium,City,1,188.82
Van,Petrol,9,14.24,705,1054,318,High,Highway,0,69.01
Bus,Diesel,6,3.01,441,1,1,Medium,Mixed,0,205.71
Truck,Petrol,11,3.2,300,8510,6824,Low,Mixed,1,129.95
Truck,Petrol,8,4.05,743,11833,10158,Low,Highway,1,233.47
Truck,Petrol,5,5.49,878,5199,2458,Medium,Highway,0,198.44
Van,Petrol,2,13.0,678,644,27,Low,City,1,63.91
Bus,Petrol,3,4.5,56,0,0,High,Highway,0,16.06
Mini Truck,Petrol,12,7.53,979,3388,2719,Medium,Mixed,0,186.76
Van,Petrol,4,10.39,602,1285,191,Medium,Highway,0,69.14
Van,Diesel,10,13.76,307,1125,259,High,Mixed,0,33.41
Bus,Diesel,7,3.85,544,0,0,High,Highway,1,190.04
Mini Truck,Diesel,4,9.22,571,3762,2119,High,Highway,0,84.16
Bus,Diesel,8,3.74,944,1,1,High,City,0,412.12
Mini Truck,Petrol,5,6.7,595,2020,1489,Low,City,0,117.5
Bus,Petrol,1,3.9,368,0,0,Low,Mixed,1,108.6
Van,Petrol,10,10.63,906,1482,1293,Low,Highway,1,113.38
Mini Truck,Petrol,6,6.84,879,3461,393,Medium,City,1,178.68
Truck,Petrol,8,3.37,24,11569,3299,Low,Mixed,1,8.11
Bus,Diesel,9,4.02,976,1,0,Medium,City,1,337.91
Mini Truck,Petrol,7,7.8,613,3207,2503,Medium,City,0,113.23
Mini Truck,Diesel,8,8.8,913,3631,91,Medium,Mixed,0,131.88
Truck,Petrol,10,4.32,46,4344,661,Low,Mixed,1,13.93
Mini Truck,Diesel,6,7.57,462,2468,1715,High,City,0,92.66
Bus,Diesel,9,4.46,722,1,0,Low,City,1,207.44
Bus,Petrol,10,4.77,229,0,0,Medium,Mixed,0,61.11
Bus,Petrol,10,4.03,924,0,0,Medium,City,0,309.17
Bus,Petrol,7,4.71,516,0,0,Medium,City,0,143.16
Van,Petrol,3,13.77,502,1390,147,High,Mixed,0,49.65
Bus,Petrol,2,3.6,884,0,0,Low,City,0,287.6
Van,Petrol,12,14.99,793,1376,353,Medium,City,0,74.69
Mini Truck,Diesel,9,8.59,796,3346,1001,High,City,0,139.38
Mini Truck,Diesel,6,8.05,757,1904,38,Low,Highway,0,101.28
Van,Petrol,9,12.47,106,1731,682,High,Mixed,0,14.4
Truck,Petrol,11,5.76,948,9043,2415,High,City,1,259.14
Bus,Petrol,8,3.1,416,0,0,Medium,City,0,177.74
Truck,Diesel,12,4.27,716,7157,2490,Medium,Highway,1,224.05
Mini Truck,Petrol,12,8.95,127,2001,476,High,Highway,0,19.19
Van,Diesel,6,11.64,508,1363,181,High,Mixed,0,60.23
Mini Truck,Diesel,2,9.54,907,2234,1146,Medium,City,1,135.16
Mini Truck,Diesel,11,7.65,270,1556,794,Medium,City,1,50.72
Truck,Petrol,8,3.79,647,11123,6133,Medium,Mixed,1,242.16
Van,Petrol,9,13.28,382,783,601,Low,City,1,41.17
Bus,Diesel,4,3.95,590,1,1,Medium,City,0,219.08
Bus,Diesel,1,4.92,498,1,1,Medium,Highway,1,135.53
Mini Truck,Petrol,4,7.19,792,1311,649,Medium,Highway,0,135.34
Truck,Diesel,1,4.93,891,3762,2338,Medium,Mixed,0,233.21
Mini Truck,Petrol,7,7.43,267,3073,614,High,City,1,56.63
Bus,Diesel,9,4.97,394,1,1,Low,City,0,112.62
Van,Diesel,7,11.58,902,565,13,Low,City,1,99.78
Truck,Diesel,2,3.18,335,7022,6675,High,Mixed,1,163.49
Mini Truck,Diesel,2,8.4,601,3448,2055,High,Mixed,1,104.47
Bus,Diesel,2,4.1,786,1,0,Medium,City,1,253.62
Mini Truck,Diesel,5,8.92,455,2926,1837,Low,Mixed,1,65.63
Mini Truck,Diesel,5,8.88,429,3390,1685,High,Mixed,1,72.97
Van,Diesel,12,11.24,433,772,377,Medium,Mixed,1,52.84
Truck,Diesel,5,5.15,257,6812,5666,Low,Mixed,0,63.74
Van,Petrol,7,14.45,304,535,323,Medium,Mixed,0,27.86
Mini Truck,Diesel,3,6.27,88,1224,726,Low,Highway,1,17.18
Mini Truck,Diesel,5,7.94,238,2847,997,High,Mixed,0,42.92
Bus,Petrol,12,4.48,287,1,0,Medium,City,1,90.12
Van,Diesel,4,10.96,125,1037,577,Low,Mixed,0,13.06
Van,Petrol,11,10.35,570,1231,168,High,Mixed,1,81.63
Mini Truck,Petrol,8,7.92,112,1391,417,Low,City,0,17.08
Van,Diesel,3,11.13,293,1265,400,Medium,City,0,36.21
Bus,Diesel,10,4.87,730,1,0,Low,City,1,194.42
Bus,Diesel,10,4.05,958,0,0,Low,Mixed,1,287.46
Bus,Petrol,9,4.68,405,0,0,Medium,City,0,115.51
Van,Diesel,2,12.53,800,1137,1090,High,Highway,0,88.94
Truck,Diesel,9,3.2,414,7230,7095,Low,City,0,181.32
Van,Petrol,3,9.62,608,1745,757,Medium,Mixed,0,79.92
Truck,Diesel,3,3.19,503,8151,1267,Low,City,0,190.61
Truck,Petrol,12,4.2,105,6221,2043,Medium,Mixed,1,36.82
Bus,Diesel,1,4.9,59,1,0,Low,Highway,1,13.14
Bus,Diesel,8,3.88,707,0,0,High,Highway,0,236.15
Mini Truck,Petrol,10,8.2,340,3718,3145,Medium,City,1,64.91
Mini Truck,Diesel,12,9.2,142,2333,1243,High,Mixed,0,22.85
Truck,Diesel,7,5.82,176,7372,2795,Low,City,1,39.64
Truck,Diesel,1,4.26,676,4714,3132,Medium,Mixed,0,206.43
Truck,Diesel,12,5.18,700,5169,1311,Medium,Highway,0,168.93
Mini Truck,Diesel,7,9.3,723,1515,311,Low,Mixed,1,95.7
Bus,Petrol,3,4.3,997,1,1,Low,Highway,0,280.74
Bus,Petrol,10,4.6,783,0,0,Low,Highway,1,195.63
Van,Diesel,11,13.8,380,1797,1297,Medium,Highway,0,36.4
Mini Truck,Diesel,12,6.8,67,1597,62,High,Mixed,1,13.42
Bus,Petrol,10,3.99,280,0,0,Low,Mixed,1,87.05
Truck,Diesel,10,4.05,210,7837,2741,High,Highway,1,72.72
Truck,Diesel,11,5.84,845,9544,261,Medium,Highway,1,183.96
Truck,Diesel,3,3.79,887,9856,5875,Medium,City,1,335.18
Mini Truck,Petrol,12,9.92,755,2397,170,High,Highway,1,105.86
Truck,Petrol,7,4.18,56,7253,1673,Low,City,1,15.81
Bus,Petrol,3,3.44,765,1,1,Medium,City,1,335.2
Van,Diesel,4,11.34,682,607,426,Low,Highway,0,71.31
Truck,Diesel,12,5.6,964,9261,149,Medium,City,1,245.56
Mini Truck,Diesel,10,8.46,37,1877,1042,Low,City,0,7.08
Bus,Petrol,12,3.49,993,0,0,High,Mixed,1,418.88
Bus,Diesel,10,4.42,285,0,0,Medium,Mixed,0,81.21
Bus,Diesel,5,3.88,622,0,0,Medium,Highway,1,191.97
Mini Truck,Diesel,11,6.23,766,3311,1357,Low,Highway,1,150.76
Mini Truck,Diesel,9,7.02,433,3091,2117,High,Mixed,1,98.02
Bus,Petrol,12,4.32,396,0,0,High,Mixed,0,128.73
Van,Diesel,12,12.22,802,503,389,Low,Mixed,0,88.96
Van,Diesel,6,10.26,546,1394,1044,Medium,City,1,80.62
Mini Truck,Petrol,7,8.56,645,3057,75,Medium,City,1,105.76
Van,Petrol,5,13.4,870,1676,666,High,City,1,99.59
Van,Diesel,4,11.14,980,910,83,Medium,City,1,120.18
Bus,Diesel,9,4.4,570,1,1,High,City,1,221.67
Truck,Diesel,12,4.91,720,11627,6320,Low,City,1,207.17
Bus,Diesel,12,4.3,283,1,1,Medium,Highway,1,93.59
Mini Truck,Petrol,6,6.29,338,2467,1785,Low,Mixed,1,68.69
Mini Truck,Petrol,4,9.74,599,1032,102,Low,City,0,75.13
Truck,Diesel,7,5.35,796,3616,351,High,City,1,222.03
Van,Diesel,5,9.87,797,1573,575,High,Mixed,0,113.88
Bus,Diesel,8,3.76,601,0,0,High,Mixed,1,229.1
Mini Truck,Diesel,2,9.22,301,3073,137,Low,Highway,0,33.78
Bus,Diesel,2,4.68,469,1,0,High,Highway,1,129.79
Mini Truck,Petrol,12,7.94,287,2416,1336,Medium,City,0,53.38
Bus,Diesel,10,3.31,649,1,0,Medium,City,1,276.04
Mini Truck,Diesel,8,6.54,787,3576,1362,Low,City,1,161.14
Truck,Diesel,10,5.07,438,11695,5718,Medium,Mixed,0,117.37
Bus,Diesel,3,4.96,759,1,1,High,Mixed,0,230.14
Van,Diesel,11,11.98,582,1196,655,Low,Highway,0,59.71
Mini Truck,Diesel,7,7.04,427,3487,1518,Medium,Mixed,1,84.68
Bus,Petrol,1,3.89,871,0,0,Medium,City,0,282.66
Truck,Diesel,8,4.45,176,9067,1122,High,Mixed,1,58.86
Bus,Diesel,5,4.21,367,0,0,Low,Mixed,0,97.09
Mini Truck,Petrol,10,8.17,709,3129,3110,Low,Mixed,1,124.27
Mini Truck,Petrol,8,7.78,818,2435,1553,Medium,Mixed,0,146.38
Mini Truck,Diesel,6,7.3,289,3970,2509,High,Mixed,0,59.23
Bus,Diesel,7,4.07,364,1,0,Medium,Mixed,0,113.93
Van,Diesel,10,10.59,518,1754,110,Medium,Mixed,0,61.17
Bus,Diesel,6,3.42,147,1,1,Low,Mixed,0,56.11
Truck,Diesel,6,4.93,899,10575,7452,Low,City,1,252.01
Van,Diesel,11,10.57,156,1598,990,Low,City,1,21.85
Mini Truck,Petrol,7,7.02,296,1914,701,High,Mixed,1,61.39
Bus,Diesel,7,4.07,239,1,1,High,Mixed,1,94.86
Van,Diesel,3,12.22,585,1263,715,Low,Mixed,1,62.05
Mini Truck,Petrol,8,7.45,689,3054,400,Medium,City,0,126.02
Van,Petrol,11,12.84,191,896,420,Low,Highway,1,18.85
Mini Truck,Diesel,5,6.07,430,1416,515,High,City,0,104.05
Bus,Petrol,11,4.18,317,0,0,Low,Mixed,1,93.02
Bus,Petrol,1,4.04,531,0,0,Medium,City,1,173.68
Truck,Diesel,8,3.08,39,9361,1651,Low,City,1,17.54
Truck,Diesel,2,4.31,491,3577,1569,High,Mixed,1,165.02
Truck,Petrol,9,4.3,340,5917,4333,Medium,Mixed,0,110.34
Mini Truck,Diesel,2,9.0,849,2495,2368,Low,Mixed,1,122.17
Mini Truck,Petrol,11,7.0,458,1810,1619,Medium,Highway,1,91.69
Bus,Petrol,1,3.98,156,1,0,High,Mixed,0,53.64
Bus,Diesel,4,3.46,791,1,0,Low,Mixed,0,254.51
Truck,Petrol,4,3.14,188,10669,5077,Medium,Mixed,1,81.39
Van,Petrol,7,14.11,511,960,321,High,Mixed,1,54.81
Mini Truck,Diesel,12,7.07,740,1091,401,High,Highway,0,145.67
Mini Truck,Diesel,6,9.1,594,2789,1494,Low,City,0,85.5
Van,Petrol,3,14.69,262,1870,850,High,City,1,28.45
Truck,Diesel,9,5.59,459,11570,6395,High,Highway,0,115.75
Van,Diesel,4,13.78,290,840,77,High,Mixed,0,31.99
Bus,Diesel,7,3.17,619,0,0,Medium,Mixed,0,242.08
Bus,Petrol,7,4.95,290,1,1,High,Mixed,1,95.01
Mini Truck,Petrol,12,6.86,306,2535,1298,Medium,Highway,0,58.32
Truck,Petrol,2,3.64,543,10375,3073,Low,Mixed,1,180.43
Van,Diesel,4,12.32,572,1827,1317,Low,Mixed,0,58.55
Mini Truck,Petrol,9,7.2,817,1408,1099,Medium,City,0,167.12
Bus,Petrol,11,3.27,988,0,0,Low,City,0,380.97
Van,Diesel,6,10.6,133,622,99,Low,City,0,13.31
Van,Petrol,1,10.17,919,1540,986,Medium,City,1,129.51
Mini Truck,Diesel,12,8.29,700,2727,2709,Medium,City,0,131.14
Van,Petrol,7,9.87,22,1736,764,Medium,City,1,4.0
Truck,Petrol,3,5.88,62,11175,2413,Medium,Mixed,1,14.97
Truck,Petrol,2,4.5,251,6643,366,High,Highway,1,72.95
Bus,Petrol,7,3.51,325,1,1,Low,Mixed,0,123.33
Mini Truck,Diesel,6,8.87,256,3804,3083,High,Mixed,0,42.4
Mini Truck,Petrol,10,6.13,746,3312,2946,Medium,Mixed,0,174.4
Van,Petrol,3,11.02,742,1855,234,High,City,0,97.22
Truck,Diesel,12,5.59,426,4635,1538,High,Highway,1,112.2
Mini Truck,Diesel,8,7.11,964,1482,680,Low,Highway,0,157.34
Mini Truck,Diesel,6,9.81,163,2644,14,Low,Highway,1,18.51
Truck,Petrol,6,5.38,164,11427,171,High,Highway,0,38.02
Bus,Diesel,9,4.66,718,0,0,High,Mixed,0,215.57
Truck,Petrol,6,4.35,511,8345,1383,Medium,City,1,164.06
Mini Truck,Diesel,12,8.82,917,1500,53,Low,Mixed,0,127.75
Bus,Diesel,2,3.3,213,0,0,Low,Mixed,1,73.17
Bus,Petrol,10,4.16,367,0,0,High,City,0,129.23
Mini Truck,Petrol,2,9.43,216,3864,109,Low,City,1,28.34
Mini Truck,Diesel,10,7.21,951,1530,519,High,City,0,202.72
Bus,Diesel,7,3.51,799,0,0,High,Mixed,1,322.98
Van,Diesel,8,11.31,794,1030,236,High,City,1,107.15
Mini Truck,Petrol,11,7.74,417,1248,19,Medium,Highway,1,69.09
Bus,Petrol,11,4.27,882,0,0,Low,Mixed,1,257.0
Van,Diesel,4,10.35,786,1041,860,High,Mixed,1,115.75
Bus,Petrol,5,4.99,818,1,0,Low,City,1,206.54
Truck,Petrol,12,5.62,883,10189,3558,Low,Mixed,0,199.82
Bus,Petrol,1,4.71,515,1,0,Low,City,1,132.46
Bus,Petrol,7,4.66,130,0,0,Low,City,1,35.52
Mini Truck,Petrol,8,7.45,379,3759,3044,Medium,City,1,78.28
Van,Petrol,3,10.0,235,1899,1180,Medium,Mixed,1,31.2
Bus,Diesel,4,4.16,561,1,1,Medium,Mixed,1,195.58
Truck,Petrol,7,5.17,755,5981,5324,Medium,Highway,0,191.68
Van,Petrol,9,11.86,902,1779,1571,Medium,City,1,118.86
Mini Truck,Petrol,8,6.16,603,3679,840,High,City,0,144.09
Mini Truck,Diesel,8,7.87,847,1752,1526,Medium,Highway,0,145.67
Truck,Petrol,4,5.97,587,5018,1065,High,City,0,142.0
Van,Diesel,7,12.24,314,1837,343,Low,Highway,0,28.06
Van,Diesel,1,13.73,623,941,631,Low,City,1,59.63
Mini Truck,Diesel,7,9.26,599,1112,773,Medium,Mixed,0,88.61
Truck,Petrol,10,4.03,369,5138,1562,Medium,Mixed,1,128.49
Bus,Diesel,10,3.61,537,0,0,Medium,Highway,1,182.96
Truck,Diesel,7,5.58,563,7340,2079,High,City,1,157.01
Mini Truck,Petrol,4,6.43,791,3370,2587,High,Highway,1,178.56
Van,Petrol,6,14.78,841,793,542,Low,City,0,74.4
Mini Truck,Petrol,5,9.88,839,2495,1364,Low,City,1,113.21
Mini Truck,Petrol,1,8.71,759,1172,468,High,Highway,0,115.46
Truck,Diesel,2,5.75,656,3560,381,High,City,1,165.35
Mini Truck,Diesel,10,9.1,572,3710,539,Medium,Mixed,1,83.86
Van,Petrol,4,13.96,277,1932,156,Low,City,1,26.26
Mini Truck,Diesel,10,9.27,611,2941,2730,Medium,City,1,103.7
Truck,Petrol,1,3.7,590,5994,4439,High,Highway,1,224.24
Truck,Diesel,6,3.24,559,3677,732,Medium,City,1,241.08
Truck,Diesel,1,3.44,790,5608,5374,Low,Highway,1,281.81
Bus,Petrol,6,4.89,427,0,0,Medium,Mixed,1,113.97
Van,Diesel,1,14.21,445,1051,831,Low,City,1,43.62
Truck,Diesel,6,3.51,302,10328,4142,Low,Highway,0,98.05
Mini Truck,Diesel,8,8.14,772,2399,1197,High,Highway,0,132.24
Truck,Petrol,9,5.86,725,5322,1948,High,Highway,1,178.52
Truck,Petrol,1,5.39,476,7253,2749,High,Highway,0,114.65
Van,Petrol,8,9.45,370,1859,1088,High,Mixed,0,56.74
Mini Truck,Diesel,2,7.46,599,3958,437,Medium,City,1,108.12
Van,Diesel,10,9.77,153,650,585,Low,Highway,0,22.27
Bus,Diesel,4,3.45,598,0,0,Medium,Highway,1,205.05
Van,Petrol,10,11.04,951,830,607,Low,City,1,122.89
Bus,Diesel,2,3.86,841,0,0,High,Mixed,1,298.99
Truck,Petrol,10,3.49,497,3317,3225,Medium,City,1,224.23
Truck,Petrol,3,3.9,616,10663,3903,Medium,Highway,1,195.61
Van,Petrol,10,9.48,729,1617,486,Low,Highway,1,93.94
Mini Truck,Petrol,4,9.04,745,3645,1778,Medium,City,0,116.33
Bus,Petrol,4,4.27,664,0,0,Medium,City,1,208.61
Mini Truck,Diesel,10,9.9,507,2541,1482,Low,City,1,70.87
Bus,Diesel,9,4.73,874,0,0,Low,Mixed,0,214.33
Van,Petrol,9,12.88,148,1812,607,Medium,City,1,16.97
Truck,Diesel,12,3.15,635,7703,77,Low,City,1,267.78
Mini Truck,Diesel,8,7.66,435,2179,687,Medium,Mixed,0,75.35
Van,Petrol,5,12.56,442,567,226,High,Highway,0,47.21
Truck,Petrol,11,5.92,171,4642,2720,Medium,Highway,0,37.29
Truck,Petrol,3,5.46,953,9488,5091,Low,City,1,230.23
Bus,Petrol,10,4.94,919,0,0,Low,Mixed,0,220.52
Bus,Diesel,10,4.59,357,0,0,High,Mixed,1,113.87
Mini Truck,Petrol,3,6.63,268,3206,2610,High,City,1,62.68
Mini Truck,Petrol,8,9.19,275,1337,722,High,Highway,0,43.72
Van,Petrol,3,13.45,432,1452,483,Medium,Highway,0,38.91
Van,Diesel,10,12.38,740,1676,77,High,Highway,1,84.06
Bus,Petrol,7,3.14,169,1,1,Medium,Mixed,1,78.05
Van,Petrol,6,10.56,200,607,290,High,Highway,0,24.23
Mini Truck,Petrol,10,6.57,82,3889,3071,High,City,1,20.57
Bus,Petrol,10,3.45,333,0,0,Low,Mixed,1,119.33
Truck,Petrol,6,5.56,375,6001,5643,Low,Mixed,1,93.83
Van,Petrol,8,10.19,933,1546,201,Low,Highway,0,101.88
Mini Truck,Diesel,5,7.36,715,3576,3433,Low,Highway,0,118.5
Van,Petrol,5,9.61,320,866,156,Medium,City,0,43.14
Bus,Diesel,12,4.64,76,0,0,Low,Highway,1,20.64
Truck,Petrol,2,4.2,861,5056,2036,Low,City,0,253.55
Truck,Petrol,12,3.27,567,8840,5312,Medium,Highway,1,240.92
Truck,Petrol,3,3.46,369,7901,7752,Medium,City,0,155.0
Truck,Diesel,6,5.44,348,4435,1078,Low,Mixed,0,77.63
Mini Truck,Diesel,10,6.36,770,2021,1684,Medium,Highway,1,170.31
Van,Petrol,10,14.77,750,640,631,Medium,Highway,1,72.32
Mini Truck,Petrol,6,7.98,462,1496,803,Low,Highway,0,66.34
Bus,Petrol,4,3.03,782,1,0,Medium,Highway,0,293.81
Bus,Petrol,4,3.63,914,0,0,Low,City,1,312.73
Truck,Petrol,1,3.87,641,3896,1287,High,Mixed,1,235.2
Bus,Petrol,10,3.89,333,0,0,Low,Mixed,0,100.3
Mini Truck,Diesel,9,6.17,131,3428,155,Low,Highway,1,24.18
Mini Truck,Diesel,1,8.93,517,3457,609,High,Mixed,0,77.77
Van,Diesel,5,13.8,415,1300,234,Low,Mixed,0,32.4
Mini Truck,Petrol,12,8.14,560,2443,362,High,City,1,108.33
Truck,Petrol,11,3.11,429,9255,5473,High,Mixed,0,208.01
Mini Truck,Petrol,3,8.1,992,1049,981,Low,Mixed,1,161.3
Van,Diesel,12,12.83,709,1634,229,High,City,1,84.47
Van,Diesel,8,10.26,38,1360,579,Medium,Mixed,0,2.8
Truck,Diesel,1,5.31,798,10265,8526,High,Mixed,1,225.23
Truck,Petrol,6,5.93,441,11988,3349,Medium,Highway,1,92.87
Mini Truck,Petrol,5,8.26,559,2780,1552,High,Mixed,1,103.89
Mini Truck,Petrol,2,9.47,934,2382,2012,Low,Highway,1,119.9
Bus,Petrol,7,3.09,232,1,1,Medium,Highway,0,101.57
Truck,Petrol,4,4.77,757,5401,133,Low,Highway,1,174.17
Bus,Petrol,6,4.52,265,0,0,Medium,Mixed,1,75.79
Mini Truck,Diesel,1,8.71,527,1407,775,High,Mixed,1,88.19
Truck,Diesel,7,3.32,512,7639,4485,High,Highway,0,213.8
Truck,Diesel,5,4.99,998,5269,3071,Medium,City,1,292.72
Truck,Diesel,6,3.89,782,3513,2077,High,Highway,0,280.88
Mini Truck,Petrol,11,7.83,509,3131,2088,Low,City,1,90.94
Truck,Petrol,4,3.04,558,7621,2037,Low,Mixed,0,213.18
Truck,Diesel,10,3.24,181,6660,2563,High,City,0,85.65
Truck,Petrol,12,5.92,468,7554,871,High,Mixed,1,116.69
Bus,Petrol,7,4.51,544,0,0,High,City,0,174.3
Bus,Diesel,9,4.21,168,1,0,Medium,Highway,1,48.61
Bus,Petrol,1,3.01,275,0,0,Low,Highway,0,94.87
Bus,Diesel,6,3.76,893,1,1,Low,Highway,1,307.8
Truck,Petrol,9,4.69,288,3712,3383,Low,Mixed,0,82.18
Truck,Petrol,2,4.24,746,10067,711,High,Highway,0,221.64
Van,Diesel,8,12.16,517,1101,564,High,Mixed,0,63.92
Mini Truck,Diesel,7,6.33,420,1575,970,High,City,1,105.54
Bus,Petrol,3,3.03,838,0,0,Medium,Mixed,0,333.67
Bus,Petrol,4,4.45,909,0,0,Medium,Highway,1,243.17
Truck,Petrol,6,3.12,955,4207,900,High,Highway,0,404.62
Mini Truck,Petrol,11,8.35,826,1498,539,Low,Mixed,0,124.29
Mini Truck,Diesel,7,6.34,973,2080,1860,Low,Mixed,0,199.3
Truck,Diesel,12,3.95,929,9199,2343,Medium,Mixed,1,327.33
Mini Truck,Diesel,5,6.25,288,1185,451,Low,City,0,58.36
Van,Diesel,9,9.62,126,1651,1297,Medium,Highway,1,18.0
Truck,Diesel,3,3.94,914,4897,3644,High,Mixed,0,341.97
Bus,Petrol,8,3.08,21,1,1,High,Mixed,1,9.31
Truck,Petrol,8,3.3,559,11246,7516,Low,Highway,0,203.93
Van,Diesel,5,13.86,298,1224,798,Medium,City,0,32.26
Van,Petrol,6,12.97,295,1467,1228,Low,City,1,34.81
Truck,Diesel,4,5.57,284,10368,4350,High,Mixed,1,74.24
Truck,Diesel,4,4.83,785,6747,3220,High,City,0,243.71
Van,Petrol,5,9.42,249,1289,34,Low,City,1,33.85
Bus,Diesel,2,4.41,376,0,0,Medium,City,0,108.52
Truck,Diesel,2,3.08,435,11746,9872,High,City,1,224.62
Mini Truck,Diesel,3,7.29,417,2622,153,Medium,Highway,0,65.76
Bus,Petrol,5,4.9,633,1,1,Medium,Mixed,1,185.57
Bus,Petrol,9,3.14,939,0,0,High,Highway,1,407.52
Truck,Diesel,1,5.76,24,10471,7676,Low,City,1,5.74
Van,Petrol,6,12.44,848,1134,404,Low,Highway,1,79.77
Truck,Diesel,2,4.33,57,9932,853,Medium,Mixed,0,18.46
Van,Diesel,5,10.72,362,676,365,High,City,1,52.11
Bus,Diesel,4,3.47,738,1,1,Medium,City,0,312.16
Van,Diesel,8,13.66,764,554,216,Low,City,0,75.11
Truck,Diesel,5,4.85,661,5950,3151,Medium,City,0,189.17
Mini Truck,Diesel,12,8.45,487,3652,3405,Low,Highway,1,76.44
Van,Petrol,7,13.17,538,816,279,Medium,Mixed,0,53.4
Van,Petrol,9,11.26,875,1174,498,High,Highway,1,112.63
Mini Truck,Petrol,11,6.37,967,3872,320,Low,City,0,193.78
Truck,Petrol,10,4.17,26,3546,1763,Medium,City,0,7.42
Mini Truck,Diesel,6,7.85,921,1513,242,High,Highway,1,158.78
Van,Petrol,1,11.36,647,1703,1141,Low,City,1,75.05
Mini Truck,Petrol,7,6.83,730,3427,2191,High,City,0,166.12
Truck,Petrol,11,5.93,517,8368,5908,Low,Highway,0,108.36
Bus,Diesel,8,4.39,761,0,0,High,City,1,260.52
Van,Petrol,6,9.76,357,1828,112,Low,Mixed,0,39.97
Mini Truck,Diesel,1,6.19,703,1328,227,High,Highway,0,144.46
Bus,Petrol,2,3.83,595,1,0,Medium,City,0,197.6
Van,Diesel,4,9.01,589,1877,1515,High,Highway,0,93.53
Bus,Petrol,10,4.25,150,1,1,Low,Mixed,0,48.53
Truck,Diesel,5,5.0,525,11670,2045,High,City,0,153.73
Mini Truck,Petrol,6,8.9,161,1287,1240,Low,Highway,0,22.87
Van,Diesel,7,10.28,764,667,538,Medium,City,0,110.51
Mini Truck,Petrol,2,8.55,248,3569,2940,Low,Highway,0,34.51
Mini Truck,Petrol,2,8.76,264,2787,2488,Medium,Mixed,0,40.89
Bus,Diesel,7,4.7,35,1,1,Low,Highway,0,12.04
Truck,Diesel,11,3.54,827,8624,2292,High,Highway,1,334.63
Mini Truck,Diesel,3,7.52,492,3467,984,High,City,1,98.9
Van,Diesel,6,10.11,799,1759,848,Medium,City,1,112.81
Bus,Diesel,12,4.26,913,1,0,Low,Highway,1,249.21
Van,Diesel,1,11.56,45,549,532,Medium,Mixed,1,5.86
Mini Truck,Diesel,6,7.27,809,2424,228,High,City,0,161.19
Mini Truck,Petrol,10,6.21,120,2459,2363,High,Highway,0,28.11
Bus,Petrol,4,3.94,442,0,0,Low,Mixed,1,131.42
Mini Truck,Diesel,4,6.58,324,2327,2083,Low,Mixed,0,64.99
Van,Petrol,6,12.95,994,1707,1162,Medium,City,0,110.79
Mini Truck,Diesel,10,9.32,343,3002,2371,Medium,Highway,0,48.03
Bus,Petrol,5,4.36,85,0,0,Medium,Mixed,0,23.85
Mini Truck,Petrol,1,6.87,171,3161,1743,Medium,City,1,34.11
Mini Truck,Diesel,2,6.64,767,3275,1194,Low,Highway,0,124.94
Truck,Diesel,9,3.13,52,9519,4083,High,Mixed,0,23.88
Van,Petrol,11,12.35,248,1547,955,Low,Highway,0,23.95
Mini Truck,Diesel,2,6.69,753,2807,940,Medium,City,1,153.85
Bus,Diesel,3,3.01,26,0,0,Low,Mixed,1,9.87
Truck,Petrol,3,4.63,709,7151,6796,Low,City,0,206.22
Mini Truck,Petrol,4,8.52,180,2336,271,High,Mixed,1,26.29
Bus,Petrol,2,4.37,38,0,0,Medium,Highway,0,12.2
Truck,Petrol,12,4.61,151,7193,5816,Low,City,0,47.67
Van,Diesel,1,10.26,157,521,462,Low,Highway,1,18.21
Truck,Diesel,12,4.96,742,6783,23,Low,Mixed,1,187.11
Van,Petrol,4,14.97,608,1177,419,Low,City,0,49.53
Truck,Diesel,7,5.13,452,6622,1015,Medium,Mixed,1,119.01
Mini Truck,Petrol,1,6.99,402,1005,260,Medium,City,0,77.42
Truck,Petrol,2,4.31,495,7323,4753,Low,Highway,1,136.49
Bus,Petrol,9,3.05,521,1,0,Medium,City,0,230.13
Mini Truck,Diesel,9,6.01,118,1530,605,Low,City,0,25.95
Bus,Diesel,11,4.22,121,1,1,High,Mixed,0,43.99
Truck,Petrol,3,5.13,734,9102,2618,Low,Mixed,0,165.73
Van,Diesel,6,12.02,486,1622,395,High,City,1,61.77
Van,Petrol,5,13.44,750,1932,1742,Medium,City,1,83.85
Van,Petrol,12,14.22,392,906,610,Low,Highway,0,33.95
Truck,Petrol,3,5.45,874,8232,7133,Low,City,1,222.15
Van,Petrol,1,10.33,564,1411,565,High,Highway,0,70.99
Truck,Petrol,6,5.41,27,11743,8314,High,Mixed,1,7.74
Truck,Petrol,2,5.4,942,8070,6773,Low,Highway,0,203.01
Bus,Petrol,12,4.54,66,1,0,Medium,Mixed,1,18.77
Mini Truck,Petrol,6,7.78,893,3455,2487,Low,Highway,0,135.0
Mini Truck,Diesel,1,8.83,441,2357,1915,Low,City,1,68.91
Bus,Diesel,2,4.99,582,0,0,High,City,1,165.43
Truck,Diesel,6,4.98,139,5750,1487,Low,Highway,1,33.67
Mini Truck,Diesel,1,9.66,489,1801,557,Medium,Mixed,0,64.72
Van,Diesel,1,13.12,419,1515,575,Low,Mixed,0,36.63
Van,Petrol,10,14.3,497,1717,259,Low,Mixed,1,40.57
Mini Truck,Diesel,4,6.84,786,3772,1989,High,Mixed,1,170.2
Van,Petrol,12,12.86,544,1648,1259,Medium,Mixed,0,60.73
Bus,Diesel,10,3.93,72,0,0,High,Mixed,0,24.44
Truck,Petrol,4,4.49,616,7662,5041,High,Mixed,1,206.33
Bus,Petrol,8,4.37,303,1,1,Low,Highway,1,92.67
Mini Truck,Diesel,12,7.7,311,2579,1406,High,Highway,1,60.9
Mini Truck,Petrol,10,6.44,979,2601,126,High,City,0,223.68
Bus,Diesel,10,4.03,493,0,0,High,Mixed,1,175.47
Bus,Petrol,8,4.01,964,0,0,High,City,1,360.21
Mini Truck,Diesel,7,7.91,333,2267,893,High,Highway,1,59.14
Van,Diesel,8,12.91,496,700,477,Medium,Highway,0,50.64
Bus,Diesel,11,4.25,417,1,0,High,Highway,0,129.85
Van,Diesel,12,13.27,33,1158,578,Low,Highway,1,3.75
Bus,Diesel,9,3.67,765,0,0,Low,Highway,0,229.53
Van,Petrol,6,10.17,341,1439,487,High,Mixed,1,50.3
Truck,Petrol,10,4.35,726,7300,4867,Low,Highway,0,203.56
Van,Diesel,5,11.89,454,653,299,High,City,0,57.15
Van,Petrol,6,11.21,62,1923,924,Low,Highway,0,5.91
Mini Truck,Diesel,8,7.01,336,1796,856,Medium,City,1,71.67
Mini Truck,Petrol,2,9.06,597,1441,1128,Low,Mixed,0,81.02
Van,Petrol,11,13.39,352,529,428,Low,City,1,38.32
Truck,Diesel,3,5.61,262,11864,10634,High,Mixed,0,69.71
Bus,Petrol,5,3.57,707,1,0,Low,City,1,246.95
Bus,Petrol,6,4.16,149,0,0,Medium,Highway,1,41.69
Mini Truck,Diesel,8,7.99,841,3207,2481,High,City,0,167.67
Van,Diesel,8,11.46,760,892,590,High,Highway,1,97.35
Mini Truck,Diesel,1,8.08,864,3843,3038,Low,City,1,145.2
Van,Petrol,10,9.1,173,1904,376,Low,Mixed,1,23.42
Bus,Petrol,11,3.05,488,0,0,High,Highway,1,222.26
Mini Truck,Diesel,12,6.27,196,2395,441,Low,Highway,0,35.0
Van,Petrol,5,12.67,633,1436,893,Medium,Highway,0,65.1
Mini Truck,Diesel,12,6.3,722,3658,793,Low,Mixed,0,139.9
Truck,Diesel,10,5.76,22,5403,921,Medium,Highway,0,5.22
Mini Truck,Diesel,3,6.69,906,2711,172,Low,Mixed,0,152.44
Van,Diesel,11,11.78,484,1072,372,Low,City,1,55.44
Bus,Petrol,12,4.08,932,1,0,High,Highway,0,306.61
Mini Truck,Diesel,3,6.64,870,3704,2123,High,Mixed,0,189.32
Truck,Diesel,7,5.93,318,3868,3692,Medium,City,1,80.02
Bus,Petrol,3,4.48,438,1,1,Low,Mixed,1,131.61
Truck,Petrol,5,4.32,370,7211,6689,Low,City,1,118.37
Van,Petrol,9,11.79,526,1013,480,High,Mixed,1,66.89
Truck,Petrol,1,5.43,345,7466,3412,Medium,City,1,90.41
Truck,Petrol,2,3.43,641,11420,8194,Medium,Highway,1,242.09
Van,Petrol,9,9.37,544,1726,279,Low,City,0,72.27
Mini Truck,Petrol,2,7.75,220,1005,349,Medium,Highway,1,34.75
Truck,Petrol,7,5.19,547,9517,8892,Low,Highway,0,132.98
Mini Truck,Petrol,5,10.0,671,3364,1506,Low,Highway,1,77.02
Van,Diesel,3,13.57,590,1037,273,High,City,0,61.67
Bus,Petrol,2,4.68,106,0,0,High,Mixed,0,31.69
Bus,Diesel,9,3.88,502,0,0,Low,Mixed,1,160.07
Mini Truck,Diesel,6,6.68,684,2964,1914,Low,Mixed,0,128.51
Mini Truck,Petrol,1,7.14,581,1921,869,High,City,1,121.5
Mini Truck,Petrol,12,6.61,105,2202,1688,High,Highway,1,26.79
Truck,Diesel,1,5.78,712,3008,209,Medium,Highway,0,140.19
Mini Truck,Petrol,1,8.91,69,1048,762,Low,City,1,11.2
Mini Truck,Diesel,11,9.05,740,3567,940,High,Mixed,0,118.2
Truck,Diesel,1,5.97,942,5820,5079,Medium,City,1,231.43
Bus,Petrol,11,4.39,908,1,0,High,City,1,316.26
Mini Truck,Petrol,5,9.33,174,1684,709,Medium,Mixed,1,25.68
Van,Diesel,5,9.5,377,1082,231,High,Highway,1,55.65
Bus,Diesel,11,4.7,942,0,0,Low,Highway,1,233.55
Van,Petrol,7,13.78,809,1309,1174,High,Mixed,1,91.55
Mini Truck,Diesel,12,8.7,877,2543,19,High,City,1,157.03
Mini Truck,Diesel,8,7.2,839,3692,190,Medium,Mixed,1,154.11
Mini Truck,Diesel,5,7.09,547,3507,142,Low,Highway,1,86.25
Mini Truck,Diesel,5,8.94,474,3760,1456,Medium,City,1,77.03
Truck,Petrol,4,3.55,344,9125,3989,Low,City,0,121.6
Truck,Diesel,2,5.07,737,3929,3731,High,City,0,226.86
Bus,Petrol,11,3.85,858,1,0,Low,Highway,0,246.73
Bus,Petrol,2,4.0,73,0,0,High,City,0,23.49
Bus,Diesel,1,4.77,692,0,0,Medium,City,0,183.21
Bus,Petrol,11,4.86,362,0,0,Medium,City,0,104.31
Mini Truck,Diesel,12,8.44,501,1263,577,High,City,1,94.09
Mini Truck,Petrol,7,6.02,273,1714,1195,Medium,Highway,1,60.98
Bus,Petrol,3,3.16,489,1,0,Low,City,1,191.11
Truck,Petrol,6,5.4,476,5964,3471,Medium,Mixed,1,123.09
Mini Truck,Petrol,6,7.17,284,2349,2100,Medium,City,0,58.13
Van,Petrol,1,9.69,759,1750,278,High,Mixed,0,103.29
Mini Truck,Diesel,12,7.31,206,3466,1781,High,City,1,46.28
Truck,Diesel,5,4.13,637,7082,4226,Low,Highway,0,177.61
Bus,Petrol,5,3.96,452,0,0,High,Mixed,1,157.17
Mini Truck,Diesel,2,9.92,842,2677,2270,Medium,Highway,0,109.45
Van,Diesel,8,9.17,648,1357,686,Medium,Mixed,0,96.62
Bus,Diesel,2,3.76,743,0,0,Low,City,1,241.14
Van,Diesel,1,10.28,200,1401,1382,High,Mixed,1,30.19
Truck,Petrol,11,4.95,487,7657,2443,Medium,City,0,140.74
Truck,Diesel,3,4.88,735,6435,4453,Low,City,0,196.76
Mini Truck,Diesel,7,7.66,375,2306,1223,High,Mixed,1,75.28
Mini Truck,Petrol,4,7.41,101,2335,1214,High,Highway,0,18.09
Van,Petrol,3,9.46,555,850,678,High,Mixed,1,90.96
Mini Truck,Diesel,6,9.34,419,3512,1116,High,Mixed,1,66.2
Van,Diesel,12,14.04,924,1086,919,Low,City,0,93.84
Truck,Diesel,2,5.01,573,5745,5053,High,City,0,175.56
Van,Diesel,12,9.96,908,534,212,Medium,City,1,136.31
Bus,Diesel,8,4.86,159,1,1,Medium,Mixed,1,47.75
Van,Petrol,3,12.18,759,1275,59,Low,Highway,0,63.94
Mini Truck,Petrol,9,6.91,101,2100,1792,High,Highway,1,21.15
Van,Diesel,4,10.6,852,1796,710,High,Mixed,1,116.16
Mini Truck,Diesel,6,9.56,996,1710,395,High,Highway,1,145.45
Mini Truck,Diesel,1,7.02,563,1872,695,Medium,Mixed,1,106.4
Van,Diesel,3,13.66,671,951,763,High,Highway,0,70.8
Bus,Petrol,1,3.62,827,0,0,Medium,Highway,0,252.12
Bus,Petrol,6,3.58,612,1,0,Medium,City,0,224.03
Bus,Diesel,2,3.83,388,0,0,High,City,1,144.33
Mini Truck,Petrol,4,8.11,643,2406,1556,Low,City,1,106.71
Bus,Petrol,8,4.49,211,0,0,High,Highway,0,59.99
Van,Petrol,9,12.61,496,1221,1094,High,City,0,65.26
Truck,Petrol,3,3.72,616,7288,2562,High,Mixed,1,238.52
Van,Petrol,5,9.19,671,1344,49,High,Mixed,1,103.98
Van,Diesel,2,9.77,250,1971,96,Low,Mixed,0,29.1
Truck,Diesel,12,5.84,907,11172,1492,Medium,Highway,0,195.97
Van,Petrol,7,12.3,932,609,328,High,Highway,0,103.32
Truck,Diesel,6,5.46,306,6386,3744,Low,City,1,78.04
Mini Truck,Diesel,3,8.54,189,2842,2011,High,City,0,35.18
Bus,Petrol,6,4.22,733,1,1,High,Mixed,1,275.01
Bus,Petrol,6,4.14,46,1,1,Medium,City,0,17.76
Mini Truck,Diesel,10,8.84,137,1339,907,Medium,Mixed,1,22.9
Bus,Diesel,9,3.45,726,1,0,Medium,Highway,1,260.67
Van,Diesel,8,14.37,532,1584,1321,Low,Highway,1,46.4
Bus,Diesel,2,4.22,114,0,0,Medium,City,1,34.8
Bus,Petrol,6,3.3,61,0,0,High,Highway,1,27.04
Mini Truck,Petrol,8,6.81,813,3100,2992,High,Highway,1,181.91
Truck,Diesel,12,4.09,760,6964,1411,Low,Highway,1,225.12
Bus,Diesel,12,4.4,811,0,0,Medium,Highway,1,233.14
Truck,Petrol,2,3.53,390,4450,317,High,Mixed,0,146.32
Bus,Petrol,10,3.63,744,0,0,Low,City,1,267.74
Bus,Diesel,3,4.6,945,0,0,Low,City,1,251.07
Mini Truck,Diesel,2,8.21,997,3434,356,Low,Highway,1,131.71
Van,Petrol,9,13.26,226,1468,140,Low,Mixed,1,21.13
Van,Petrol,7,12.28,525,678,190,Low,City,0,54.45
Truck,Diesel,3,3.08,108,5710,5072,High,Mixed,0,52.03
Truck,Diesel,1,3.28,55,8002,4591,Low,Mixed,0,20.48
Truck,Petrol,11,4.24,212,8905,2585,Low,Mixed,0,62.94
Truck,Diesel,2,5.01,421,6148,2629,High,Mixed,0,118.27
Truck,Petrol,3,3.7,520,10062,6532,Low,City,0,181.08
Mini Truck,Diesel,1,9.43,581,1891,1414,High,Highway,0,83.73
Mini Truck,Petrol,1,7.28,264,1123,229,High,Highway,0,47.37
Truck,Diesel,5,5.86,396,7317,4853,Medium,Highway,1,90.23
Truck,Petrol,9,4.42,79,9403,5651,High,City,1,27.27
Bus,Diesel,6,4.41,251,1,0,Low,City,0,69.29
Truck,Petrol,1,5.51,535,11150,10526,High,Highway,0,133.55
Truck,Petrol,12,5.27,797,3507,769,High,Mixed,1,228.34
Van,Diesel,7,11.39,33,1445,46,Medium,Mixed,1,6.06
Mini Truck,Petrol,7,8.75,752,2005,1763,Low,Highway,0,104.42
Mini Truck,Diesel,1,7.97,555,3790,1303,Low,Highway,1,77.12
Truck,Petrol,11,3.15,275,9895,3242,Low,Highway,1,107.34
Van,Diesel,7,11.03,522,1594,1593,Medium,City,0,69.13
Van,Diesel,8,11.01,880,1999,10,High,City,0,115.21
Van,Petrol,9,14.03,402,789,702,High,City,1,48.57
Bus,Petrol,2,3.42,935,0,0,High,City,0,379.25
Van,Petrol,9,14.17,527,981,438,High,Mixed,0,54.4
Mini Truck,Diesel,7,9.51,168,3600,788,Low,Mixed,0,21.9
Truck,Petrol,12,3.71,392,7183,3596,High,City,1,172.74
Mini Truck,Petrol,9,7.72,292,2964,2915,Low,City,0,53.92
Mini Truck,Diesel,3,6.15,488,1933,216,Medium,City,0,102.76
Mini Truck,Petrol,7,6.15,545,2065,1467,Medium,Highway,0,115.46
Truck,Petrol,5,5.4,202,9059,7199,High,Highway,1,54.58
Van,Petrol,2,9.44,141,1603,780,Low,City,1,20.08
Truck,Diesel,7,3.23,190,11460,9954,Medium,Mixed,0,82.13
Bus,Petrol,6,4.42,379,1,1,Medium,Highway,1,118.97
Van,Petrol,9,13.52,482,974,511,Low,City,0,46.39
Van,Petrol,11,10.64,307,1904,644,Medium,Mixed,1,40.38
Mini Truck,Petrol,1,6.04,114,1028,176,High,City,0,25.65
Van,Petrol,3,14.74,839,1570,770,High,City,1,86.22
Van,Diesel,11,14.14,419,1411,425,High,Highway,1,42.81
Truck,Petrol,11,4.89,619,3351,3235,Low,City,0,181.75
Truck,Petrol,11,5.76,576,8909,543,Low,Highway,0,113.04
Mini Truck,Petrol,1,6.96,277,3161,2573,High,City,0,60.24
Mini Truck,Petrol,1,6.06,849,2720,707,Medium,Mixed,1,180.77
Bus,Diesel,5,4.62,311,1,1,High,Mixed,1,107.02
Mini Truck,Petrol,5,6.55,882,1346,974,High,Mixed,1,206.59
Mini Truck,Diesel,8,7.37,32,3050,31,Low,City,0,4.36
Mini Truck,Diesel,5,7.22,821,3375,2712,Medium,Mixed,1,162.18
Van,Diesel,6,13.04,584,1338,435,Low,Highway,1,52.77
Bus,Petrol,12,3.18,74,0,0,Low,City,0,29.56
Mini Truck,Diesel,3,8.73,671,3551,1162,High,City,1,113.47
Mini Truck,Diesel,12,8.95,914,1167,554,High,City,1,166.19
Truck,Petrol,3,4.88,750,7017,2567,Medium,Highway,0,186.44
Van,Petrol,3,13.05,387,1466,1460,Medium,Mixed,1,42.25
Truck,Diesel,1,5.75,407,9792,5336,Medium,Mixed,1,93.84
Mini Truck,Diesel,2,7.37,924,3295,532,High,Mixed,0,169.58
Mini Truck,Diesel,11,9.56,94,3435,1137,High,Highway,1,14.53
Truck,Diesel,7,3.36,430,7926,7643,Medium,City,1,198.97
Truck,Diesel,10,5.57,796,6950,494,High,City,1,217.54
Bus,Diesel,12,4.53,769,1,0,High,Mixed,1,250.42
Van,Diesel,8,15.0,319,1870,988,High,Mixed,1,33.14
Mini Truck,Diesel,1,7.88,667,3295,495,Low,City,0,100.31
Van,Petrol,2,9.94,809,1830,1489,High,Highway,0,113.25
Van,Petrol,8,12.43,649,1699,123,Medium,Mixed,1,70.31
Mini Truck,Diesel,3,8.16,582,2476,832,Low,Mixed,1,88.1
Mini Truck,Diesel,7,7.23,156,3738,2169,Low,Mixed,0,25.7
Truck,Diesel,11,5.98,871,10739,157,High,Mixed,0,206.74
Mini Truck,Diesel,4,7.95,666,1248,1080,High,Mixed,1,129.42
Mini Truck,Diesel,3,6.15,604,3893,143,High,Highway,1,128.41
Bus,Diesel,11,4.39,759,1,1,Medium,Mixed,1,262.89
Mini Truck,Diesel,10,7.64,837,1242,972,Medium,Mixed,1,160.96
Bus,Petrol,6,3.88,424,1,1,Medium,Mixed,1,162.07
Truck,Diesel,9,3.31,508,7447,4082,High,City,0,239.11
Truck,Diesel,5,4.0,82,5168,1221,Low,City,0,24.13
Mini Truck,Diesel,1,6.87,373,2593,1047,Low,City,1,69.17
Van,Diesel,1,12.67,53,1965,1554,Medium,City,0,6.08
Mini Truck,Diesel,6,6.35,170,3109,1404,High,Highway,1,39.26
Mini Truck,Petrol,12,7.91,370,1500,256,High,Mixed,0,68.58
Mini Truck,Diesel,1,8.88,429,2467,859,High,City,0,68.68
Van,Diesel,8,11.61,152,944,264,Low,Mixed,1,19.48
Mini Truck,Diesel,9,6.92,529,1572,448,High,Highway,0,104.38
Bus,Diesel,2,3.07,754,0,0,Medium,Mixed,0,296.25
Truck,Petrol,3,4.96,229,7112,278,High,City,0,64.78
Bus,Diesel,4,3.47,719,0,0,Low,Mixed,0,232.71
Bus,Petrol,7,4.27,150,0,0,Medium,Mixed,1,46.67
Truck,Petrol,8,3.66,840,4655,4290,High,Mixed,1,367.73
Truck,Petrol,7,4.71,36,9318,8853,High,Mixed,1,13.43
Bus,Petrol,12,3.71,118,1,0,Medium,City,0,44.62
Mini Truck,Diesel,7,7.16,750,2323,844,Low,Mixed,1,132.17
Van,Petrol,9,12.18,289,1763,418,High,Highway,0,31.41
Truck,Diesel,10,4.37,903,10679,8484,Low,Mixed,0,273.78
Truck,Petrol,1,3.71,403,4549,4176,High,Mixed,1,166.8
Bus,Petrol,2,4.36,150,0,0,Medium,Highway,1,39.99
Mini Truck,Petrol,12,8.6,707,2658,2612,Low,City,1,124.34
Van,Petrol,8,11.51,868,691,304,High,Mixed,1,115.56
Van,Diesel,9,12.5,111,1983,1260,High,Highway,0,11.55
Bus,Diesel,5,3.29,192,1,1,Low,Highway,1,73.69
Bus,Petrol,4,4.82,230,1,1,High,Mixed,1,74.75
Van,Petrol,10,11.02,27,1721,591,Low,Mixed,1,3.53
Bus,Petrol,7,3.72,96,1,0,Medium,Highway,1,30.85
Van,Diesel,1,9.9,698,686,16,Low,Mixed,1,82.29
Van,Petrol,11,11.26,191,1898,1521,Medium,Mixed,1,25.69
Mini Truck,Diesel,12,8.82,989,1761,348,High,Highway,1,159.9
Mini Truck,Petrol,10,6.86,703,1267,872,Medium,Highway,0,133.95
Truck,Diesel,10,3.03,461,11990,8509,Medium,Mixed,0,212.6
Mini Truck,Diesel,12,6.62,966,2267,1246,Medium,Mixed,0,204.47
Mini Truck,Petrol,10,7.45,515,2144,374,Medium,Highway,0,82.56
Van,Petrol,2,14.51,673,1099,749,High,Highway,0,64.42
Bus,Petrol,8,4.63,465,1,1,High,City,1,168.54
Mini Truck,Diesel,12,9.84,471,1957,1105,High,Highway,1,75.29
Van,Diesel,11,10.99,960,1394,706,Low,Mixed,0,114.68
Mini Truck,Petrol,12,7.8,561,1370,1215,High,Mixed,0,113.39
Mini Truck,Petrol,4,9.26,640,2453,177,Medium,Mixed,1,88.55
Van,Diesel,7,9.95,173,1162,118,Low,Highway,1,20.99
Bus,Petrol,10,4.9,291,0,0,Low,City,0,76.28
Bus,Petrol,9,3.81,134,1,0,Low,Highway,1,38.13
Mini Truck,Diesel,4,8.02,553,1260,10,High,Highway,0,84.84
Bus,Petrol,7,4.24,20,1,1,Medium,Mixed,0,6.0
Van,Petrol,7,10.56,460,1065,941,High,Mixed,0,67.31
Truck,Petrol,2,3.56,65,4897,2769,Low,Mixed,1,23.45
Bus,Petrol,9,4.58,673,0,0,High,Mixed,0,205.53
Truck,Petrol,2,3.94,241,6630,1760,Medium,Highway,1,73.05
Mini Truck,Diesel,2,9.26,343,3111,1285,High,Highway,0,45.91
Van,Petrol,8,10.16,128,1562,23,Low,Highway,0,14.67
Bus,Petrol,8,3.19,953,0,0,Medium,Mixed,0,375.43
Mini Truck,Diesel,10,7.18,612,3327,3156,Low,Highway,1,110.15
Bus,Diesel,6,3.67,707,0,0,High,Mixed,0,262.17
Mini Truck,Petrol,2,8.01,98,3704,2017,Medium,Highway,0,15.85
Bus,Diesel,10,4.7,789,0,0,High,Mixed,1,243.27
Truck,Petrol,12,3.3,177,9923,1371,High,Highway,0,72.66
Van,Diesel,4,10.68,158,1222,334,Low,Mixed,1,17.85
Truck,Diesel,4,4.43,527,4196,3859,Medium,Mixed,1,170.33
Mini Truck,Diesel,12,7.8,417,3215,28,Medium,Highway,0,63.69
Van,Petrol,12,9.79,958,567,235,Low,City,1,135.61
Truck,Petrol,6,4.47,132,4528,1376,Low,Mixed,1,37.38
Truck,Diesel,9,3.25,904,4989,1079,High,Mixed,0,397.85
Van,Diesel,1,10.09,915,1231,1195,High,Mixed,1,139.38
Van,Diesel,7,13.73,829,952,117,Medium,Mixed,1,78.63
Mini Truck,Diesel,1,9.53,668,3883,1584,Low,Mixed,1,84.84
Truck,Petrol,6,3.09,86,5675,729,Low,Highway,0,27.53
Mini Truck,Diesel,9,6.49,984,2122,422,High,Mixed,0,216.39
Bus,Petrol,12,4.59,917,1,0,High,Mixed,0,285.41
Mini Truck,Diesel,5,6.15,299,3260,967,Medium,Mixed,1,63.06
Bus,Petrol,10,4.75,859,0,0,Medium,Highway,1,225.35
Truck,Petrol,3,5.08,368,10483,4297,Medium,City,0,98.46
Bus,Diesel,8,3.52,332,1,0,Low,Mixed,0,110.91
Bus,Petrol,8,4.86,203,1,1,Medium,Highway,1,58.36
Mini Truck,Petrol,7,8.42,373,3459,3303,Low,Highway,0,54.18
Mini Truck,Petrol,8,6.56,146,3580,1641,Medium,City,1,30.19
Bus,Diesel,3,4.93,643,1,0,Medium,City,0,167.07
Truck,Petrol,7,3.41,465,11849,6537,Low,Highway,1,168.72
Van,Petrol,7,14.26,824,1717,1292,High,City,1,94.26
Truck,Diesel,7,4.11,783,5578,4076,Medium,Mixed,1,272.7
Truck,Diesel,2,5.69,231,11146,2164,Low,Mixed,0,46.46
Bus,Diesel,5,3.36,368,0,0,Low,City,1,136.89
Truck,Diesel,9,3.96,336,11560,10146,High,City,0,136.31
Mini Truck,Diesel,2,7.45,811,1231,695,Low,Highway,1,128.53
Van,Petrol,4,13.61,141,885,736,High,City,1,16.95
Mini Truck,Diesel,6,8.45,315,3554,941,High,Highway,0,49.51
Van,Diesel,12,13.31,639,753,6,Low,Highway,1,55.07
Bus,Diesel,12,3.22,307,1,0,Low,Mixed,1,120.74
Van,Petrol,12,14.44,883,903,697,High,City,1,103.46
Van,Petrol,1,13.54,457,697,117,High,Highway,0,41.87
Truck,Diesel,8,4.87,534,11471,1323,Low,Mixed,0,130.67
Truck,Petrol,3,5.58,372,5664,3345,Medium,Mixed,1,90.49
Van,Petrol,6,12.02,814,1424,578,Medium,Highway,1,85.95
Van,Petrol,9,12.14,220,1591,294,High,City,0,26.15
Bus,Petrol,5,4.5,674,0,0,Medium,Highway,1,177.61
Truck,Diesel,8,5.91,45,6056,4534,Medium,Highway,0,10.58
Bus,Petrol,6,3.46,543,0,0,Medium,Highway,0,179.85
Bus,Petrol,7,3.95,745,1,1,Low,Mixed,0,249.37
Mini Truck,Petrol,6,8.83,100,3050,1829,High,Mixed,0,14.13
Truck,Petrol,6,3.62,953,6524,5871,Medium,Mixed,1,382.15
Van,Diesel,6,13.66,425,1952,279,Low,Highway,0,33.6
Mini Truck,Petrol,12,9.59,829,1336,526,Medium,Highway,0,111.2
Truck,Diesel,7,3.24,165,7688,2912,High,Mixed,1,74.54
Bus,Petrol,12,3.92,238,1,0,Low,Mixed,1,74.49
Truck,Diesel,11,5.55,858,6715,1860,Low,City,1,210.78
Van,Petrol,10,11.8,788,688,25,Low,Mixed,0,78.58
Bus,Diesel,5,3.6,776,1,1,High,Mixed,1,340.96
Mini Truck,Diesel,12,8.12,877,3074,378,Medium,Mixed,1,147.13
Truck,Diesel,2,4.1,641,5514,4088,Medium,Highway,1,204.0
Mini Truck,Diesel,9,6.51,995,2181,184,Low,Highway,0,170.48
Van,Diesel,3,10.37,290,1733,658,High,Highway,1,38.97
Truck,Petrol,8,3.62,769,4927,2557,High,Mixed,0,312.5
Mini Truck,Petrol,5,7.84,528,3961,3516,Medium,Highway,1,91.89
Truck,Diesel,7,4.15,32,8787,6589,Low,Mixed,1,10.0
Mini Truck,Diesel,3,9.42,143,3251,633,Low,Mixed,0,17.39
Truck,Diesel,9,4.25,512,11801,2703,High,City,1,186.49
Van,Petrol,5,13.25,230,941,613,Low,Highway,1,20.93
Bus,Petrol,10,3.33,941,0,0,Medium,City,1,395.87
Truck,Petrol,9,4.06,206,6794,774,Low,City,1,65.3
Van,Petrol,9,13.87,135,1067,187,High,Mixed,1,13.1
Mini Truck,Petrol,2,6.62,141,2070,742,Low,City,0,24.63
Mini Truck,Diesel,8,9.03,592,1077,628,High,Mixed,0,95.43
Mini Truck,Petrol,11,9.8,725,1388,170,Medium,Mixed,1,99.3
Bus,Petrol,12,4.97,190,1,1,Low,Mixed,0,52.95
Mini Truck,Diesel,2,6.83,951,2679,792,High,City,1,206.84
Mini Truck,Diesel,8,7.6,524,2751,2128,Medium,City,1,105.36
Van,Petrol,9,11.55,814,927,853,Medium,Highway,1,99.11
Bus,Diesel,10,3.69,580,0,0,High,Mixed,1,225.55
Van,Petrol,8,14.13,642,893,205,High,Highway,1,64.0
Mini Truck,Diesel,6,9.46,96,1135,192,Low,Highway,0,12.04
Bus,Petrol,9,4.93,207,1,1,High,Highway,1,63.47
Bus,Petrol,10,3.31,287,0,0,High,Mixed,0,121.89
Truck,Diesel,12,4.57,839,9451,1593,Medium,City,1,265.24
Truck,Petrol,11,5.94,947,4467,2806,Medium,Highway,0,211.05
Mini Truck,Petrol,10,9.75,702,2560,1891,Low,City,1,101.66
Van,Diesel,10,13.05,840,742,46,Low,Highway,1,72.59
Van,Petrol,5,10.34,392,855,58,High,City,1,55.73
Van,Petrol,6,12.72,700,1460,212,High,City,1,82.74
Mini Truck,Diesel,3,9.07,27,3002,1912,Low,Highway,1,3.08
Bus,Diesel,8,4.35,660,0,0,Low,Mixed,1,182.17
Truck,Petrol,9,4.02,724,11329,9041,High,Mixed,1,284.73
Truck,Diesel,9,4.03,984,10770,3284,Medium,Mixed,1,336.03
Mini Truck,Petrol,4,9.8,440,1796,1751,Medium,City,1,67.99
Truck,Diesel,7,3.6,879,11028,6481,Medium,Mixed,1,343.46
Bus,Petrol,5,4.47,414,1,1,High,City,1,152.01
Mini Truck,Diesel,6,7.41,775,3573,3314,Low,City,1,150.65
Bus,Petrol,11,3.07,279,0,0,Low,City,0,113.1
Mini Truck,Petrol,3,8.4,762,1022,572,Medium,Mixed,1,124.02
Bus,Diesel,11,4.25,262,1,0,Medium,City,1,88.34
Truck,Petrol,9,3.02,241,6761,4358,Low,Mixed,1,107.19
Mini Truck,Diesel,3,8.89,436,1495,507,High,City,1,73.86
Truck,Petrol,1,4.42,76,10513,3424,Medium,Highway,1,20.32
Truck,Petrol,4,3.53,50,7219,6868,Medium,Highway,0,19.82
Van,Petrol,6,12.1,666,1591,925,High,City,0,82.76
Van,Petrol,7,11.8,292,1826,874,High,City,1,37.84
Truck,Diesel,4,5.55,221,5236,3978,High,Mixed,1,60.32
Bus,Diesel,6,4.19,745,0,0,High,City,0,255.75
Truck,Diesel,1,3.54,65,11015,7146,Medium,Mixed,0,24.45
Bus,Diesel,7,3.6,507,1,1,High,Mixed,1,224.17
Van,Diesel,4,14.18,109,544,437,Medium,City,0,10.66
Bus,Petrol,11,3.74,895,1,0,Medium,Highway,1,300.79
Van,Petrol,1,10.11,763,1457,59,Medium,Mixed,1,93.28
Bus,Petrol,8,3.12,671,0,0,High,Mixed,0,297.96
Van,Diesel,4,14.3,903,1317,194,Low,Mixed,0,70.75
Van,Diesel,8,11.77,680,1245,1225,High,Mixed,1,94.78
Truck,Diesel,4,4.49,29,11200,7305,Medium,Mixed,0,9.63
Mini Truck,Diesel,1,8.51,392,2656,2626,Low,Highway,1,58.33
Bus,Diesel,8,3.07,799,1,0,High,Mixed,1,371.62
Mini Truck,Petrol,9,9.88,280,1043,466,High,City,1,44.89
Van,Petrol,6,12.96,27,1913,1389,Medium,City,0,2.0
Mini Truck,Diesel,9,6.23,140,1040,387,Medium,Mixed,0,29.41
Mini Truck,Petrol,4,8.96,524,1338,876,High,Mixed,1,88.77
Bus,Petrol,5,4.78,44,1,0,Low,Highway,0,11.22
Mini Truck,Petrol,7,6.02,370,3921,3378,Low,City,0,83.19
Truck,Petrol,3,3.62,641,3618,533,High,Mixed,1,248.62
Mini Truck,Diesel,4,6.09,932,3459,3369,Low,Highway,1,193.46
Mini Truck,Petrol,5,9.88,470,2002,60,High,Mixed,0,62.8
Bus,Petrol,1,4.61,966,1,0,Low,Highway,0,212.35
Van,Petrol,4,9.56,42,1168,8,Medium,Highway,0,4.14
Truck,Diesel,12,3.12,149,9299,8473,Low,City,0,68.25
Truck,Diesel,1,5.73,563,8678,4871,Medium,Mixed,1,131.22
Van,Petrol,8,13.54,477,1494,1228,Low,Mixed,0,45.13
Bus,Petrol,11,4.36,558,0,0,Low,City,0,161.25
Van,Petrol,3,14.16,547,884,783,Low,City,1,53.42
Van,Petrol,2,12.03,393,878,371,High,City,1,49.08
Truck,Petrol,6,4.78,979,6992,439,High,Highway,1,273.84
Bus,Petrol,5,4.48,125,1,1,High,City,0,45.03
Bus,Petrol,10,4.48,542,1,0,High,Highway,1,167.73
Bus,Petrol,12,3.58,959,0,0,Medium,Highway,1,340.37
Mini Truck,Petrol,6,9.14,839,3463,2858,Low,City,1,130.49
Truck,Diesel,9,5.27,477,5197,1249,Medium,City,1,128.06
Mini Truck,Petrol,11,7.99,401,3019,1112,High,Highway,1,72.78
Bus,Diesel,3,3.43,891,1,0,Medium,Mixed,0,313.0
Mini Truck,Petrol,10,6.15,747,3021,254,Medium,City,1,170.11
Bus,Petrol,10,4.38,937,1,1,Medium,Mixed,0,311.45
Mini Truck,Petrol,3,6.79,827,3308,1396,Medium,Mixed,1,164.15
Truck,Diesel,6,4.09,943,6620,2814,Low,Highway,1,274.71
Mini Truck,Petrol,5,8.5,328,1085,769,Low,Highway,0,45.73
Mini Truck,Diesel,11,7.93,844,2476,808,Low,City,1,143.84
Truck,Diesel,5,3.31,367,3809,228,Medium,City,1,150.64
Van,Petrol,6,11.13,965,1188,744,Medium,Highway,0,110.71
Mini Truck,Diesel,4,7.49,736,3695,1981,Medium,City,0,136.45
Bus,Diesel,5,4.98,50,0,0,High,City,0,12.04
Bus,Diesel,2,3.95,716,1,1,Medium,Mixed,1,258.14
Van,Diesel,11,13.31,257,1435,1194,Low,City,1,28.11
Truck,Diesel,2,5.0,556,9885,590,High,Mixed,1,154.18
Truck,Diesel,1,4.11,100,6226,4892,Low,Highway,1,26.6
Van,Diesel,1,9.97,53,1083,99,High,Mixed,0,6.86
Van,Diesel,10,11.6,63,1523,1203,Low,Highway,0,6.92
Mini Truck,Diesel,11,9.98,565,1257,1146,High,Highway,1,88.44
Bus,Petrol,9,3.2,462,1,1,Medium,Highway,1,205.84
Van,Diesel,9,10.4,114,1549,1432,Low,City,0,16.12
Mini Truck,Petrol,5,7.92,855,1609,1490,Medium,City,1,162.77
Truck,Petrol,8,4.94,803,6180,5605,Low,City,1,232.31
Mini Truck,Diesel,8,8.38,550,3667,1340,Low,Mixed,1,83.26
Mini Truck,Petrol,5,8.44,417,1691,637,High,City,0,74.71
Bus,Petrol,7,4.63,832,0,0,High,Mixed,1,256.84
Van,Diesel,6,10.98,338,1395,826,High,Highway,0,43.54
Bus,Diesel,3,4.25,887,0,0,High,Mixed,1,288.53
Bus,Petrol,7,3.84,938,0,0,Low,Mixed,0,281.37
Van,Diesel,4,12.99,922,1831,1290,High,Highway,1,101.31
Mini Truck,Petrol,3,6.74,498,1214,463,Low,Highway,1,84.71
Bus,Diesel,7,4.35,228,0,0,High,City,1,80.1
Bus,Petrol,8,4.0,970,0,0,Medium,City,1,333.52
Mini Truck,Petrol,11,9.1,687,3713,1635,High,City,1,123.43
Mini Truck,Diesel,1,9.55,890,2381,274,High,Highway,1,120.83
Mini Truck,Petrol,5,8.56,239,3464,1081,Medium,Highway,0,35.27
Mini Truck,Diesel,6,7.64,464,2045,1970,Medium,Highway,1,82.33
Bus,Diesel,1,3.12,109,0,0,High,Mixed,1,48.22
Mini Truck,Petrol,8,8.86,71,2510,562,Low,City,0,9.3
Truck,Petrol,11,5.83,368,3355,3295,Medium,City,0,95.31
Van,Diesel,6,14.27,70,1620,654,High,Highway,1,7.14
Van,Diesel,3,13.26,940,1525,974,Medium,City,0,100.1
Van,Petrol,11,12.55,818,1967,97,Medium,Highway,0,78.43
Van,Diesel,1,11.41,99,1535,1260,High,City,0,11.46
Truck,Petrol,3,3.38,293,4335,4331,Medium,City,1,130.77
Mini Truck,Petrol,10,8.39,504,2367,543,Low,Mixed,0,73.26
Bus,Petrol,2,4.91,344,1,0,High,Highway,0,87.53
Bus,Diesel,11,3.97,246,1,0,Low,City,0,79.22
Truck,Diesel,3,3.33,367,10467,4710,Low,City,0,138.9
Bus,Petrol,4,4.93,64,0,0,Medium,Highway,0,17.03
Van,Petrol,5,10.49,443,678,183,Medium,City,1,59.33
Mini Truck,Diesel,3,6.89,946,2645,354,Medium,City,1,185.5
Truck,Petrol,3,3.75,366,8338,5435,Low,City,1,129.57
Van,Diesel,11,10.45,785,1788,968,Low,Highway,1,94.14
Bus,Diesel,1,3.02,583,1,1,Medium,Highway,1,258.28
Truck,Petrol,8,5.87,105,4163,1456,High,Mixed,0,26.96
Mini Truck,Petrol,12,8.4,393,1738,493,Low,Mixed,0,59.09
Van,Diesel,11,14.19,771,1058,577,High,Mixed,1,83.25
Truck,Petrol,6,4.42,472,3918,3671,High,City,0,170.92
Van,Diesel,12,12.17,297,565,151,Low,City,1,34.19
Mini Truck,Petrol,11,9.72,607,2355,452,Low,Highway,0,73.31
Bus,Diesel,11,4.81,577,1,1,High,Highway,1,188.2
Truck,Diesel,10,3.66,813,7660,3205,Medium,Mixed,0,301.97
Van,Petrol,4,13.58,513,513,323,High,City,1,59.51
Van,Petrol,12,14.22,859,505,295,High,City,0,96.83
Mini Truck,Petrol,4,7.8,675,2838,135,High,Highway,0,111.28
Mini Truck,Diesel,12,7.08,858,1251,227,Low,City,0,156.27
Van,Diesel,11,13.92,479,1463,189,High,Mixed,1,50.62
Mini Truck,Diesel,8,7.51,57,2820,1535,Medium,Mixed,0,9.38
Mini Truck,Diesel,12,9.1,801,1978,62,High,Highway,0,118.9
Bus,Petrol,10,3.17,273,1,0,High,Mixed,0,122.04
Mini Truck,Diesel,7,7.15,551,3046,114,High,Mixed,1,109.23
Bus,Diesel,7,3.7,867,1,1,Low,Mixed,1,320.5
Van,Petrol,8,9.13,905,1518,782,Medium,Highway,1,130.62
Mini Truck,Diesel,1,7.88,455,3654,1312,Low,Mixed,0,67.77
Mini Truck,Diesel,10,8.65,46,1655,841,Low,Mixed,1,7.67
Truck,Diesel,9,4.31,140,3327,3029,Low,Mixed,0,43.84
Mini Truck,Diesel,10,8.6,884,3414,1140,High,Highway,0,141.53
Mini Truck,Diesel,1,9.49,726,1556,1023,Medium,Mixed,0,98.56
Truck,Petrol,11,5.0,496,11583,7566,Medium,City,0,147.19
Truck,Petrol,11,4.77,538,5197,3159,Low,Highway,0,136.53
Bus,Petrol,11,4.31,464,1,1,Low,City,1,163.03
Van,Petrol,10,11.17,596,1924,1634,High,Highway,0,79.27
Van,Diesel,6,14.19,397,746,209,Medium,Highway,1,34.57
Bus,Diesel,6,3.09,128,1,1,Medium,City,1,63.06
Mini Truck,Petrol,4,7.45,153,1494,1128,High,Highway,1,29.58
Mini Truck,Petrol,9,7.8,481,2155,2044,High,Highway,1,94.11
Bus,Petrol,4,4.07,638,1,1,High,Mixed,1,247.45
Truck,Diesel,6,3.43,102,3591,3450,High,Highway,0,43.43
Mini Truck,Petrol,7,8.56,410,1504,304,Medium,Highway,0,56.9
Mini Truck,Diesel,4,7.48,237,3778,153,High,Highway,0,42.42
Mini Truck,Diesel,1,7.28,155,2611,2172,High,Mixed,1,32.2
Bus,Diesel,4,3.66,453,1,0,High,Highway,0,156.87
Van,Petrol,9,14.74,536,1019,491,Low,Highway,0,42.06
Van,Petrol,10,14.13,317,1706,403,High,City,0,34.37
Mini Truck,Diesel,10,9.89,612,1522,281,Low,Highway,1,73.59
Mini Truck,Petrol,6,9.62,601,1033,500,High,City,1,95.64
Bus,Diesel,6,3.65,762,1,1,Medium,Mixed,0,298.87
Mini Truck,Petrol,4,6.3,328,1514,1370,Low,City,1,74.59
Van,Petrol,4,12.02,90,1924,156,High,City,1,10.56
Bus,Diesel,10,3.28,71,1,0,High,City,0,30.5
Van,Petrol,10,13.21,679,1264,923,Medium,City,0,76.56
Bus,Diesel,4,4.15,931,1,1,Medium,Highway,1,307.45
Bus,Diesel,7,4.15,812,1,0,High,Mixed,1,278.27
Bus,Diesel,1,4.57,36,0,0,Medium,Highway,1,9.37
Mini Truck,Petrol,10,6.77,137,2140,615,Low,Highway,0,23.91
Mini Truck,Diesel,4,9.84,271,3570,2401,Medium,City,1,41.98
Van,Petrol,9,14.33,111,658,103,Medium,Mixed,1,11.12
Truck,Diesel,5,4.37,678,9481,871,Low,City,1,195.24
Van,Petrol,3,10.81,310,1184,662,Medium,Highway,0,36.93
Van,Diesel,4,11.05,418,1013,812,High,Mixed,0,58.12
Van,Diesel,10,10.71,788,1503,170,Medium,Highway,1,97.25
Van,Petrol,7,11.3,873,627,348,Medium,City,0,108.35
Truck,Petrol,1,5.39,558,7093,4675,Low,Highway,1,122.31
Bus,Diesel,7,3.38,96,0,0,Medium,Mixed,0,33.0
Van,Diesel,3,9.99,519,1796,218,Medium,City,0,68.3
Mini Truck,Diesel,10,7.35,869,2036,1360,Low,Mixed,1,158.98
Bus,Diesel,4,3.44,465,0,0,Medium,City,0,176.68
Van,Petrol,10,13.8,946,637,336,Medium,Mixed,1,96.75
Truck,Petrol,11,4.84,581,9114,7756,Low,Mixed,0,159.21
Bus,Diesel,12,4.61,194,0,0,Low,Mixed,0,49.93
Truck,Petrol,3,4.71,135,7429,4126,Medium,Highway,1,34.32
Truck,Diesel,4,5.45,942,8928,6500,High,Mixed,0,255.16
Truck,Petrol,3,4.24,947,5520,46,Low,Highway,0,227.91
Truck,Petrol,5,5.67,654,5492,423,High,Mixed,1,163.11
Bus,Petrol,10,4.96,392,1,1,High,City,0,127.91
Van,Petrol,3,14.64,273,1728,255,High,City,1,27.15
Bus,Diesel,7,3.62,950,1,0,Medium,Highway,0,309.02
Truck,Diesel,2,3.3,342,4009,2119,Low,Highway,0,116.0
Bus,Petrol,9,4.54,316,0,0,Low,Mixed,1,83.88
Truck,Diesel,3,5.64,198,7125,3232,Medium,City,0,47.77
Van,Diesel,1,14.97,979,1141,505,Medium,Highway,0,77.82
Mini Truck,Petrol,1,9.25,50,2941,1576,Medium,Highway,0,7.09
Mini Truck,Petrol,12,7.58,73,2924,1238,High,Mixed,1,13.25
Mini Truck,Diesel,2,6.16,202,3663,1384,Medium,Mixed,0,42.29
Truck,Diesel,4,5.1,39,9068,1196,High,Mixed,1,7.57
Van,Petrol,8,13.83,303,781,352,Low,City,1,29.06
Bus,Diesel,7,4.49,627,0,0,Low,City,1,176.76
Van,Petrol,12,10.11,125,1637,1346,High,Highway,0,19.16
Mini Truck,Diesel,11,8.51,686,2881,2249,Medium,Mixed,0,115.34
Mini Truck,Diesel,5,6.72,945,1951,721,Medium,Mixed,0,180.64
Truck,Petrol,10,3.71,718,4321,3492,High,Mixed,0,297.91
Truck,Diesel,6,3.75,374,10660,934,Low,City,0,122.49
Mini Truck,Petrol,6,6.02,960,3287,2259,Medium,Mixed,1,225.35
Mini Truck,Diesel,6,7.82,741,3066,1704,Medium,Highway,0,118.7
Van,Diesel,6,14.47,645,1234,149,Medium,Mixed,1,57.89
Bus,Petrol,12,3.34,364,1,1,Low,Highway,0,142.51
Truck,Petrol,10,3.2,615,7819,788,Medium,Highway,1,243.1
Truck,Diesel,1,4.79,370,11157,5056,Low,Mixed,0,90.39
Mini Truck,Diesel,7,9.03,985,3479,40,Medium,Mixed,0,139.18
Bus,Diesel,8,3.47,164,0,0,Low,City,0,56.42
Mini Truck,Petrol,9,9.15,746,2909,161,Low,Mixed,0,93.98
Van,Diesel,3,12.1,928,1403,129,High,Mixed,0,104.21
Bus,Petrol,11,3.89,997,1,0,Low,Highway,0,283.68
Mini Truck,Petrol,10,7.69,92,3039,890,Low,City,0,15.2
Van,Diesel,1,14.98,185,1531,824,Low,Highway,1,13.35
Bus,Petrol,11,4.66,260,0,0,High,Highway,0,73.89
Van,Petrol,5,12.28,713,1262,189,Low,Highway,0,64.45
Truck,Diesel,5,3.23,577,7142,194,Low,City,0,216.2
Van,Petrol,7,9.38,501,1799,1126,High,City,0,83.96
Van,Diesel,5,12.41,902,1675,979,Low,Highway,0,82.26
Truck,Petrol,4,4.93,238,11119,4191,High,Highway,1,65.14
Bus,Diesel,2,3.09,911,1,0,Low,Highway,1,312.05
Mini Truck,Diesel,2,6.05,224,2197,452,Low,Highway,1,40.02
Bus,Petrol,12,3.91,68,1,0,High,City,0,27.06
Van,Diesel,10,14.76,153,1366,950,High,Highway,1,16.12
Mini Truck,Diesel,12,8.09,592,3457,3106,High,Mixed,1,119.14
Mini Truck,Petrol,7,7.9,905,2793,1519,Low,Highway,1,139.49
Mini Truck,Diesel,3,9.16,106,3484,2199,High,Mixed,0,15.88
Mini Truck,Diesel,1,7.11,59,2951,920,Medium,City,0,11.17
Bus,Petrol,6,4.48,680,1,0,High,City,0,217.97
Bus,Diesel,9,4.11,530,0,0,High,Mixed,1,183.75
Bus,Diesel,4,4.25,376,0,0,Medium,City,1,118.91
Van,Diesel,9,12.83,420,988,677,High,Highway,0,48.04
Bus,Petrol,5,4.2,617,0,0,Low,City,0,175.79
Bus,Petrol,1,4.89,548,0,0,Medium,City,1,147.65
Truck,Diesel,1,5.22,221,4223,2909,Medium,Mixed,1,61.13
Van,Diesel,11,14.37,756,1235,713,Medium,Highway,1,71.63
Bus,Petrol,1,3.9,499,1,1,High,Mixed,0,191.12
Van,Diesel,1,13.44,715,1432,286,High,Highway,1,69.12
Truck,Petrol,8,5.28,821,4114,1022,Low,City,1,206.2
Truck,Petrol,6,5.01,35,11805,11351,Medium,Highway,0,9.87
Bus,Petrol,7,3.97,993,1,1,Medium,Highway,1,350.41
Van,Petrol,5,13.94,732,1519,121,Medium,Mixed,1,66.74
Mini Truck,Diesel,2,9.22,494,1481,1028,Medium,Highway,0,66.95
Van,Diesel,6,11.78,695,596,292,Medium,Highway,0,75.4
Mini Truck,Diesel,3,7.23,811,2540,1733,High,Mixed,1,169.11
Bus,Diesel,4,4.28,287,0,0,Low,Mixed,0,76.26
Mini Truck,Petrol,10,8.38,607,3048,2416,Low,City,1,104.21
Van,Petrol,8,9.13,127,1580,248,High,Highway,0,19.38
Truck,Petrol,5,3.74,853,7054,685,Medium,City,1,312.22
Bus,Diesel,9,4.57,494,0,0,Medium,Mixed,0,136.14
Mini Truck,Diesel,1,6.98,797,1991,1850,Medium,City,0,163.35
Van,Petrol,7,13.84,49,1460,606,High,City,0,4.17
Mini Truck,Diesel,6,6.37,178,3659,2751,Low,Highway,0,32.64
Bus,Petrol,2,4.27,626,0,0,Low,Mixed,0,161.49
Truck,Petrol,1,4.47,431,7060,6037,High,Mixed,0,141.51
Truck,Diesel,6,5.61,711,5892,617,Medium,City,0,166.99
Mini Truck,Petrol,11,9.95,792,2000,1532,Medium,Highway,1,112.53
Van,Petrol,7,9.72,721,1338,222,Medium,Mixed,1,99.33
Bus,Diesel,7,4.58,566,0,0,Medium,City,1,168.46
Van,Petrol,6,12.21,562,815,411,Low,Mixed,1,57.11
Truck,Diesel,5,5.55,52,8094,7925,Low,Highway,0,11.32
Van,Petrol,9,11.22,376,971,845,High,Highway,0,48.61
Bus,Diesel,9,4.04,968,1,0,Medium,City,0,321.21
Mini Truck,Diesel,10,8.74,481,3582,3363,Low,City,1,80.41
Bus,Diesel,6,3.36,520,1,1,Medium,City,1,235.92
Bus,Petrol,5,4.59,54,0,0,Medium,City,1,15.42
Truck,Diesel,7,3.03,966,11717,8372,Low,City,1,445.53
Mini Truck,Diesel,12,8.69,841,2491,1495,Low,City,1,138.96
Van,Petrol,11,14.19,408,1837,1647,Low,Mixed,0,38.02
Van,Diesel,1,14.32,499,1020,24,Low,City,1,44.33
Bus,Diesel,10,3.87,793,0,0,Medium,Highway,0,243.6
Van,Petrol,8,9.19,426,1654,293,Low,City,0,60.07
Mini Truck,Petrol,4,6.5,242,2614,232,Low,City,0,44.63
Van,Petrol,4,13.04,976,1723,1041,High,City,1,118.45
Van,Petrol,9,12.44,966,818,702,Low,City,0,108.38
Mini Truck,Petrol,10,7.66,968,2075,1376,Medium,Mixed,1,184.52
Bus,Petrol,12,4.01,197,0,0,Medium,Mixed,0,63.4
Truck,Petrol,12,5.62,766,5354,3599,Low,Mixed,0,178.73
Van,Diesel,11,10.68,238,548,165,High,Highway,1,33.67
Van,Petrol,7,9.61,747,1336,554,Low,Mixed,1,98.94
Truck,Petrol,12,5.77,121,8510,6006,Low,Highway,1,27.47
Van,Diesel,2,14.79,980,1217,13,Low,Mixed,0,74.5
Van,Diesel,8,13.65,621,1097,693,Medium,Highway,0,57.62
Mini Truck,Petrol,8,7.93,231,2117,747,High,Highway,1,41.89
Bus,Diesel,4,4.64,768,1,0,Low,Mixed,1,192.95
Van,Petrol,12,12.47,142,663,352,Low,Highway,0,13.68
Mini Truck,Diesel,8,7.76,283,1676,138,Low,Mixed,1,44.75
Mini Truck,Petrol,6,6.87,389,3034,279,Medium,City,0,73.31
Truck,Diesel,6,3.54,589,6187,536,Medium,Highway,0,194.67
Bus,Diesel,8,4.25,498,0,0,Medium,Highway,0,139.89
Van,Petrol,4,14.33,779,1063,175,Medium,Mixed,1,71.71
Truck,Diesel,11,5.07,558,9113,439,Low,City,0,139.55
Truck,Diesel,8,3.45,690,3450,2296,High,City,0,314.25
Van,Diesel,9,12.51,204,1071,711,Low,Mixed,1,21.49
Mini Truck,Diesel,3,6.94,850,1308,671,High,Mixed,1,181.96
Bus,Diesel,8,3.72,222,0,0,Low,Highway,0,64.21
Truck,Petrol,1,5.66,496,7636,549,Medium,Highway,0,98.68
Bus,Diesel,4,4.87,474,0,0,High,Mixed,1,136.66
Mini Truck,Petrol,9,8.8,368,2984,1329,High,Mixed,1,62.64
Truck,Petrol,10,5.26,64,7975,2746,Medium,Mixed,1,18.81
Van,Diesel,7,11.47,151,1096,805,Medium,Highway,1,15.96
Bus,Diesel,9,4.82,60,1,0,Medium,Highway,1,17.39
Bus,Diesel,11,4.91,169,1,1,Low,City,1,50.84
Bus,Diesel,5,4.21,898,0,0,High,City,0,302.6
Mini Truck,Petrol,8,7.03,589,1137,904,High,Mixed,1,129.53
Bus,Petrol,8,3.54,1000,0,0,Low,Highway,1,318.66
Mini Truck,Petrol,11,6.6,992,2756,1186,Low,Mixed,1,196.77
Van,Petrol,9,12.67,485,1149,443,Medium,Highway,0,47.48
Van,Petrol,10,10.28,778,724,441,Medium,City,0,110.3
Bus,Diesel,8,4.09,22,1,1,Medium,Highway,1,8.73
Van,Petrol,6,9.41,402,1542,915,Medium,Mixed,0,57.79
Mini Truck,Diesel,1,9.33,991,1903,1368,High,Highway,1,150.07
Van,Petrol,8,9.71,932,1245,797,Medium,Highway,0,123.01
Van,Diesel,1,9.16,695,1199,937,High,Mixed,1,112.8
Truck,Petrol,4,3.43,368,7996,1487,Medium,City,0,144.15
Truck,Diesel,6,5.75,437,11809,3487,High,Mixed,0,106.52
Van,Diesel,4,14.41,860,1050,149,Low,Mixed,1,73.34
Bus,Diesel,3,4.18,769,1,1,High,City,1,299.58
Mini Truck,Diesel,12,7.99,65,1178,872,Low,City,1,11.83
Mini Truck,Diesel,5,9.15,475,2013,1785,Low,Highway,1,66.67
Truck,Petrol,5,5.68,416,7648,1613,High,City,0,108.31
Mini Truck,Diesel,9,9.64,210,2877,1788,Low,City,1,30.41
Mini Truck,Petrol,1,8.96,403,2044,1991,High,City,1,71.74
Truck,Diesel,5,5.28,88,11183,5039,Medium,Highway,1,21.28
Bus,Diesel,11,3.13,763,0,0,High,Mixed,1,356.31
Van,Petrol,4,13.25,196,1905,1171,Low,Mixed,0,19.27
Van,Diesel,12,10.31,556,1698,1640,Low,Highway,1,72.48
Truck,Diesel,8,5.1,901,5013,1733,Low,Mixed,0,216.67
Bus,Petrol,9,3.52,484,1,1,Medium,Highway,1,197.22
Bus,Diesel,12,4.9,27,1,1,Medium,City,1,9.27
Van,Diesel,2,11.41,470,1135,758,High,City,1,64.64
Mini Truck,Petrol,6,9.27,414,3947,1773,Medium,City,1,62.53
Mini Truck,Diesel,9,7.41,707,1034,1024,High,City,0,153.15
Mini Truck,Petrol,6,9.52,522,1757,144,Medium,Highway,1,67.62
Mini Truck,Diesel,10,8.23,499,2997,588,Medium,City,1,86.91
Van,Diesel,1,11.59,587,1906,1433,Medium,Mixed,0,66.51
Mini Truck,Diesel,10,9.31,257,2914,2782,High,Mixed,1,45.06
Bus,Diesel,1,3.76,332,1,0,Medium,City,0,111.18
Truck,Diesel,3,5.4,273,4437,2104,Low,Highway,0,57.74
Van,Diesel,4,13.92,963,661,111,Low,Mixed,1,83.14
Truck,Petrol,6,3.75,371,11712,5298,High,City,1,153.58
Bus,Diesel,12,3.58,603,0,0,Medium,Highway,1,215.1
Truck,Petrol,4,4.24,374,10495,4144,Medium,Mixed,0,113.62
Bus,Diesel,8,4.92,685,0,0,High,City,0,202.51
Van,Petrol,6,14.81,462,1368,1264,Low,Mixed,0,40.18
Bus,Petrol,11,3.5,354,1,0,High,City,0,148.91
Truck,Diesel,12,4.3,454,7321,7050,High,City,1,181.0
Mini Truck,Diesel,10,6.78,310,3801,2198,Low,City,1,64.21
Truck,Petrol,10,4.37,598,10112,7887,High,Mixed,0,211.37
Truck,Diesel,3,4.96,641,11101,1262,Low,Mixed,1,152.23
Van,Diesel,4,12.24,182,1852,930,Low,Highway,0,14.6
Bus,Diesel,10,3.08,768,1,1,Medium,Highway,1,356.05
Bus,Petrol,12,3.37,116,0,0,Medium,City,1,49.83
Mini Truck,Diesel,11,9.17,714,3464,868,Medium,Highway,0,97.37
Bus,Diesel,12,3.26,350,0,0,Low,Mixed,0,128.54
Bus,Diesel,4,3.11,340,1,1,High,Mixed,1,172.82
Truck,Petrol,3,3.18,324,7638,4335,Low,City,0,129.78
Mini Truck,Petrol,6,6.06,775,3458,869,Low,Highway,0,139.49
Mini Truck,Diesel,3,7.06,970,1016,309,Low,Highway,0,148.84
Truck,Petrol,8,3.29,713,5849,1930,Medium,Mixed,0,285.35
Van,Petrol,8,12.78,466,951,501,Medium,City,1,52.62
Mini Truck,Petrol,2,7.75,507,2817,1462,Low,City,1,85.71
Bus,Diesel,5,3.94,204,0,0,Medium,City,1,70.49
Truck,Petrol,11,3.74,810,6557,6542,High,Mixed,0,344.26
Bus,Diesel,8,4.42,90,0,0,Medium,Highway,0,24.4
Van,Petrol,4,12.82,467,1666,103,Low,City,1,47.75
Van,Petrol,8,11.84,925,940,721,High,Highway,0,111.94
Truck,Diesel,8,5.76,472,4796,1212,Medium,Mixed,0,107.31
Bus,Petrol,8,4.34,991,0,0,Medium,Highway,0,268.83
Truck,Petrol,11,3.56,873,5904,275,High,City,1,376.23
Truck,Diesel,1,5.15,423,7119,1553,Medium,Highway,1,97.8
Bus,Petrol,5,3.42,786,0,0,High,City,0,325.78
Bus,Diesel,3,4.38,666,0,0,Low,City,0,179.86
Van,Petrol,7,13.31,180,989,326,Medium,Mixed,0,20.53
Mini Truck,Petrol,11,7.93,212,1230,447,High,City,0,40.46
Truck,Diesel,1,4.76,453,3982,2726,Low,Mixed,0,114.96
Bus,Petrol,11,4.91,310,1,1,Medium,City,1,100.31
Truck,Petrol,3,4.66,493,8063,7896,High,Highway,0,151.37
Bus,Petrol,7,4.28,208,0,0,High,City,1,72.73
Bus,Petrol,9,3.57,362,0,0,Medium,Mixed,1,135.39
Van,Petrol,2,11.79,341,1513,417,Low,Mixed,1,31.78
Truck,Petrol,7,4.71,740,9334,5881,High,City,1,249.05
Bus,Petrol,1,3.08,742,0,0,Low,City,1,290.9
Van,Diesel,10,14.06,282,1057,1056,High,Highway,0,31.4
Truck,Diesel,3,5.91,114,5095,2671,High,City,1,27.91
Bus,Petrol,10,4.27,484,0,0,High,Highway,0,146.01
Mini Truck,Petrol,7,6.18,167,1287,583,Medium,City,0,38.56
Truck,Diesel,10,5.54,99,3757,2232,Low,City,0,24.54
Van,Diesel,2,9.1,673,910,370,Low,City,0,90.63
Van,Diesel,10,12.83,753,567,89,High,Mixed,1,85.58
Mini Truck,Diesel,9,7.04,713,2887,1771,High,Mixed,1,155.86
Van,Diesel,9,11.81,692,935,675,Medium,City,1,89.19
Mini Truck,Diesel,1,9.8,179,2795,2071,Medium,City,1,25.61
Mini Truck,Petrol,7,8.43,247,3817,2301,Medium,Mixed,0,40.4
Bus,Diesel,9,3.82,919,0,0,High,Mixed,1,343.0
Truck,Petrol,6,4.74,189,8475,6998,High,City,0,61.92
Mini Truck,Petrol,10,9.0,846,1599,431,Low,City,1,125.41
Van,Petrol,4,12.79,963,1122,845,High,Mixed,0,110.79
Mini Truck,Diesel,12,8.73,217,2914,724,High,Mixed,0,35.76
Bus,Petrol,7,3.83,67,0,0,Medium,Highway,1,22.3
Mini Truck,Diesel,9,6.19,425,2550,2102,Low,Mixed,1,91.72
Mini Truck,Diesel,5,9.89,930,3474,1043,Low,Highway,1,108.57
Truck,Petrol,10,5.12,255,9833,1420,High,City,1,77.67
Truck,Diesel,12,4.97,273,4662,4460,High,Highway,0,85.29
Mini Truck,Diesel,5,7.88,843,3398,279,Low,Mixed,0,121.89
Mini Truck,Petrol,10,9.88,644,2014,1293,High,Highway,0,93.96
Van,Diesel,1,9.46,533,940,98,Medium,Highway,0,61.43
Truck,Diesel,4,4.74,241,8960,2488,Low,Highway,0,52.55
Mini Truck,Diesel,11,6.27,586,1019,607,Low,Highway,0,114.78
Mini Truck,Diesel,3,6.98,957,3249,2436,Medium,City,0,193.99
Truck,Diesel,3,4.87,120,3297,1003,High,City,1,38.49
Bus,Petrol,10,4.39,27,0,0,High,Highway,0,6.47
Truck,Petrol,7,5.61,198,6482,6207,Medium,City,0,53.3
Bus,Diesel,9,4.82,401,1,0,Low,City,1,109.56
Mini Truck,Petrol,7,8.48,661,1465,952,Low,Mixed,1,103.16
Truck,Diesel,8,3.42,884,6053,271,Medium,Highway,0,307.42
Van,Diesel,9,14.6,662,913,289,High,Mixed,0,65.62
Van,Diesel,3,9.68,32,1864,1395,Low,City,0,2.46
Van,Petrol,12,9.46,719,978,142,High,City,0,116.86
Mini Truck,Petrol,3,7.44,63,3685,3559,Low,Highway,0,9.46
Truck,Diesel,7,4.4,189,8674,4753,High,Mixed,0,63.69
Van,Petrol,8,13.08,430,707,85,Medium,Mixed,0,40.26
Truck,Petrol,8,5.38,774,11798,6740,Low,Mixed,0,180.26
Van,Petrol,2,11.0,915,1538,813,Medium,Highway,1,106.96
Mini Truck,Diesel,1,6.68,105,1167,612,Medium,Mixed,1,20.56
Van,Diesel,5,14.67,830,524,369,Low,Highway,1,71.15
Truck,Diesel,11,4.03,834,10329,5281,Medium,Highway,1,279.71
Bus,Diesel,9,3.58,83,1,1,Low,City,1,31.87
Mini Truck,Petrol,10,7.97,44,1028,465,High,City,1,9.91
Bus,Petrol,1,3.68,349,0,0,Medium,Mixed,0,112.15
Truck,Petrol,3,4.33,473,10447,9747,Low,Mixed,0,140.44
Van,Diesel,2,14.08,153,1620,483,Low,City,0,13.33
Truck,Diesel,2,5.48,457,7188,226,Low,City,0,96.19
Truck,Diesel,6,3.09,430,7961,339,Medium,Highway,0,162.69
Mini Truck,Petrol,8,9.21,491,3945,363,Low,Mixed,1,68.03
Bus,Petrol,8,4.13,665,1,0,High,Highway,0,209.91
Bus,Diesel,8,4.48,335,0,0,High,City,0,108.36
Van,Diesel,10,9.37,791,754,102,Medium,City,1,121.53
Mini Truck,Petrol,8,7.76,901,1291,1196,Medium,Highway,1,162.43
Mini Truck,Diesel,2,7.94,829,3327,627,Low,City,1,131.17
Bus,Petrol,2,4.86,796,1,1,Low,Highway,0,195.23
Van,Diesel,5,13.22,332,1216,471,Medium,Mixed,0,32.92
Mini Truck,Petrol,11,6.54,172,1776,1492,Low,Mixed,1,37.83
Van,Petrol,9,12.38,389,1471,482,High,Mixed,1,46.1
Van,Petrol,3,12.72,663,889,220,High,City,1,79.61
Truck,Diesel,12,5.7,647,3491,3340,Low,Mixed,1,161.32
Mini Truck,Diesel,12,8.43,804,3164,1262,Medium,City,1,141.21
Bus,Diesel,11,3.91,346,0,0,High,City,1,136.59
Van,Diesel,10,9.46,697,1632,852,Medium,City,0,106.05
Van,Petrol,4,11.0,260,962,850,Medium,Highway,1,32.8
Van,Diesel,2,11.47,296,898,251,Low,Highway,1,28.56
Van,Diesel,6,11.39,923,901,261,High,City,0,120.04
Mini Truck,Diesel,7,6.69,449,3163,2279,Low,Highway,0,81.11
Bus,Petrol,1,3.57,391,1,1,High,Highway,1,160.25
Van,Petrol,5,14.6,127,672,79,Medium,City,1,9.53
Bus,Petrol,10,3.66,803,1,0,Low,Mixed,1,268.52
Van,Petrol,7,10.43,96,724,375,Low,Mixed,0,12.56
Truck,Petrol,5,5.26,696,5844,2061,Medium,City,0,180.26
Mini Truck,Diesel,5,7.76,239,1836,661,High,Mixed,1,44.49
Bus,Diesel,6,3.48,82,0,0,Medium,City,0,29.24
Bus,Petrol,11,3.15,897,0,0,Medium,City,0,385.98
Van,Diesel,6,14.75,286,1642,351,Medium,Mixed,0,22.36
Truck,Diesel,12,4.51,434,5298,2056,Medium,Highway,1,128.81
Mini Truck,Diesel,5,6.82,963,1194,145,Medium,Mixed,1,183.11
Truck,Petrol,7,5.21,762,9377,1871,Low,City,1,189.84
Van,Petrol,5,12.64,551,801,65,Medium,Mixed,0,54.17
Mini Truck,Petrol,1,7.7,105,2090,1793,Medium,Mixed,0,18.77
Truck,Diesel,3,3.96,103,5273,1564,Medium,Highway,0,33.29
Bus,Diesel,3,4.82,591,1,0,High,Mixed,1,167.39
Van,Diesel,2,14.55,420,623,567,Low,City,1,41.34
Van,Petrol,1,14.1,801,1766,809,Medium,Mixed,1,76.29
Bus,Diesel,1,4.86,312,0,0,Low,City,1,76.74
Van,Petrol,7,9.08,882,1474,456,Medium,Highway,0,119.3
Mini Truck,Diesel,12,9.92,193,3370,1508,High,Mixed,1,29.62
Bus,Petrol,6,4.32,936,1,0,Medium,Mixed,0,268.89
Van,Diesel,6,10.89,500,1478,1177,High,Mixed,0,70.83
Mini Truck,Petrol,7,6.06,61,2277,408,Medium,Mixed,0,13.63
Bus,Diesel,6,3.01,603,1,0,Low,Highway,1,222.98
Mini Truck,Diesel,3,8.12,439,3259,2591,High,Mixed,1,81.83
Mini Truck,Diesel,10,7.68,712,2463,1258,Medium,City,0,131.9
Mini Truck,Petrol,2,9.19,110,1356,116,High,City,0,16.57
Mini Truck,Diesel,11,6.55,956,2273,1170,Low,Mixed,0,188.66
Van,Petrol,6,12.49,377,624,513,High,Mixed,0,43.68
Bus,Petrol,6,3.48,840,0,0,Medium,Mixed,0,298.04
Mini Truck,Petrol,12,9.78,862,2355,155,Medium,Mixed,1,120.18
Bus,Petrol,8,4.79,593,1,1,High,Mixed,1,198.14
Van,Petrol,2,10.02,869,1177,1128,Medium,City,1,128.49
Truck,Diesel,11,4.48,892,8318,2783,Low,City,0,262.36
Bus,Petrol,6,4.75,825,0,0,High,City,1,255.41
Bus,Diesel,3,3.12,700,0,0,High,City,1,324.15
Truck,Petrol,1,3.18,111,7296,6222,Medium,Mixed,0,47.74
Van,Petrol,3,11.49,930,1155,962,Medium,Highway,1,106.07
Truck,Diesel,11,5.82,742,10898,6145,Low,City,0,171.66
Bus,Petrol,2,3.62,42,1,0,Medium,Highway,1,12.82
Van,Diesel,7,13.74,926,918,269,Medium,Highway,0,83.28
Mini Truck,Petrol,4,7.8,686,3135,735,Medium,City,0,116.93
Van,Diesel,5,9.61,512,1755,135,Low,City,0,64.11
Van,Diesel,12,13.82,536,973,62,Medium,City,1,55.57
Truck,Petrol,4,4.26,700,10043,888,Low,Mixed,0,184.56
Van,Diesel,4,11.83,69,1633,1106,High,Highway,0,8.65
Truck,Diesel,7,4.46,982,9769,8170,Medium,City,1,335.25
Van,Petrol,6,13.59,338,1434,773,Medium,City,1,35.75
Bus,Diesel,4,3.5,648,0,0,Medium,Mixed,1,236.34
Van,Petrol,12,13.33,163,720,51,Medium,Mixed,0,14.7
Bus,Petrol,4,3.47,570,0,0,High,Mixed,0,221.47
Van,Diesel,4,12.92,393,668,210,High,Mixed,0,42.67
Bus,Petrol,6,4.49,495,0,0,Low,Highway,1,121.97
Bus,Diesel,7,3.28,414,1,0,Medium,City,0,166.59
Bus,Diesel,12,4.65,467,1,1,Low,Highway,1,135.45
Bus,Diesel,12,4.98,484,0,0,High,Mixed,1,144.33
Van,Diesel,3,12.5,600,609,447,Medium,City,0,66.49
Bus,Diesel,11,3.07,778,0,0,Medium,Mixed,0,326.0
Mini Truck,Petrol,2,6.64,569,3237,740,Medium,Mixed,0,107.6
Bus,Petrol,2,3.77,787,1,0,High,Mixed,1,285.28
Bus,Petrol,11,5.0,277,1,1,Medium,Highway,0,78.09
Truck,Diesel,5,3.22,330,9068,2783,Low,Mixed,1,128.63
Mini Truck,Petrol,6,7.02,534,1038,141,High,City,1,113.96
Bus,Diesel,2,4.79,482,1,1,Low,Mixed,0,129.62
Mini Truck,Petrol,3,9.04,780,2407,182,Low,Mixed,0,95.56
Truck,Petrol,11,3.23,868,10922,531,High,City,0,400.98
Bus,Petrol,1,4.35,443,0,0,Low,Highway,1,108.19
Truck,Petrol,10,4.85,926,4438,3156,Medium,City,1,292.31
Bus,Diesel,8,3.69,754,0,0,High,Mixed,0,281.21
Van,Petrol,8,13.12,962,1528,693,Low,City,0,94.18
Mini Truck,Petrol,9,9.74,387,1287,711,High,City,0,62.57
Bus,Petrol,7,4.35,900,0,0,Medium,City,1,280.97
Truck,Diesel,7,5.8,276,6915,3178,Medium,Mixed,0,63.04
Bus,Petrol,6,3.24,904,1,0,Low,Highway,0,296.88
Bus,Petrol,4,3.37,973,1,1,Low,Mixed,0,375.57
Bus,Petrol,10,3.81,103,0,0,Low,Mixed,1,35.59
Mini Truck,Petrol,9,9.36,417,3866,3593,High,City,1,75.96
Mini Truck,Petrol,12,6.79,972,3341,1740,Low,Highway,1,180.12
Van,Petrol,11,9.31,418,1951,419,High,Highway,0,61.48
Bus,Diesel,7,3.5,24,0,0,Low,Highway,1,7.62
Bus,Petrol,10,4.83,133,0,0,Medium,City,0,35.28
Truck,Diesel,10,5.48,497,9967,3993,High,Mixed,0,132.38
Bus,Petrol,4,4.62,450,0,0,Low,Highway,0,100.63
Truck,Petrol,4,4.04,676,10707,3376,High,City,1,251.35
Mini Truck,Petrol,7,8.48,804,2185,680,High,Mixed,1,140.0
Truck,Diesel,5,5.64,895,3578,889,High,Highway,1,216.27
Van,Diesel,4,13.51,198,1131,1072,High,City,1,21.89
Mini Truck,Diesel,12,9.18,762,1521,1399,Low,City,1,123.8
Truck,Diesel,9,4.54,268,5478,105,High,Highway,1,81.34
Bus,Petrol,3,4.32,960,1,0,High,Mixed,0,295.83
Truck,Diesel,11,5.79,497,11233,1287,Medium,Mixed,0,112.11
Van,Petrol,7,11.31,686,968,401,High,Mixed,1,91.36
Mini Truck,Diesel,9,6.29,444,2008,324,Medium,Mixed,1,96.04
Bus,Diesel,4,3.4,754,1,0,Low,Mixed,1,259.83
Truck,Diesel,8,4.08,702,8653,3242,High,Highway,0,234.29
Van,Petrol,12,11.06,995,1911,917,High,City,1,146.65
Mini Truck,Diesel,10,8.53,75,1194,511,Medium,City,1,14.42
Truck,Petrol,2,3.38,175,9521,5402,Medium,Mixed,1,69.29
Truck,Petrol,3,5.4,539,11279,3898,High,Highway,0,133.5
Truck,Petrol,2,3.83,528,10648,7237,Medium,City,0,191.32
Van,Petrol,12,9.51,443,1220,902,Medium,Highway,0,63.07
Van,Petrol,2,14.04,692,1842,671,Medium,Mixed,0,61.57
Van,Petrol,9,14.14,323,1688,1594,Low,Mixed,1,32.02
Bus,Petrol,8,4.67,98,1,1,High,Highway,1,30.02
Bus,Petrol,1,4.55,744,0,0,High,Highway,1,208.65
Bus,Petrol,12,3.89,165,0,0,Low,Mixed,1,51.71
Van,Petrol,1,14.54,311,1686,1597,Low,Highway,1,26.48
Truck,Petrol,7,3.32,439,8360,3764,Low,Mixed,1,170.58
Truck,Petrol,3,3.0,944,5291,238,Low,Mixed,0,352.6
Truck,Diesel,3,3.03,892,9994,6488,Medium,City,0,408.37
Mini Truck,Diesel,1,6.8,322,2817,915,Medium,Mixed,0,61.57
Mini Truck,Petrol,7,7.93,123,2884,2623,High,Mixed,0,24.14
Bus,Petrol,11,4.71,879,1,1,Low,Mixed,1,264.07
Mini Truck,Petrol,1,7.27,226,2601,1845,High,Highway,0,42.39
Mini Truck,Petrol,12,8.39,369,3418,3042,Medium,City,1,69.71
Van,Diesel,6,12.1,566,1529,878,Low,Highway,0,53.62
Bus,Diesel,2,3.27,452,0,0,Medium,Highway,1,161.96
Bus,Petrol,9,4.79,597,0,0,Medium,Mixed,0,157.56
Bus,Diesel,2,4.56,871,1,0,Medium,Mixed,1,238.28
Truck,Diesel,1,3.21,967,3910,3641,Low,City,0,399.12
Bus,Petrol,7,3.88,665,0,0,Medium,Mixed,1,221.09
Bus,Diesel,7,4.51,859,0,0,High,Mixed,0,261.11
Bus,Diesel,4,3.21,529,1,1,Low,Mixed,0,214.94
Van,Diesel,4,14.75,148,1217,601,High,Mixed,1,15.46
Van,Petrol,11,9.41,691,677,596,Low,Highway,1,97.8
Bus,Diesel,10,3.59,865,1,0,Low,City,1,313.62
Truck,Diesel,3,3.74,478,11884,11627,High,City,1,207.19
Mini Truck,Petrol,1,9.97,881,2586,677,High,Mixed,1,125.35
Truck,Diesel,5,3.05,646,6480,4621,Medium,Mixed,0,286.08
Mini Truck,Petrol,5,8.68,41,3672,796,High,Highway,0,5.1
Mini Truck,Diesel,3,8.76,229,3328,2721,High,Mixed,1,38.77
Truck,Diesel,7,5.26,190,6970,4176,Low,City,0,49.26
Bus,Petrol,9,3.16,247,1,0,Low,Highway,0,86.33
Mini Truck,Petrol,1,7.36,882,2839,1662,Medium,City,0,164.21
Van,Diesel,1,14.25,563,620,159,Medium,City,1,54.87
Bus,Diesel,6,4.01,263,0,0,High,Highway,0,82.89
Mini Truck,Diesel,7,7.75,133,3170,1974,High,Mixed,0,25.85
Bus,Petrol,11,4.86,369,1,1,Medium,Highway,0,105.39
Mini Truck,Petrol,10,9.37,734,2952,1059,Medium,Highway,1,103.99
Bus,Diesel,8,3.71,383,0,0,Medium,Mixed,1,135.1
Bus,Diesel,6,3.28,744,1,0,Low,Mixed,1,269.46
Truck,Diesel,2,3.94,934,10090,7804,Low,Highway,1,287.3
Truck,Petrol,8,4.28,57,9888,8100,High,City,0,22.33
Mini Truck,Diesel,10,8.18,234,3064,3011,Low,Mixed,0,38.01
Bus,Petrol,6,4.41,797,0,0,Medium,City,1,245.71
Truck,Diesel,11,3.9,227,8637,6173,High,Highway,0,83.63
Van,Diesel,5,12.74,305,1236,283,Medium,City,0,29.11
Bus,Diesel,6,4.73,893,1,1,High,Mixed,0,290.98
Mini Truck,Diesel,9,8.18,843,3620,829,Low,City,0,132.77
Mini Truck,Diesel,7,6.44,707,3151,3061,Medium,Highway,1,153.45
Mini Truck,Petrol,8,7.67,667,1736,441,Medium,Highway,0,104.25
Bus,Petrol,8,4.12,443,1,0,High,Highway,0,139.36
Truck,Diesel,3,5.17,810,7596,739,High,Highway,0,195.92
Van,Diesel,7,10.11,613,992,701,Medium,Mixed,0,85.15
Bus,Petrol,6,3.74,883,0,0,High,Mixed,0,319.79
Bus,Diesel,2,3.52,72,0,0,Low,City,1,26.46
Van,Diesel,4,14.43,174,824,517,Medium,City,0,18.05
Bus,Petrol,10,3.02,388,1,1,Medium,Highway,1,182.64
Mini Truck,Diesel,2,6.78,557,2501,244,Medium,Highway,1,96.2
Bus,Petrol,5,4.92,325,0,0,Medium,City,0,86.29
Van,Diesel,1,12.46,469,1240,1114,Low,Mixed,1,47.98
Mini Truck,Petrol,11,6.85,426,1857,159,Low,Highway,0,70.11
Bus,Petrol,1,3.21,782,0,0,Medium,Highway,0,269.83
Van,Diesel,12,14.34,547,1138,100,Medium,Mixed,1,49.96
Bus,Diesel,11,3.18,280,0,0,High,Mixed,0,121.47
Truck,Diesel,2,3.18,441,4604,3180,Low,City,1,186.7
Van,Diesel,9,10.64,94,1151,626,Medium,Highway,1,11.15
Mini Truck,Petrol,3,6.65,97,3354,1441,Low,Mixed,0,16.66
Bus,Petrol,2,3.07,777,1,0,High,Highway,0,314.67
Mini Truck,Diesel,5,7.68,472,1072,212,Medium,Mixed,1,82.26
Van,Diesel,12,11.28,304,774,319,Low,Highway,1,33.2
Mini Truck,Petrol,9,8.18,914,2308,1927,Low,Highway,0,138.18
Mini Truck,Petrol,1,9.5,176,3798,1121,Low,Mixed,0,21.78
Bus,Petrol,12,3.51,491,0,0,Low,Highway,0,155.04
Mini Truck,Diesel,10,8.06,269,1098,345,High,Mixed,0,48.88
Bus,Diesel,7,3.87,278,0,0,High,City,0,104.1
Van,Diesel,2,12.0,486,665,260,High,City,1,61.99
Bus,Diesel,3,4.13,319,0,0,High,Highway,0,94.23
Truck,Diesel,9,5.87,385,11992,1183,High,Highway,0,86.17
Bus,Diesel,2,4.69,143,1,0,Low,City,1,36.14
Van,Petrol,1,14.11,774,616,488,Low,Mixed,0,67.73
Bus,Diesel,4,4.77,75,1,0,Low,Mixed,0,18.19
Bus,Diesel,12,4.51,634,1,1,Medium,Highway,0,198.6
Van,Petrol,5,9.28,257,1890,1719,Medium,Mixed,1,39.39
Bus,Petrol,4,4.19,883,1,0,High,Mixed,1,292.33
Truck,Diesel,4,5.96,675,11564,6731,Medium,Highway,1,148.02
Mini Truck,Diesel,3,8.36,346,1191,1055,Low,City,0,55.79
Bus,Petrol,11,3.21,876,0,0,Medium,Highway,0,331.73
Van,Petrol,8,10.02,514,621,53,Medium,City,1,71.92
Mini Truck,Diesel,10,6.43,147,1293,965,Medium,City,0,32.55
Truck,Diesel,12,3.77,715,9463,8648,High,Mixed,1,308.39
Mini Truck,Petrol,11,9.73,320,1852,980,Medium,Mixed,1,45.34
Mini Truck,Petrol,1,7.77,407,1897,806,High,Highway,1,71.85
Mini Truck,Petrol,2,6.59,576,3286,432,Low,Highway,1,97.02
Van,Diesel,6,14.04,714,771,546,High,Mixed,1,80.41
Truck,Petrol,4,4.74,431,8980,1916,Low,Highway,1,103.62
Bus,Petrol,8,3.75,594,1,1,Medium,Mixed,0,229.49
Van,Diesel,7,10.18,91,1462,1071,Medium,City,0,12.28
Bus,Diesel,4,3.68,927,1,1,Medium,Highway,0,331.12
Van,Diesel,4,14.74,633,1232,492,Medium,Highway,1,55.21
Truck,Petrol,4,3.54,317,10667,3878,High,Highway,0,119.19
Truck,Petrol,10,5.43,486,11009,4990,Medium,City,1,132.74
Van,Petrol,8,9.22,60,1705,1261,High,City,1,11.09
Truck,Petrol,6,5.47,608,9379,5511,Medium,City,0,157.75
Mini Truck,Diesel,1,8.65,41,3814,1027,Medium,City,0,7.74
Mini Truck,Diesel,1,8.08,849,1082,600,Low,Mixed,1,131.83
Bus,Petrol,10,4.28,52,0,0,Medium,Mixed,0,16.2
Truck,Petrol,11,4.36,995,4119,3476,High,Mixed,0,357.46
Mini Truck,Petrol,9,7.85,273,1948,840,Medium,Highway,0,44.7
Truck,Petrol,9,5.58,959,10203,9108,High,City,1,286.58
Truck,Diesel,7,3.98,582,10816,2618,Low,Mixed,0,175.44
Truck,Diesel,8,5.27,395,11749,8337,High,Highway,1,109.09
Truck,Petrol,1,4.91,756,7787,818,High,City,1,224.36
Bus,Diesel,8,4.43,743,0,0,Medium,Highway,1,204.86
Mini Truck,Diesel,2,8.12,433,2509,2316,Medium,Highway,1,71.59
Truck,Petrol,10,5.5,747,7182,4484,Low,City,1,190.81
Truck,Diesel,1,5.24,823,7452,296,Medium,City,1,207.54
Truck,Diesel,4,5.32,764,5015,417,Medium,City,0,187.36
Mini Truck,Petrol,3,8.34,185,3146,3033,Low,Mixed,1,27.67
Bus,Diesel,8,4.85,622,1,1,High,City,0,209.55
Bus,Diesel,11,4.84,851,1,0,Medium,City,1,247.22
Bus,Petrol,12,4.88,997,1,0,High,City,0,305.47
Truck,Petrol,4,5.92,683,5340,2904,High,Mixed,0,165.89
Mini Truck,Petrol,8,6.48,751,2326,798,Medium,Highway,0,144.39
Mini Truck,Petrol,4,8.8,966,2053,250,Low,City,1,137.38
Truck,Diesel,5,3.36,718,4631,3350,Medium,City,1,315.6
Bus,Diesel,8,4.55,468,0,0,Low,Highway,1,115.68
Mini Truck,Diesel,8,7.72,440,2334,37,Medium,Highway,1,71.29
Van,Diesel,12,10.76,664,1548,1121,Low,City,1,91.51
Mini Truck,Petrol,3,9.73,55,1687,897,Low,Mixed,1,6.13
Bus,Diesel,2,3.79,608,0,0,Low,City,1,197.01
Mini Truck,Petrol,8,6.5,865,2714,221,Medium,City,1,182.99
Van,Diesel,11,10.22,420,1770,43,High,Highway,1,55.46
Bus,Diesel,11,4.63,263,1,0,Medium,Highway,1,70.42
Van,Diesel,3,9.93,855,1876,113,High,City,1,124.16
Mini Truck,Petrol,7,9.88,352,2173,17,Low,Mixed,0,39.12
Bus,Diesel,11,4.94,728,0,0,Medium,Mixed,1,197.97
Van,Petrol,4,13.21,955,1525,889,Low,City,0,93.36
Bus,Diesel,4,4.95,996,0,0,Medium,City,0,260.02
Van,Diesel,4,11.27,795,1408,1142,High,Mixed,1,109.18
Bus,Petrol,6,4.66,438,0,0,Low,City,0,114.05
Truck,Petrol,1,5.98,529,8698,5986,Low,City,0,114.36
Bus,Diesel,9,3.8,316,1,1,Low,Highway,0,105.53
Bus,Petrol,11,3.35,631,1,1,Low,City,0,269.81
Bus,Petrol,1,3.07,362,0,0,High,City,0,163.99
Bus,Diesel,8,4.6,97,1,1,High,Highway,1,31.56
Bus,Petrol,4,3.13,485,0,0,Low,City,1,191.02
Bus,Diesel,11,3.13,724,1,1,Low,Highway,0,298.18
Bus,Petrol,2,3.79,347,1,0,Low,Mixed,1,104.19
Bus,Diesel,3,4.62,887,0,0,High,City,1,277.89
Truck,Diesel,1,3.32,130,11651,11321,Low,Mixed,1,51.9
Truck,Petrol,1,5.32,478,7113,2017,Medium,Mixed,0,111.93
Van,Petrol,9,9.66,28,1731,511,High,Highway,0,2.87
Bus,Diesel,6,4.71,579,0,0,Low,City,0,148.16
Van,Diesel,5,13.27,54,551,348,High,Mixed,0,7.25
Truck,Petrol,7,5.94,1000,6626,2795,High,Mixed,1,252.44
Truck,Diesel,2,5.33,440,4122,796,High,City,1,124.23
Mini Truck,Diesel,3,9.84,954,1307,329,Medium,City,1,134.75
Mini Truck,Petrol,3,8.02,721,1610,1445,High,Mixed,1,139.96
Van,Petrol,3,9.31,863,1047,1042,High,City,1,149.35
Truck,Diesel,7,3.01,270,5435,3,Low,Highway,1,101.39
Mini Truck,Petrol,7,9.87,752,2449,2029,Low,City,1,108.06
Bus,Petrol,9,4.26,43,0,0,Medium,Mixed,1,12.66
Truck,Petrol,4,5.78,684,9489,4762,Low,City,1,157.63
Bus,Diesel,9,3.77,833,1,0,Low,Highway,0,241.98
Truck,Petrol,3,5.98,280,11015,6316,Low,Highway,1,56.0
Truck,Diesel,11,5.6,521,8964,5948,Medium,City,1,141.24
Truck,Diesel,12,3.97,610,11257,3278,Low,City,0,204.08
Van,Petrol,5,12.8,711,1071,288,High,City,1,83.58
Truck,Diesel,1,4.3,410,9276,6109,High,Highway,0,128.84
Bus,Petrol,3,4.9,162,1,0,Low,City,0,38.65
Truck,Diesel,8,4.02,565,7166,1005,Low,Mixed,1,173.35
Bus,Petrol,9,4.64,184,0,0,Low,Mixed,0,47.32
Truck,Petrol,8,3.24,153,3438,1722,High,City,1,73.84
Truck,Diesel,12,4.16,485,7690,2191,Low,City,0,156.38
Bus,Diesel,11,3.56,656,0,0,Low,Highway,0,202.35
Van,Diesel,12,13.2,878,1582,883,High,Mixed,1,103.74
Mini Truck,Diesel,7,7.69,501,2992,1052,Medium,Mixed,0,86.0
Truck,Diesel,2,4.99,21,4007,1209,High,Highway,1,6.36
Van,Petrol,9,10.04,677,536,86,High,City,1,103.65
Mini Truck,Petrol,11,6.89,156,2157,583,Medium,Highway,0,28.43
Van,Diesel,5,9.77,481,1508,976,Low,City,1,67.77
Bus,Petrol,8,4.35,188,0,0,Low,Mixed,1,52.02
Van,Diesel,2,14.61,336,1077,1077,Medium,Highway,0,31.57
Mini Truck,Diesel,9,6.92,520,2622,2188,High,Mixed,1,120.5
Van,Diesel,12,13.77,359,1084,946,High,Mixed,0,42.16
Bus,Petrol,8,4.51,921,0,0,Medium,Mixed,0,256.15
Van,Petrol,4,9.78,173,1808,111,Medium,City,1,23.8
Truck,Petrol,12,5.0,993,10769,9700,Medium,City,1,313.85
Mini Truck,Diesel,9,9.97,826,3332,2116,Medium,Highway,1,111.0
Truck,Diesel,10,3.98,672,7760,6391,Medium,Mixed,0,241.58
Truck,Diesel,12,4.68,255,10179,2833,High,City,0,83.27
Truck,Petrol,8,3.64,452,10985,9354,Low,City,0,172.56
Mini Truck,Petrol,5,9.06,918,3304,2548,Medium,Mixed,1,142.48
Truck,Petrol,9,4.88,40,5518,1107,Low,Mixed,0,11.95
Truck,Diesel,2,5.23,856,5914,4133,Medium,Mixed,1,224.1
Truck,Petrol,3,3.96,351,8272,8002,High,City,0,139.79
Bus,Diesel,10,4.4,667,1,0,High,Mixed,0,213.18
Truck,Diesel,12,3.8,731,8784,8435,Medium,Highway,1,276.87
Van,Diesel,8,14.15,917,1812,600,High,Mixed,1,97.56
Mini Truck,Petrol,12,8.64,855,3536,1218,High,Highway,0,137.26
Bus,Diesel,8,3.25,780,1,0,Medium,Highway,0,284.94
Van,Petrol,4,13.55,257,981,335,Medium,City,1,26.6
Mini Truck,Petrol,8,7.78,759,2026,1849,Low,City,1,140.18
Mini Truck,Petrol,1,6.83,326,1285,18,High,Mixed,1,64.67
Truck,Petrol,1,4.41,664,10821,1229,High,Mixed,0,201.29
Truck,Petrol,2,5.82,882,3577,1971,Medium,City,1,214.37
Mini Truck,Petrol,11,7.09,112,1620,1535,Medium,Highway,0,20.91
Bus,Diesel,6,3.78,821,0,0,High,Highway,0,277.74
Van,Petrol,4,11.32,752,1673,761,Low,City,1,86.4
Mini Truck,Petrol,8,6.83,505,3987,43,High,Highway,0,98.45
Mini Truck,Diesel,9,8.75,324,3672,2438,Medium,City,1,55.22
Mini Truck,Diesel,3,8.72,644,1361,533,High,Mixed,0,104.43
Mini Truck,Diesel,2,9.08,901,2617,721,Medium,City,1,136.15
Bus,Petrol,4,4.16,617,0,0,Medium,Highway,1,175.32
Mini Truck,Petrol,4,10.0,225,1252,806,Medium,Highway,0,28.25
Truck,Petrol,11,3.23,476,7243,462,High,City,0,220.74
Bus,Diesel,2,3.41,914,1,0,High,Mixed,1,366.98
Van,Petrol,6,14.59,928,1488,1287,Low,Mixed,1,87.02
Mini Truck,Petrol,8,7.88,389,1250,685,Medium,Mixed,0,68.3
Mini Truck,Diesel,3,8.77,643,3478,1573,High,Highway,1,102.39
Bus,Diesel,8,3.02,607,0,0,Low,Highway,0,216.52
Van,Diesel,7,12.06,854,899,482,Medium,City,0,99.01
Van,Diesel,4,11.61,314,1616,1097,Low,City,1,36.11
Mini Truck,Diesel,12,6.54,558,3488,276,Medium,Highway,1,109.81
Truck,Petrol,7,5.26,702,10748,7139,Medium,City,0,192.78
Van,Diesel,12,11.21,579,765,707,Medium,Mixed,1,75.71
Truck,Petrol,4,3.02,580,5479,1211,High,Highway,0,249.62
Van,Petrol,3,12.26,647,1398,1079,Medium,Highway,1,69.79
Van,Petrol,10,12.89,985,1115,992,Low,City,1,111.25
Mini Truck,Petrol,7,7.11,54,2474,1314,Medium,Mixed,0,11.77
Van,Diesel,1,14.54,991,751,563,Medium,Mixed,0,90.81
Truck,Petrol,6,4.21,978,8087,6707,Medium,Highway,1,317.34
Truck,Diesel,6,4.59,595,4783,12,High,Mixed,1,182.58
Mini Truck,Petrol,5,7.01,622,2782,325,Low,City,1,113.9
Mini Truck,Diesel,7,9.14,801,2211,1591,Medium,Highway,0,115.85
Van,Petrol,8,11.66,254,1675,836,Low,City,0,30.33
Van,Petrol,3,12.01,373,1761,152,Low,Highway,0,31.16
Mini Truck,Petrol,4,8.2,270,3616,2042,Medium,City,0,45.52
Bus,Diesel,2,4.2,347,0,0,High,Highway,1,106.16
Mini Truck,Diesel,7,6.11,597,2958,2627,Medium,Highway,0,130.53
Bus,Petrol,10,3.97,439,0,0,Medium,Highway,1,139.05
Truck,Diesel,8,5.25,418,10941,3798,Medium,City,0,109.86
Mini Truck,Petrol,9,7.8,785,2226,2072,High,Mixed,1,161.87
Bus,Petrol,2,3.49,290,1,1,High,Mixed,1,126.37
Truck,Petrol,4,5.53,367,8245,2966,Medium,City,1,94.96
Mini Truck,Petrol,5,6.95,101,3622,646,Low,Highway,1,15.84
Mini Truck,Petrol,6,7.53,103,1297,1271,High,Mixed,1,21.77
Bus,Petrol,8,4.19,149,0,0,High,Highway,0,45.86
Truck,Diesel,6,4.77,379,8237,4696,High,Highway,1,115.2
Van,Petrol,6,12.3,350,1082,66,High,Mixed,0,35.61
Van,Petrol,5,14.55,148,1094,837,High,Mixed,1,15.62
Truck,Diesel,4,4.83,813,7046,453,Medium,City,0,218.96
Van,Petrol,4,14.26,987,1254,1254,Medium,City,0,101.2
Mini Truck,Diesel,9,6.74,628,3883,491,Medium,Highway,1,119.73
Mini Truck,Petrol,11,7.88,585,3669,3520,Low,Mixed,1,103.81
Van,Petrol,7,10.49,486,1704,960,Low,Mixed,0,58.9
Mini Truck,Petrol,7,6.11,603,3046,2692,Medium,Mixed,1,144.43
Bus,Diesel,1,4.37,392,1,1,High,Highway,1,132.48
Van,Petrol,3,14.67,811,1993,1988,High,Highway,0,78.23
Truck,Petrol,10,3.69,992,5981,5650,Low,City,1,394.32
Van,Petrol,9,9.95,263,1093,790,Low,City,1,38.85
Truck,Petrol,7,4.5,472,4108,3758,Medium,Highway,1,145.75
Van,Petrol,11,10.89,825,685,604,High,City,0,122.29
Bus,Diesel,8,3.66,727,1,0,High,Highway,1,267.51
Van,Petrol,6,12.71,467,1477,290,High,Highway,1,50.63
Truck,Petrol,12,5.09,104,3393,1430,Low,Highway,1,26.46
Mini Truck,Petrol,3,6.26,129,1526,1095,Medium,City,0,28.22
Mini Truck,Diesel,3,7.93,249,3132,1366,Medium,Mixed,0,36.96
Truck,Petrol,12,4.72,248,8081,691,Medium,Highway,1,68.17
Van,Diesel,7,13.13,868,1659,72,High,City,0,94.25
Truck,Petrol,9,3.78,901,11222,3345,Medium,Mixed,0,313.08
Mini Truck,Petrol,3,6.8,364,2616,1743,High,City,0,77.96
Mini Truck,Petrol,8,7.49,384,2433,2310,Medium,Highway,1,72.8
Bus,Diesel,1,3.64,941,1,1,High,Highway,1,377.59
Truck,Petrol,1,3.54,649,11735,10665,High,Mixed,0,269.89
Truck,Petrol,6,4.59,370,5478,1730,Medium,Mixed,1,110.24
Bus,Petrol,11,3.3,176,0,0,Medium,Highway,0,65.3
Bus,Diesel,6,3.12,613,1,1,Low,Highway,1,255.39
Mini Truck,Diesel,9,8.68,108,2753,469,Medium,Mixed,1,15.13
Mini Truck,Petrol,2,6.92,741,2165,68,Medium,City,1,141.91
Truck,Diesel,1,5.62,585,8109,2750,Medium,Highway,0,119.96
Van,Petrol,1,11.44,718,1668,1275,Low,Mixed,1,79.91
Bus,Petrol,10,3.48,776,1,1,High,Mixed,0,352.02
Van,Petrol,4,12.37,518,1326,599,Low,Highway,1,49.8
Bus,Petrol,9,4.83,516,0,0,Low,Mixed,0,125.05
Van,Petrol,2,13.69,286,1107,376,Medium,Mixed,1,28.14
Mini Truck,Diesel,11,8.43,286,1166,71,Medium,Highway,0,42.27
Bus,Petrol,8,4.26,328,1,0,Low,Mixed,1,95.75
Truck,Petrol,1,4.69,235,11224,7337,Low,City,0,63.64
Truck,Petrol,7,5.88,934,4681,1825,Low,Highway,1,187.92
Mini Truck,Diesel,11,6.72,75,1392,747,Low,City,1,15.99
Bus,Petrol,7,3.77,398,0,0,Medium,Highway,0,122.55
Van,Petrol,4,11.53,432,760,451,High,Mixed,1,57.86
Mini Truck,Diesel,3,9.15,970,3392,1452,Medium,Mixed,1,141.4
Mini Truck,Petrol,6,6.15,683,1245,1155,High,Mixed,1,174.46
Truck,Petrol,4,4.96,812,4467,2759,Medium,Highway,1,212.45
Truck,Petrol,3,4.15,874,4351,2171,Medium,City,0,289.35
Mini Truck,Petrol,1,9.39,398,2075,429,Low,City,1,52.67
Bus,Petrol,11,4.32,633,0,0,Medium,Mixed,1,195.58
Bus,Petrol,2,4.32,875,0,0,Low,Mixed,1,234.93
Truck,Petrol,10,4.52,41,10021,2212,High,Highway,0,11.31
Mini Truck,Diesel,10,7.57,339,2332,674,Low,City,1,60.59
Truck,Petrol,5,4.98,467,4983,2547,Medium,City,0,131.32
Van,Petrol,12,9.74,309,1221,391,Low,City,1,41.75
Bus,Petrol,2,4.11,856,0,0,Medium,Mixed,0,250.5
Truck,Diesel,9,3.77,372,5013,2949,Low,Highway,1,121.67
Bus,Diesel,11,3.72,907,0,0,Medium,City,0,332.58
Bus,Petrol,9,4.01,542,0,0,Medium,Mixed,0,170.5
Truck,Petrol,3,4.41,212,5478,3205,Low,City,0,62.62
Van,Diesel,8,12.18,175,715,254,Medium,City,0,21.35
Mini Truck,Diesel,4,6.62,479,2677,513,Medium,Mixed,1,95.42
Mini Truck,Petrol,7,9.53,832,2375,2075,High,Highway,1,131.02
Mini Truck,Petrol,11,8.83,608,2205,618,Medium,City,0,96.84
Truck,Diesel,7,4.47,907,11108,2572,High,City,1,310.1
Bus,Diesel,11,3.66,939,1,1,Medium,Mixed,0,378.9
Van,Diesel,4,9.45,748,752,730,Low,Highway,1,99.27
Mini Truck,Diesel,6,6.97,587,1168,424,High,Mixed,0,118.8
Van,Diesel,2,12.93,765,1861,1816,Low,Mixed,0,76.27
Truck,Petrol,7,3.84,275,3185,645,Medium,Highway,0,85.44
Truck,Diesel,9,4.59,93,8986,3177,Low,City,1,26.29
Van,Petrol,9,14.45,271,1236,992,Medium,Highway,1,24.23
Truck,Diesel,11,4.13,532,9984,201,Medium,Highway,0,155.75
Mini Truck,Petrol,1,7.16,440,1155,289,High,Highway,0,78.26
Bus,Petrol,9,4.28,168,0,0,Medium,Highway,0,47.0
Mini Truck,Diesel,4,7.35,86,2703,513,Low,Mixed,1,15.23
Truck,Diesel,6,5.6,38,11133,10675,Medium,Highway,0,9.67
Truck,Petrol,11,4.06,425,9924,8699,Medium,City,0,158.65
Van,Petrol,9,9.56,972,1301,1141,High,Highway,0,149.01
Bus,Diesel,8,4.91,75,1,0,High,Mixed,1,22.46
Truck,Petrol,4,4.74,30,6195,5071,High,Highway,0,10.43
Truck,Petrol,12,4.99,835,5901,3258,Low,City,0,229.3
Van,Petrol,8,10.71,658,1168,919,High,Mixed,0,92.92
Truck,Diesel,3,4.39,931,11731,1920,Medium,Highway,0,244.7
Van,Diesel,3,12.45,198,1873,1390,Medium,City,0,20.75
Truck,Petrol,10,5.01,720,7076,4511,Medium,City,1,218.49
Bus,Diesel,11,3.17,389,1,1,High,City,1,210.53
Truck,Diesel,8,5.44,791,5845,2208,Medium,Highway,1,189.43
Mini Truck,Diesel,8,9.37,683,2472,1497,Low,City,1,101.09
Van,Petrol,6,9.23,52,1523,951,High,Mixed,0,9.98
Van,Diesel,8,13.74,919,694,645,Low,Highway,1,86.19
Truck,Petrol,4,3.63,709,4802,3070,Medium,Mixed,1,271.68
Bus,Diesel,2,3.1,51,1,1,Low,Mixed,0,21.01
Van,Petrol,3,9.04,198,1390,340,Medium,Highway,0,24.98
Truck,Petrol,12,3.83,877,9329,6530,Low,Highway,0,286.02
Mini Truck,Diesel,5,6.21,214,3251,639,Low,Highway,0,37.89
Mini Truck,Diesel,12,7.8,616,3466,3252,Medium,City,1,125.91
Bus,Diesel,6,4.52,587,1,0,Low,Mixed,0,148.15
Truck,Petrol,7,5.31,386,6813,5223,Low,City,0,98.67
Bus,Petrol,2,3.94,390,1,0,Low,City,0,118.68
Van,Diesel,3,13.23,405,1579,1550,Medium,Highway,0,41.42
Mini Truck,Petrol,6,8.97,321,1088,345,High,Highway,0,48.72
Bus,Petrol,8,3.89,700,0,0,Medium,Mixed,0,226.87
Bus,Petrol,2,4.0,174,0,0,Low,Mixed,1,51.23
Mini Truck,Petrol,3,7.58,559,1499,646,Medium,Mixed,0,95.58
Mini Truck,Diesel,2,7.91,906,1433,649,Low,Highway,0,126.2
Bus,Diesel,12,3.53,319,0,0,High,Mixed,1,132.48
Bus,Petrol,7,3.88,957,0,0,High,Highway,1,330.41
Truck,Petrol,12,3.79,439,3008,2795,Medium,Mixed,1,171.94
Bus,Petrol,11,3.11,778,1,1,Low,Highway,1,335.47
Truck,Diesel,11,5.94,432,4487,4038,Low,City,0,102.83
Mini Truck,Diesel,4,8.6,126,1150,232,High,Highway,1,21.64
Van,Diesel,2,12.99,868,1569,1293,High,Highway,1,96.13
Van,Diesel,4,14.79,409,1462,1202,Medium,City,1,39.72
Truck,Diesel,2,4.71,896,8196,4763,Low,City,0,242.41
Mini Truck,Diesel,5,6.3,230,2725,1147,Medium,Mixed,0,46.42
Bus,Diesel,2,3.51,918,1,1,Medium,Mixed,1,374.57
Mini Truck,Diesel,5,9.64,149,3163,597,Low,Highway,1,17.88
Bus,Diesel,12,3.15,452,0,0,High,City,1,222.13
Truck,Diesel,9,5.42,662,8696,1602,High,City,0,181.43
Van,Petrol,12,11.54,86,1152,300,Medium,City,1,10.97
Bus,Petrol,4,4.52,120,0,0,Medium,City,1,33.94
Truck,Petrol,1,5.34,118,7718,847,High,Highway,1,29.56
Truck,Diesel,11,5.02,667,9967,3966,Low,Mixed,0,168.25
Mini Truck,Diesel,11,7.93,875,2754,2361,High,Mixed,1,178.72
Mini Truck,Petrol,1,6.45,34,3158,931,Medium,Highway,1,6.4
Bus,Petrol,8,3.61,263,1,0,Medium,Mixed,0,92.29
Bus,Petrol,4,3.86,116,1,0,High,City,1,45.8
Van,Petrol,4,9.46,836,1938,990,Medium,Highway,1,112.95
Truck,Diesel,8,3.06,355,4893,4246,High,City,1,192.31
Bus,Diesel,12,4.24,598,0,0,Low,City,1,184.87
Truck,Petrol,8,5.77,89,5509,4113,High,City,1,24.17
Van,Petrol,7,12.03,778,1312,420,High,Mixed,0,92.44
Bus,Diesel,7,4.88,112,0,0,High,City,1,35.52
Truck,Petrol,3,5.22,933,11401,10585,High,Highway,0,252.98
Mini Truck,Diesel,2,9.05,861,1614,1367,Low,City,1,130.29
Van,Diesel,3,10.26,357,666,189,Medium,City,1,47.57
Van,Petrol,1,13.95,239,1950,1706,High,City,1,26.56
Truck,Petrol,3,5.07,114,4902,2139,Low,City,0,28.65
Mini Truck,Petrol,4,6.58,258,2292,2014,High,City,1,61.65
Van,Diesel,11,14.38,32,1979,309,High,City,0,4.89
Truck,Petrol,10,3.72,134,10883,4274,Medium,Mixed,1,49.66
Truck,Petrol,3,4.03,699,8395,2227,Medium,Highway,0,205.15
Bus,Petrol,12,4.7,642,1,1,High,Mixed,0,217.03
Mini Truck,Petrol,11,9.13,491,3001,863,High,City,1,85.87
Van,Diesel,9,13.33,717,703,432,Low,Highway,0,65.39
Truck,Diesel,6,3.31,691,4206,1960,Low,Highway,0,239.26
Truck,Petrol,6,3.56,909,3726,729,Medium,City,1,355.06
Bus,Diesel,3,3.42,205,0,0,Low,Highway,0,62.04
Mini Truck,Diesel,9,9.01,844,3883,3522,Medium,Highway,1,130.03
Van,Diesel,4,11.88,595,1578,723,Medium,Mixed,0,64.93
Mini Truck,Diesel,2,6.9,855,1457,868,High,Mixed,0,178.09
Van,Petrol,11,9.32,477,513,214,Low,City,0,69.29
Van,Diesel,8,14.05,751,1117,552,High,Mixed,0,78.54
Truck,Diesel,8,4.91,576,10170,3789,Low,Highway,0,133.39
Van,Petrol,1,13.03,425,1677,545,Low,City,1,42.15
Bus,Petrol,1,3.88,35,1,0,Medium,Highway,1,10.49
Bus,Diesel,4,4.83,703,0,0,Low,Mixed,0,160.23
Van,Diesel,9,14.95,766,618,139,High,City,1,80.38
Mini Truck,Diesel,6,8.06,495,2450,897,Low,City,1,81.4
Bus,Diesel,6,4.77,241,0,0,High,Highway,1,68.64
Truck,Petrol,7,4.25,680,11084,997,High,Mixed,1,228.48
Van,Diesel,2,9.6,733,641,441,Low,Highway,1,87.34
Bus,Diesel,1,4.19,763,1,0,Low,Highway,1,193.36
Truck,Diesel,8,4.48,28,4264,3821,Low,City,0,9.05
Truck,Petrol,2,5.43,937,5246,416,Low,City,1,210.96
Van,Diesel,8,9.86,206,697,400,Medium,City,1,29.82
Van,Petrol,7,12.35,170,1479,499,Medium,City,0,22.31
Mini Truck,Petrol,3,8.3,363,3481,98,High,Highway,1,56.71
Mini Truck,Diesel,3,6.1,948,2844,650,High,Mixed,0,213.97
Bus,Petrol,9,4.63,887,0,0,Low,City,1,246.35
Truck,Diesel,10,4.81,900,9789,8840,High,City,1,312.31
Bus,Petrol,6,4.9,864,1,0,High,City,1,260.76
Bus,Diesel,1,4.94,968,1,0,High,City,0,270.09
Bus,Petrol,7,3.97,597,1,0,Low,Highway,0,160.42
Mini Truck,Petrol,6,8.41,268,3444,2783,Low,Highway,0,38.28
Van,Petrol,11,9.47,775,568,357,High,Mixed,0,124.97
Mini Truck,Petrol,1,8.28,824,2043,1604,Medium,City,1,144.25
Bus,Petrol,1,4.95,61,0,0,Medium,Highway,0,12.16
Bus,Petrol,5,4.7,414,1,1,High,Highway,1,132.71
Mini Truck,Petrol,3,7.45,936,1077,577,High,Mixed,0,176.87
Bus,Petrol,7,3.27,81,1,1,Low,Highway,0,28.5
Mini Truck,Petrol,12,6.32,194,3077,459,High,Highway,1,44.38
Bus,Diesel,11,4.32,590,0,0,High,Highway,1,189.08
Bus,Diesel,5,3.48,469,1,0,Low,City,1,168.39
Truck,Petrol,11,3.82,416,10933,10834,Low,Highway,0,138.63
Van,Diesel,12,10.49,431,1695,939,Medium,Highway,0,53.37
Bus,Petrol,7,3.2,304,1,1,Medium,Mixed,1,140.28
Bus,Petrol,11,4.01,277,0,0,High,City,0,100.32
Van,Diesel,9,14.37,896,637,90,Low,City,0,78.02
Bus,Petrol,8,4.87,819,0,0,High,City,1,253.04
Truck,Petrol,5,5.91,930,8009,163,Low,Mixed,1,187.97
Mini Truck,Petrol,9,7.02,923,2659,961,High,Highway,1,186.86
Mini Truck,Diesel,11,9.83,426,1999,979,High,Mixed,1,68.0
Mini Truck,Petrol,10,7.88,563,1842,927,Low,City,0,93.48
Bus,Diesel,6,3.22,895,0,0,High,City,0,398.26
Mini Truck,Diesel,9,8.29,465,2255,1808,Medium,City,1,85.1
Mini Truck,Diesel,12,8.44,635,3409,493,Low,City,0,97.88
Mini Truck,Petrol,3,7.37,645,3694,2656,Low,Highway,1,105.55
Mini Truck,Petrol,1,8.12,790,2454,1722,Medium,City,0,136.46
Truck,Petrol,11,4.31,625,6482,6010,High,Mixed,1,234.87
Mini Truck,Diesel,11,7.21,508,2136,1824,Medium,Highway,1,100.36
Truck,Petrol,8,5.54,158,10668,907,Medium,Mixed,0,36.04
Truck,Petrol,6,5.89,308,7195,5060,Low,Mixed,1,68.66
Mini Truck,Petrol,3,7.48,522,3580,886,Medium,City,1,95.7
Bus,Petrol,12,3.67,984,1,1,High,City,0,446.75
Van,Petrol,12,10.63,745,876,3,Medium,Highway,1,89.03
Van,Diesel,11,11.7,153,1463,962,High,Mixed,0,19.91
Mini Truck,Petrol,10,7.31,529,3078,2278,Low,Mixed,1,98.94
Van,Petrol,7,9.14,850,1339,867,High,Mixed,0,138.35
Van,Petrol,7,13.09,573,1127,541,Low,Mixed,1,57.27
Van,Petrol,1,9.34,870,1487,1235,Medium,Highway,1,123.08
Bus,Diesel,8,3.99,162,1,1,Medium,City,0,60.05
Mini Truck,Petrol,10,9.98,418,3401,457,Low,Mixed,1,53.57
Bus,Diesel,11,3.94,371,0,0,High,Highway,1,128.52
Truck,Diesel,7,4.82,647,8712,6997,Medium,Mixed,0,187.9
Mini Truck,Diesel,4,6.21,41,3743,188,High,Highway,0,9.12
Van,Petrol,12,12.48,989,789,213,Medium,City,0,110.13
Van,Petrol,10,14.16,818,859,776,Medium,Mixed,1,86.34
Truck,Diesel,2,5.09,140,8774,1930,High,Mixed,0,36.83
Bus,Petrol,5,3.08,129,0,0,High,Highway,1,54.38
Truck,Petrol,7,5.74,104,8716,1571,High,Highway,0,25.58
Van,Diesel,10,13.88,637,621,376,Medium,City,1,68.47
Bus,Diesel,4,4.15,591,1,0,High,Highway,1,185.59
Bus,Petrol,3,4.06,268,1,1,Medium,Mixed,1,95.15
Van,Petrol,11,12.3,772,1164,109,Low,Highway,0,71.55
Mini Truck,Petrol,3,8.74,609,1324,929,Low,Highway,1,83.88
Van,Petrol,1,14.69,222,1175,721,Low,City,1,21.35
Van,Petrol,11,12.8,739,1883,1585,High,Highway,1,89.06
Van,Petrol,9,13.31,623,1948,998,Low,Mixed,1,58.81
Truck,Diesel,9,5.9,538,10248,2715,Medium,City,1,130.46
Mini Truck,Petrol,10,6.33,473,2206,73,Medium,Mixed,0,95.42
Mini Truck,Petrol,6,6.73,781,2153,410,Medium,City,0,156.58
Truck,Diesel,3,3.05,99,3330,1080,High,Highway,1,40.94
Truck,Diesel,3,4.79,825,7584,2042,High,Highway,1,235.31
Truck,Diesel,7,4.09,318,11668,1633,High,City,0,114.56
Bus,Petrol,1,3.16,398,0,0,Low,Highway,0,127.39
Truck,Diesel,12,3.97,425,7950,3025,Medium,Highway,0,139.35
Van,Petrol,1,13.17,753,1982,1428,Low,Mixed,1,75.41
Bus,Diesel,2,4.81,444,1,1,Low,City,0,125.66
Truck,Diesel,2,5.12,484,10295,3491,Low,Highway,1,108.06
Truck,Diesel,1,3.29,195,7741,4634,Medium,Highway,0,72.33
Van,Diesel,12,13.06,20,1034,31,Medium,Highway,0,2.0
Mini Truck,Petrol,5,9.39,968,3431,1746,Medium,Highway,0,127.42
Bus,Diesel,5,3.5,874,0,0,Medium,City,0,323.64
Truck,Diesel,1,5.87,104,8553,861,Medium,Mixed,0,20.58
Truck,Diesel,10,5.83,870,9659,952,Low,City,1,195.02
Van,Petrol,8,14.98,447,1743,895,Low,City,1,40.86
Bus,Petrol,3,3.63,877,1,0,Medium,Highway,0,270.98
Bus,Petrol,5,4.51,698,1,1,High,Mixed,1,244.76
Truck,Petrol,6,5.56,183,4734,4245,Medium,City,0,48.39
Truck,Petrol,9,4.67,76,4591,3134,Medium,Mixed,0,22.84
Truck,Petrol,11,5.36,952,8411,5801,Medium,Highway,0,236.33
Mini Truck,Petrol,12,8.19,288,2335,191,Medium,Mixed,1,51.68
Truck,Petrol,5,5.24,168,7269,6273,High,City,1,53.74
Truck,Diesel,12,4.04,356,3714,265,Low,Highway,1,102.74
Mini Truck,Diesel,7,8.04,64,3528,1819,Medium,Highway,1,10.73
Truck,Petrol,12,4.69,321,11272,1907,Low,Highway,1,81.43
Mini Truck,Diesel,8,8.61,567,1180,878,Low,City,0,88.6
Mini Truck,Petrol,10,7.89,630,3751,924,High,Mixed,1,117.71
Mini Truck,Petrol,12,6.42,277,1194,640,Low,City,0,59.48
Bus,Diesel,1,4.59,102,1,0,High,City,1,30.96
Truck,Diesel,1,5.7,276,10753,9070,Low,Mixed,1,63.71
Bus,Petrol,8,3.87,513,1,1,Low,City,1,194.73
Mini Truck,Diesel,12,6.37,837,3974,652,Low,Mixed,0,163.21
Bus,Diesel,5,3.41,133,0,0,Medium,Highway,1,45.78
Van,Petrol,10,11.91,452,954,200,Medium,City,0,53.24
Truck,Diesel,11,5.31,847,8657,4384,Medium,Mixed,1,229.04
Mini Truck,Diesel,2,6.71,793,1676,700,Medium,Highway,0,140.68
Van,Petrol,2,13.46,59,1645,1105,Low,City,1,4.95
Truck,Diesel,7,5.62,772,5759,387,High,City,0,201.4
Mini Truck,Diesel,4,9.61,926,2380,1440,High,Highway,1,137.0
Truck,Petrol,8,5.7,742,4259,3568,Medium,Highway,1,180.51
Bus,Petrol,12,3.39,155,0,0,Medium,Highway,1,57.08
Mini Truck,Diesel,3,9.24,202,3534,606,Medium,City,1,28.29
Truck,Diesel,7,4.84,469,3300,2508,High,City,0,152.11
Mini Truck,Diesel,9,9.66,933,3605,1177,Low,Highway,0,110.8
Truck,Petrol,7,3.97,314,7798,4221,Low,Mixed,0,97.39
Truck,Diesel,5,4.29,851,6688,5747,Medium,Mixed,1,284.58
Truck,Petrol,1,4.15,401,7013,3852,High,Highway,1,131.21
Bus,Petrol,10,4.96,79,1,0,Medium,City,0,20.16
Van,Petrol,11,12.18,889,548,163,Medium,City,1,107.63
Bus,Diesel,4,3.01,348,0,0,High,Highway,0,146.4
Bus,Petrol,6,3.6,944,0,0,High,Mixed,0,356.15
Bus,Diesel,8,3.61,542,1,0,Low,Mixed,1,180.45
Truck,Petrol,3,4.03,33,6665,1505,Medium,Mixed,0,9.01
Bus,Diesel,6,4.68,139,0,0,Low,City,0,35.49
Bus,Petrol,2,3.18,708,1,1,Medium,Highway,1,301.34
Truck,Diesel,10,5.24,670,4972,4346,Medium,Highway,0,174.67
Bus,Diesel,5,3.2,750,0,0,Low,City,1,292.37
Truck,Petrol,12,5.93,458,4109,2713,High,Mixed,0,117.47
Van,Diesel,8,11.44,823,1779,297,Medium,Mixed,1,96.73
Mini Truck,Diesel,9,7.86,63,3505,831,High,Highway,1,10.25
Van,Diesel,10,9.29,442,604,375,Low,City,0,64.17
Mini Truck,Diesel,3,7.21,508,1504,416,Low,Mixed,1,86.83
Truck,Diesel,11,3.94,935,4138,1817,Medium,City,1,354.36
Van,Petrol,5,10.25,714,1375,716,High,Highway,0,95.19
Bus,Petrol,12,4.94,995,1,1,Medium,Mixed,0,296.57
Bus,Diesel,9,4.17,958,0,0,Medium,City,0,308.1
Truck,Petrol,10,4.65,819,10846,6731,Low,Highway,0,214.69
Van,Diesel,1,10.69,852,930,246,Low,Mixed,0,90.22
Truck,Petrol,1,5.31,645,8314,443,High,Mixed,0,161.91
Mini Truck,Diesel,5,6.02,813,2271,1004,High,City,1,210.82
Mini Truck,Petrol,8,6.16,176,3046,2671,Medium,Highway,0,40.22
Mini Truck,Petrol,8,8.93,995,3482,1714,Medium,Highway,1,147.29
Truck,Petrol,4,5.91,562,10954,3170,Low,Mixed,0,112.16
Van,Diesel,1,12.39,643,560,95,High,Mixed,0,71.27
Bus,Petrol,8,3.1,121,1,1,High,Mixed,1,63.38
Van,Diesel,1,12.38,917,1852,1280,High,City,0,110.83
Mini Truck,Petrol,9,9.74,537,3808,712,High,Mixed,0,77.95
Mini Truck,Petrol,1,6.06,717,2634,2065,High,Highway,0,162.51
Mini Truck,Diesel,5,8.91,195,1669,756,High,Mixed,1,30.88
Mini Truck,Petrol,9,9.72,814,2729,2236,Low,Mixed,1,114.35
Van,Diesel,11,10.71,644,1863,1251,Medium,Mixed,1,89.16
Truck,Diesel,2,3.12,237,4020,2175,Medium,Mixed,0,95.92
Bus,Petrol,5,4.82,986,1,0,Medium,Mixed,0,253.46
Van,Petrol,7,14.4,406,1151,1104,High,City,0,46.81
Mini Truck,Diesel,3,6.4,724,1287,1032,Low,City,1,154.92
Mini Truck,Petrol,1,7.28,925,3621,2481,High,City,1,198.02
Van,Diesel,9,11.99,882,1638,17,High,Highway,1,100.18
Van,Petrol,12,14.53,129,993,449,Low,City,1,13.92
Truck,Petrol,2,4.0,573,8243,7972,High,Highway,0,203.75
Mini Truck,Diesel,12,6.31,880,1684,244,Medium,Mixed,1,190.23
Mini Truck,Diesel,5,7.92,759,3466,1128,Medium,Highway,0,116.53
Truck,Petrol,9,3.48,846,6703,5917,Low,City,1,351.98
Mini Truck,Petrol,3,6.13,963,2265,57,Medium,Mixed,1,198.75
Mini Truck,Petrol,1,9.06,479,2360,1811,Medium,City,1,75.69
Van,Diesel,10,12.69,698,1494,1046,Medium,City,1,86.04
Van,Petrol,6,12.98,289,1115,306,Medium,Mixed,1,31.07
Mini Truck,Petrol,3,8.44,76,3345,2486,Medium,Highway,0,10.49
Mini Truck,Petrol,10,7.09,44,2775,2728,Low,City,1,7.56
Truck,Diesel,9,3.49,436,6823,4563,High,Mixed,0,188.23
Van,Diesel,4,14.01,640,1864,1537,High,City,0,71.71
Van,Petrol,11,14.29,533,1366,1329,High,City,0,62.02
Mini Truck,Petrol,2,6.24,401,2476,1644,Medium,City,0,90.8
Bus,Diesel,8,4.3,742,0,0,Medium,Mixed,0,218.37
Mini Truck,Diesel,8,6.93,683,2497,16,Medium,Highway,0,117.57
Truck,Diesel,7,4.24,419,7675,7007,High,Highway,1,149.05
Truck,Petrol,10,5.35,68,4369,52,High,Highway,1,15.77
Mini Truck,Petrol,11,8.37,367,2323,1265,Medium,Mixed,0,60.63
Truck,Diesel,2,4.42,894,11502,4403,Medium,Highway,1,251.86
Bus,Diesel,1,4.82,861,1,0,High,Highway,1,228.59
Mini Truck,Diesel,1,8.0,131,1812,323,Medium,City,1,22.58
Mini Truck,Diesel,1,9.0,715,1242,1089,High,City,0,121.79
Truck,Petrol,2,3.64,674,7142,7,Low,City,0,215.44
Truck,Petrol,5,3.53,949,10510,6889,Medium,Highway,1,354.18
Bus,Petrol,6,3.28,82,1,1,Medium,Highway,1,35.12
Mini Truck,Petrol,11,9.4,441,1325,167,Low,Highway,1,54.7
Bus,Diesel,12,4.68,387,1,1,High,Mixed,1,136.16
Bus,Diesel,1,3.52,709,0,0,Medium,City,0,252.66
Van,Diesel,1,13.83,965,702,408,Medium,Mixed,0,91.68
Truck,Diesel,11,5.9,526,5193,4940,Medium,Mixed,1,134.38
Bus,Petrol,4,3.46,627,0,0,High,City,1,266.32
Mini Truck,Petrol,8,8.77,919,3996,1156,High,Highway,1,148.76
Mini Truck,Petrol,3,7.05,422,3606,3131,High,City,1,96.05
Van,Diesel,11,13.64,834,710,576,Low,City,1,87.82
Truck,Diesel,1,4.79,318,10246,9159,Medium,Highway,0,81.87
Van,Diesel,7,12.82,151,768,124,High,Highway,1,14.36
Bus,Petrol,10,3.94,961,0,0,Low,City,0,303.24
Truck,Petrol,11,4.09,805,4451,2962,High,Mixed,1,312.59
Van,Petrol,11,14.93,139,1275,717,High,Highway,0,13.46
Bus,Diesel,5,3.55,546,1,0,Low,City,0,185.03
Truck,Diesel,10,3.99,350,7791,1955,Medium,Mixed,1,117.96
Bus,Diesel,12,3.95,179,0,0,High,Highway,0,59.29
Truck,Diesel,3,4.18,695,5493,775,High,Highway,1,221.44
Bus,Petrol,8,4.95,805,0,0,Medium,Mixed,1,213.38
Truck,Petrol,1,4.11,45,3463,1818,High,City,0,15.97
Mini Truck,Diesel,7,8.67,434,1759,908,Low,City,0,66.4
Van,Petrol,6,11.72,807,506,490,Medium,Mixed,0,99.35
Bus,Petrol,1,3.96,471,0,0,High,Mixed,1,161.49
Mini Truck,Petrol,3,8.8,655,3669,781,High,Mixed,1,105.65
Van,Petrol,10,13.83,390,1563,615,Medium,City,0,40.3
Van,Petrol,8,14.84,559,1664,314,Low,City,0,50.48
Truck,Diesel,7,5.41,343,8765,1714,High,Mixed,1,89.74
Van,Petrol,5,11.68,525,1612,1517,Low,City,1,64.62
Van,Diesel,4,9.42,607,1826,913,Low,Highway,0,72.68
Bus,Petrol,6,4.79,651,0,0,Medium,Mixed,0,169.21
Mini Truck,Petrol,6,8.52,841,1583,230,Low,Highway,0,106.42
Van,Petrol,9,11.54,809,1857,1250,High,City,1,114.29
Truck,Diesel,6,3.36,252,5051,2667,High,Mixed,0,109.98
Mini Truck,Diesel,2,8.46,941,1011,338,Low,City,1,146.13
Van,Diesel,12,12.34,948,1797,1178,High,Highway,1,116.82
Bus,Petrol,3,3.36,219,1,1,Low,Highway,1,81.11
