Vehicle_Type,Vehicle_Age,Odometer,Maintenance_Count,Repair_Type,Severity,Parts_Available,Technician_Experience,Workshop_Load,Repair_Time_Hours
Truck,1,49299,4,Engine Repair,Low,0,12,2,67.09
Truck,10,360604,1,Oil Change,Low,0,4,9,35.93
Van,12,585706,13,Engine Repair,Medium,1,13,1,61.35
Van,12,521571,10,Transmission Repair,Low,0,13,6,88.46
Truck,7,200353,11,Electrical Repair,High,1,13,1,34.74
Mini Truck,9,257722,12,Brake Repair,High,1,14,10,46.71
Bus,10,300407,2,Oil Change,High,0,13,5,50.46
Van,2,74911,4,Battery Replacement,High,1,3,6,32.48
Bus,4,187841,4,Brake Repair,High,0,9,4,48.74
Mini Truck,7,245765,7,Electrical Repair,Low,0,14,1,38.34
Mini Truck,5,133675,3,Electrical Repair,Low,1,7,8,21.51
Van,5,143301,3,Clutch Repair,High,1,12,10,50.2
Mini Truck,10,354700,11,Engine Repair,Low,1,2,1,54.03
Truck,3,95969,10,Suspension Repair,High,0,7,7,66.83
Bus,9,228009,3,Clutch Repair,Medium,1,2,5,37.23
Mini Truck,3,134470,0,Transmission Repair,High,0,9,2,88.62
Van,3,124009,2,Clutch Repair,High,0,10,6,69.41
Truck,2,73788,4,Engine Repair,Low,0,15,10,61.97
Truck,12,554798,2,Clutch Repair,Low,0,11,8,67.33
Van,5,194163,13,Suspension Repair,Low,0,12,5,47.32
Bus,8,335679,14,Brake Repair,Low,0,2,6,44.69
Van,10,307728,0,Brake Repair,High,0,4,2,48.63
Bus,2,83695,3,Transmission Repair,High,1,4,9,80.17
Van,12,599391,18,Battery Replacement,Low,1,13,7,27.64
Van,2,56352,10,Suspension Repair,Medium,1,7,8,31.67
Truck,11,326599,1,Suspension Repair,High,1,13,2,40.19
Van,4,124931,8,Battery Replacement,Low,1,3,5,13.45
Mini Truck,4,109880,7,Clutch Repair,Low,0,11,9,45.85
Truck,4,121798,6,Battery Replacement,Medium,0,14,7,30.72
Van,7,175565,12,Transmission Repair,Medium,1,7,9,75.67
Mini Truck,3,99890,4,Engine Repair,Low,0,12,6,56.2
Truck,10,374987,16,Clutch Repair,Low,0,9,2,57.45
Truck,10,267815,7,Suspension Repair,Low,0,10,10,48.15
Truck,7,347326,10,Transmission Repair,Low,1,4,5,64.86
Mini Truck,3,114321,7,Electrical Repair,Low,0,8,10,56.49
Truck,2,85234,3,Clutch Repair,Medium,0,15,6,41.31
Van,6,224707,2,Battery Replacement,High,1,10,9,36.16
Truck,11,431960,3,Tyre Replacement,Medium,0,15,2,45.3
Van,5,161930,9,Engine Repair,High,1,4,5,66.36
Mini Truck,5,243664,13,Oil Change,Low,1,14,5,16.23
Truck,1,35929,2,Transmission Repair,Low,1,9,7,57.14
Truck,2,54931,2,Clutch Repair,Low,1,10,9,29.19
Van,7,208409,1,Transmission Repair,Medium,0,15,6,81.75
Van,11,328893,11,Clutch Repair,Medium,0,15,4,57.19
Van,7,181497,5,Electrical Repair,Medium,0,5,3,37.86
Mini Truck,1,40423,3,Engine Repair,Medium,1,5,4,46.46
Van,1,46627,3,Suspension Repair,Medium,1,14,2,16.84
Bus,6,283537,6,Clutch Repair,Medium,0,2,5,59.45
Bus,1,28552,9,Suspension Repair,Medium,1,7,10,34.47
Truck,7,326149,6,Transmission Repair,Low,1,1,9,67.64
Van,6,263062,1,Electrical Repair,High,1,11,2,32.78
Bus,9,306077,13,Electrical Repair,Medium,1,9,3,30.29
Van,7,349307,12,Tyre Replacement,High,1,7,9,43.64
Truck,5,162606,3,Suspension Repair,High,1,8,8,45.55
Mini Truck,11,387041,16,Battery Replacement,High,0,11,2,61.93
Bus,2,99226,3,Transmission Repair,Low,0,3,1,67.05
Van,8,360241,2,Battery Replacement,Medium,0,12,7,48.62
Mini Truck,4,119342,10,Oil Change,Low,1,4,3,13.07
Mini Truck,1,43265,3,Brake Repair,Medium,0,13,8,48.6
Bus,8,360603,16,Suspension Repair,High,1,15,3,47.86
Mini Truck,8,267945,7,Transmission Repair,High,1,11,4,78.42
Bus,8,220311,9,Engine Repair,Medium,1,6,9,64.03
Truck,3,94769,3,Suspension Repair,High,0,12,4,47.04
Mini Truck,7,261738,14,Suspension Repair,Low,0,14,7,52.32
Truck,10,349714,15,Oil Change,Medium,1,13,7,32.52
Mini Truck,9,420956,17,Engine Repair,Medium,0,5,7,98.72
Truck,7,263114,12,Tyre Replacement,Medium,0,10,9,42.79
Mini Truck,10,397951,0,Brake Repair,High,1,3,8,47.19
Van,1,33524,6,Electrical Repair,Low,1,6,6,18.26
Mini Truck,5,223567,13,Suspension Repair,Medium,0,8,1,56.55
Truck,6,208778,10,Brake Repair,High,0,13,1,51.71
Van,1,45359,2,Engine Repair,Low,1,11,2,39.53
Van,8,383360,8,Electrical Repair,Low,0,13,3,41.86
Truck,10,256731,9,Suspension Repair,Medium,0,2,10,67.4
Truck,12,458116,19,Brake Repair,High,0,6,9,76.74
Bus,2,83158,10,Electrical Repair,Low,1,14,8,21.88
Truck,7,269945,14,Tyre Replacement,Medium,0,12,9,51.37
Mini Truck,8,314183,8,Electrical Repair,Low,0,5,8,48.34
Mini Truck,10,409994,12,Electrical Repair,Low,1,14,6,28.48
Van,8,255605,11,Transmission Repair,Medium,1,15,10,71.48
Bus,9,227661,16,Engine Repair,Low,0,12,7,84.34
Van,12,549609,20,Battery Replacement,Medium,0,2,5,58.51
Mini Truck,12,427561,9,Electrical Repair,Medium,1,7,9,44.23
Bus,6,268946,4,Transmission Repair,Medium,0,2,4,88.85
Truck,12,580947,5,Engine Repair,Low,1,5,10,63.29
Bus,2,62721,4,Engine Repair,Medium,0,5,1,73.52
Van,5,130965,0,Clutch Repair,Medium,0,11,8,52.14
Truck,10,324537,15,Battery Replacement,Medium,1,3,1,27.5
Bus,8,229907,2,Suspension Repair,Medium,0,10,1,39.94
Van,10,498807,9,Brake Repair,Low,0,9,7,49.01
Mini Truck,8,316056,9,Suspension Repair,Medium,0,10,2,48.85
Van,5,211563,1,Tyre Replacement,Low,0,9,2,27.55
Truck,7,293096,15,Transmission Repair,Low,0,5,5,93.13
Truck,11,397381,8,Engine Repair,Medium,0,9,4,75.72
Bus,3,84359,0,Tyre Replacement,Medium,1,8,2,10.86
Mini Truck,12,459431,12,Transmission Repair,High,1,8,2,82.67
Truck,7,259494,8,Oil Change,Low,0,11,10,53.39
Truck,11,416301,18,Oil Change,Low,1,9,8,31.29
Bus,3,132132,10,Battery Replacement,Low,1,6,7,17.43
Bus,6,177420,13,Tyre Replacement,Medium,1,12,8,27.21
Bus,11,484952,17,Oil Change,Medium,0,6,5,53.42
Truck,7,309898,0,Clutch Repair,Medium,1,1,4,36.66
Bus,10,448297,15,Battery Replacement,Low,0,5,9,47.0
Bus,8,383042,15,Brake Repair,Low,0,12,3,42.23
Truck,9,331952,2,Engine Repair,Low,1,2,3,50.3
Mini Truck,12,453019,16,Transmission Repair,Medium,1,8,4,78.94
Mini Truck,9,262917,12,Engine Repair,High,0,14,2,90.6
Mini Truck,6,283100,4,Oil Change,Medium,1,14,10,25.38
Mini Truck,3,133529,8,Battery Replacement,Medium,1,9,9,24.35
Mini Truck,8,284352,6,Engine Repair,High,1,4,7,73.59
Truck,6,273987,11,Suspension Repair,Medium,0,8,1,41.3
Bus,2,78855,1,Clutch Repair,Medium,0,12,3,50.94
Van,2,80768,4,Electrical Repair,High,1,11,2,28.73
Bus,11,474234,10,Battery Replacement,High,0,10,2,61.07
Bus,4,197880,1,Suspension Repair,Low,0,8,3,38.99
Truck,1,35629,0,Transmission Repair,Medium,1,7,3,56.86
Van,9,333016,5,Tyre Replacement,Low,0,10,7,40.06
Mini Truck,10,287517,7,Battery Replacement,High,1,8,5,35.34
Truck,8,275400,5,Brake Repair,Medium,1,10,5,28.44
Mini Truck,12,431123,14,Transmission Repair,Low,1,14,8,75.22
Truck,4,149986,9,Electrical Repair,High,1,12,5,38.48
Truck,11,482516,8,Oil Change,High,0,15,10,69.81
Bus,4,179569,12,Electrical Repair,Low,0,10,5,40.3
Truck,11,295668,9,Battery Replacement,Low,1,12,3,14.55
Truck,5,167823,11,Suspension Repair,Low,0,3,9,57.85
Bus,3,108681,7,Transmission Repair,High,1,13,2,74.77
Mini Truck,2,59224,3,Suspension Repair,High,1,2,7,40.01
Truck,5,195329,1,Battery Replacement,Medium,1,10,7,18.42
Bus,2,94226,3,Battery Replacement,Low,1,15,10,13.24
Van,11,308143,14,Transmission Repair,High,1,2,3,86.97
Truck,1,34973,7,Brake Repair,Low,0,15,9,29.25
Mini Truck,8,297258,13,Tyre Replacement,Medium,0,14,8,54.81
Bus,1,47619,5,Engine Repair,Medium,1,4,6,49.85
Truck,11,467589,17,Electrical Repair,Low,1,5,4,34.12
Truck,8,224031,6,Oil Change,Low,1,4,3,14.1
Van,2,86320,3,Engine Repair,Low,1,13,3,41.76
Truck,5,237513,2,Tyre Replacement,High,1,13,3,25.51
Truck,11,288516,4,Oil Change,Medium,0,10,6,36.84
Van,5,131868,2,Suspension Repair,High,0,12,2,62.75
Mini Truck,6,284542,9,Brake Repair,Medium,0,10,1,46.98
Bus,8,368647,0,Oil Change,Medium,1,7,2,18.34
Mini Truck,12,532554,2,Brake Repair,Medium,0,2,3,53.64
Bus,7,331602,9,Battery Replacement,High,1,2,2,32.0
Van,7,293372,7,Suspension Repair,Medium,1,7,7,36.7
Truck,6,261873,5,Transmission Repair,Medium,0,11,8,84.44
Truck,2,56109,6,Brake Repair,High,1,13,3,29.42
Truck,10,397216,17,Electrical Repair,High,0,7,6,74.0
Truck,5,203696,4,Electrical Repair,Low,0,3,8,41.6
Truck,6,295821,5,Brake Repair,Medium,0,13,7,56.2
Truck,10,493553,8,Oil Change,Low,1,12,5,21.23
Bus,6,151600,2,Tyre Replacement,High,1,2,3,31.92
Truck,2,98897,8,Engine Repair,Medium,1,8,6,53.88
Van,6,231693,11,Electrical Repair,High,0,15,1,48.56
Van,10,263044,2,Transmission Repair,Medium,1,8,10,75.89
Mini Truck,7,246609,6,Clutch Repair,Low,1,7,2,29.45
Bus,11,530135,16,Transmission Repair,Low,0,7,10,91.87
Truck,4,139507,3,Tyre Replacement,Medium,1,6,2,19.03
Truck,8,395825,13,Tyre Replacement,Low,1,9,4,22.41
Bus,2,76022,0,Suspension Repair,Low,1,15,2,8.58
Bus,10,362534,18,Suspension Repair,High,1,5,2,52.54
Mini Truck,1,35642,2,Battery Replacement,High,1,2,7,28.51
Truck,4,157104,9,Suspension Repair,High,0,7,5,66.55
Van,6,194074,1,Clutch Repair,High,0,9,9,71.66
Bus,6,188716,3,Brake Repair,Low,1,4,3,14.85
Van,11,314506,5,Battery Replacement,Medium,1,11,10,32.97
Bus,11,440747,4,Battery Replacement,Low,1,8,5,21.33
Bus,10,264725,11,Clutch Repair,Low,1,8,8,42.99
Truck,1,37082,4,Brake Repair,High,0,10,10,67.96
Mini Truck,8,352129,1,Battery Replacement,High,0,6,10,67.53
Van,1,39762,1,Electrical Repair,High,0,9,3,39.49
Van,12,529511,14,Clutch Repair,High,0,6,6,82.52
Mini Truck,7,263700,1,Electrical Repair,Low,1,2,9,26.01
Mini Truck,5,158029,11,Tyre Replacement,Medium,0,10,3,42.83
Bus,11,480498,4,Brake Repair,Medium,1,11,6,31.69
Van,11,323996,13,Clutch Repair,Medium,0,6,5,64.19
Van,6,277473,3,Engine Repair,Low,0,2,5,67.43
Truck,11,451561,19,Tyre Replacement,High,1,3,3,46.54
Van,12,386790,14,Oil Change,Medium,1,11,4,32.17
Mini Truck,10,324692,14,Engine Repair,High,0,5,8,98.12
Bus,11,505999,14,Transmission Repair,Medium,1,3,4,84.3
Van,5,131839,10,Battery Replacement,Medium,0,12,9,41.47
Bus,2,60506,4,Battery Replacement,High,0,14,7,39.99
Van,8,291641,0,Suspension Repair,Low,1,9,6,23.37
Van,7,196392,11,Engine Repair,Low,1,15,2,46.63
Bus,3,93035,0,Transmission Repair,Medium,0,13,8,88.08
Truck,2,51245,4,Engine Repair,Low,1,2,5,47.24
Van,5,140970,0,Engine Repair,Medium,1,2,2,50.16
Mini Truck,10,390523,0,Clutch Repair,High,0,12,3,67.86
Mini Truck,1,45146,5,Engine Repair,High,1,3,2,57.46
Bus,2,84475,8,Clutch Repair,High,0,7,8,60.02
Mini Truck,6,216492,11,Oil Change,Medium,0,6,4,37.37
Bus,3,80811,5,Clutch Repair,Medium,0,14,8,63.22
Van,3,83270,11,Battery Replacement,Low,1,4,1,10.86
Van,1,35341,4,Clutch Repair,Medium,1,5,1,23.96
Van,5,171789,13,Oil Change,High,1,5,2,33.16
Bus,7,279863,14,Suspension Repair,Medium,0,8,8,64.37
Bus,2,97650,6,Brake Repair,Medium,0,9,5,40.71
Truck,2,71490,10,Transmission Repair,Medium,1,10,7,66.72
Van,12,532735,11,Battery Replacement,Low,1,10,7,27.64
Bus,11,305072,2,Suspension Repair,Medium,0,1,3,58.06
Truck,3,83812,3,Electrical Repair,Medium,1,10,1,16.75
Van,11,510889,11,Electrical Repair,Medium,0,10,3,62.43
Bus,7,257414,8,Engine Repair,Low,0,12,3,76.44
Mini Truck,9,255870,8,Transmission Repair,High,1,4,10,93.27
Bus,12,557530,6,Brake Repair,Low,0,8,3,48.12
Truck,11,442556,11,Brake Repair,High,1,15,5,41.35
Van,12,391273,11,Clutch Repair,Low,0,4,3,59.34
Mini Truck,1,36825,8,Electrical Repair,Medium,0,10,2,32.8
Bus,7,300479,13,Suspension Repair,High,0,3,6,66.73
Mini Truck,8,378286,16,Electrical Repair,Low,0,13,3,57.59
Truck,2,83954,2,Transmission Repair,Low,0,6,4,78.38
Bus,2,66423,3,Clutch Repair,Medium,0,11,5,61.14
Truck,9,393031,5,Tyre Replacement,Low,1,14,10,25.94
Truck,1,27661,0,Transmission Repair,High,0,13,10,101.18
Truck,8,364407,9,Transmission Repair,Medium,0,13,7,92.81
Mini Truck,2,95128,0,Tyre Replacement,Medium,1,8,8,20.27
Van,6,187661,5,Electrical Repair,High,1,7,3,34.73
Bus,9,372233,3,Electrical Repair,Low,1,2,5,25.65
Mini Truck,4,118465,1,Oil Change,Medium,1,14,10,19.31
Mini Truck,4,120932,5,Electrical Repair,Low,0,8,9,49.57
Mini Truck,5,190191,0,Brake Repair,Medium,1,4,4,26.13
Bus,1,26656,4,Battery Replacement,High,1,5,9,29.03
Truck,2,78241,2,Transmission Repair,High,1,13,7,74.65
Bus,1,38126,0,Clutch Repair,Low,1,9,5,18.86
Truck,7,307187,14,Clutch Repair,Medium,0,3,2,64.13
Bus,6,296232,5,Tyre Replacement,Low,1,9,1,13.14
Truck,1,29490,5,Battery Replacement,High,1,3,10,35.52
Van,6,233500,2,Suspension Repair,High,1,10,6,39.78
Mini Truck,12,595134,9,Battery Replacement,Low,1,6,2,20.82
Mini Truck,10,330655,0,Battery Replacement,Medium,0,12,1,47.17
Mini Truck,3,143712,10,Suspension Repair,Low,0,1,10,46.98
Van,1,39451,5,Suspension Repair,Low,1,12,4,16.53
Mini Truck,9,428154,15,Oil Change,High,0,9,4,69.67
Bus,11,525804,16,Suspension Repair,Medium,0,8,9,69.25
Bus,11,413601,19,Battery Replacement,Low,0,5,9,59.42
Van,5,226079,4,Engine Repair,High,1,6,8,71.53
Bus,9,433510,8,Transmission Repair,Low,1,15,7,62.58
Bus,3,113070,0,Transmission Repair,High,0,6,8,97.9
Mini Truck,4,126485,8,Transmission Repair,High,1,3,2,74.54
Van,4,106653,10,Clutch Repair,Low,0,1,2,56.17
Bus,12,547675,3,Tyre Replacement,Low,0,7,8,52.59
Van,5,167096,4,Oil Change,Low,0,9,1,24.14
Mini Truck,3,79763,6,Battery Replacement,Low,1,15,1,4.51
Truck,5,199443,9,Brake Repair,Medium,1,8,9,32.73
Mini Truck,3,141088,7,Transmission Repair,Low,0,6,3,80.41
Bus,12,397621,0,Electrical Repair,Medium,0,3,10,62.71
Mini Truck,9,310964,2,Suspension Repair,High,0,3,3,70.06
Bus,4,100895,4,Suspension Repair,Low,1,13,5,18.2
Bus,5,201344,11,Oil Change,Medium,1,12,4,23.44
Truck,11,336983,14,Transmission Repair,Low,1,11,9,75.28
Bus,12,361559,20,Transmission Repair,Medium,0,4,3,103.99
Van,8,396014,11,Suspension Repair,High,1,13,9,54.2
Van,4,189173,12,Brake Repair,High,1,9,6,43.54
Truck,10,279414,1,Clutch Repair,High,0,10,9,73.06
Van,6,286404,7,Brake Repair,High,0,12,10,67.33
Truck,9,341780,1,Battery Replacement,Low,1,8,10,21.95
Truck,9,346209,9,Oil Change,Medium,1,14,1,21.4
Van,10,269144,1,Suspension Repair,Medium,0,9,1,39.48
Mini Truck,1,34407,6,Tyre Replacement,Low,1,6,7,14.73
Mini Truck,7,273473,2,Clutch Repair,Low,1,2,3,31.98
Mini Truck,9,258383,7,Oil Change,Low,1,8,9,21.93
Mini Truck,9,324425,7,Engine Repair,Medium,1,3,5,61.13
Van,12,359163,1,Suspension Repair,High,0,4,4,54.81
Truck,10,258801,14,Oil Change,Low,0,7,8,44.14
Van,1,29591,8,Transmission Repair,Low,1,10,10,61.59
Bus,4,139552,2,Clutch Repair,Low,1,5,5,25.6
Truck,9,380101,5,Suspension Repair,High,1,1,6,54.17
Mini Truck,9,308554,13,Suspension Repair,Low,1,7,3,27.03
Mini Truck,4,129536,4,Tyre Replacement,Medium,0,9,7,45.12
Van,7,238663,8,Engine Repair,Medium,0,15,8,81.65
Truck,9,414945,6,Oil Change,Medium,1,11,10,33.83
Truck,2,62331,9,Clutch Repair,Low,1,4,6,28.05
Bus,1,31940,3,Brake Repair,High,1,15,4,28.15
Van,7,237739,10,Transmission Repair,Medium,1,9,6,71.2
Bus,5,172139,8,Battery Replacement,Medium,0,13,8,42.96
Van,6,232030,6,Oil Change,High,0,12,3,42.14
Bus,9,378100,13,Transmission Repair,Low,0,6,4,92.68
Van,8,344347,10,Transmission Repair,Medium,1,8,3,68.34
Bus,3,93344,11,Clutch Repair,Medium,0,15,9,51.67
Truck,2,93792,0,Oil Change,Medium,0,14,4,23.37
Van,1,32167,8,Battery Replacement,Medium,0,10,10,49.35
Mini Truck,1,25216,8,Clutch Repair,Medium,0,1,9,61.68
Bus,1,41456,6,Tyre Replacement,Low,0,9,3,29.69
Van,10,388007,8,Electrical Repair,Medium,1,2,6,34.4
Mini Truck,8,348111,7,Engine Repair,Medium,0,11,1,70.55
Mini Truck,7,273872,15,Oil Change,High,0,12,3,45.03
Mini Truck,7,344058,10,Brake Repair,High,0,4,4,71.34
Mini Truck,5,131102,1,Transmission Repair,High,0,3,6,91.59
Van,10,287798,12,Brake Repair,Medium,0,10,4,60.64
Mini Truck,11,448921,12,Tyre Replacement,High,0,9,6,56.24
Truck,7,235855,2,Electrical Repair,High,1,13,6,37.14
Truck,11,418302,14,Battery Replacement,Low,1,9,7,26.5
Mini Truck,3,124816,1,Transmission Repair,Low,0,2,5,72.67
Mini Truck,12,380885,12,Electrical Repair,Medium,0,2,1,56.61
Mini Truck,6,220717,1,Tyre Replacement,Low,0,7,8,47.82
Mini Truck,2,51721,1,Electrical Repair,High,0,10,10,58.23
Mini Truck,1,34563,6,Suspension Repair,Low,0,10,9,42.64
Mini Truck,3,93198,4,Transmission Repair,Medium,1,3,2,61.35
Van,7,247341,13,Transmission Repair,Medium,0,6,5,93.3
Mini Truck,10,411656,6,Battery Replacement,Low,0,5,1,41.68
Bus,10,349585,10,Battery Replacement,Medium,1,14,10,30.24
Van,5,167030,9,Engine Repair,Medium,1,3,7,58.95
Bus,5,221321,11,Battery Replacement,High,0,6,7,59.91
Mini Truck,6,179855,14,Engine Repair,High,0,11,9,88.12
Mini Truck,12,409916,14,Transmission Repair,High,0,14,7,117.16
Van,11,433771,7,Transmission Repair,High,0,12,7,111.17
Truck,8,356744,15,Suspension Repair,High,1,9,1,47.72
Bus,12,581493,19,Brake Repair,Low,0,11,6,50.13
Truck,10,419091,12,Electrical Repair,Medium,0,1,2,55.49
Van,9,420783,16,Clutch Repair,High,0,8,6,83.6
Mini Truck,11,537388,4,Electrical Repair,Low,1,2,5,29.44
Mini Truck,2,57606,2,Electrical Repair,Medium,1,8,4,21.37
Mini Truck,6,274823,1,Battery Replacement,High,1,6,2,29.9
Bus,1,48290,1,Oil Change,Medium,0,11,3,29.91
Van,9,266978,10,Clutch Repair,Medium,1,4,7,48.98
Van,3,131640,6,Oil Change,High,0,8,10,61.56
Mini Truck,1,48092,3,Engine Repair,Medium,0,10,2,73.74
Van,6,235454,3,Battery Replacement,Low,1,11,8,16.03
Bus,10,351879,12,Brake Repair,Medium,1,14,8,34.97
Van,11,430946,19,Brake Repair,High,0,6,2,65.55
Bus,2,61996,5,Tyre Replacement,High,1,7,10,36.11
Van,10,350587,13,Tyre Replacement,Medium,0,9,3,55.5
Bus,3,99523,5,Battery Replacement,High,0,14,6,38.46
Mini Truck,3,100575,6,Clutch Repair,High,1,7,8,54.19
Mini Truck,12,532706,15,Tyre Replacement,Low,0,13,4,44.42
Truck,5,154470,8,Transmission Repair,Low,1,10,8,61.52
Truck,10,279938,8,Clutch Repair,Medium,0,13,8,75.32
Van,7,201847,7,Transmission Repair,Low,1,5,6,66.5
Truck,8,230772,7,Engine Repair,High,1,14,10,74.86
Mini Truck,3,93249,3,Engine Repair,Low,1,9,5,44.99
Van,6,226712,4,Transmission Repair,High,0,3,7,95.94
Bus,11,341525,4,Engine Repair,Low,1,14,4,48.02
Mini Truck,8,237269,8,Suspension Repair,Medium,1,2,2,32.72
Mini Truck,9,421556,8,Electrical Repair,Medium,1,6,10,38.66
Truck,12,348833,14,Electrical Repair,Low,1,4,7,37.54
Van,8,270395,10,Transmission Repair,Medium,0,10,8,96.21
Truck,1,28262,7,Oil Change,Low,0,8,8,24.13
Mini Truck,4,190255,2,Transmission Repair,Low,1,2,6,60.46
Bus,2,74369,10,Tyre Replacement,Low,1,11,5,13.27
Van,7,346831,2,Brake Repair,Low,0,8,2,30.34
Van,9,403253,14,Oil Change,Low,1,14,2,15.59
Mini Truck,12,369297,15,Brake Repair,Low,1,2,2,29.08
Truck,6,246354,14,Transmission Repair,Low,1,13,3,61.45
Van,2,84767,9,Oil Change,High,0,8,6,48.53
Van,7,336500,14,Engine Repair,Low,0,3,2,82.42
Mini Truck,6,262561,5,Tyre Replacement,Low,1,11,2,11.59
Van,9,382548,9,Oil Change,High,1,4,9,42.73
Van,12,505390,9,Oil Change,Low,1,7,2,18.14
Van,8,367269,2,Clutch Repair,Low,1,15,6,29.44
Van,7,323997,13,Electrical Repair,High,0,13,8,60.11
Truck,10,267703,0,Transmission Repair,Low,0,15,1,78.6
Bus,11,537693,13,Suspension Repair,High,1,2,9,64.53
Van,5,135957,4,Brake Repair,High,0,13,3,60.77
Bus,7,328730,2,Transmission Repair,High,1,12,4,75.97
Truck,4,111300,6,Brake Repair,Medium,0,5,3,36.17
Truck,12,371938,0,Tyre Replacement,Medium,1,9,9,28.41
Bus,3,123741,2,Transmission Repair,High,0,13,1,88.7
Mini Truck,5,193662,1,Transmission Repair,High,0,8,8,107.06
Bus,1,41371,9,Tyre Replacement,Medium,0,5,2,45.96
Truck,4,197095,8,Oil Change,Low,0,4,1,36.22
Bus,7,214343,5,Oil Change,High,1,4,6,37.48
Van,7,258869,8,Brake Repair,High,1,2,9,50.15
Truck,3,104253,8,Oil Change,Medium,0,15,8,40.63
Bus,6,172645,8,Battery Replacement,Low,1,4,5,18.23
Bus,12,427183,14,Electrical Repair,High,1,13,4,48.25
Van,3,75835,6,Oil Change,Low,1,11,1,4.26
Bus,1,49868,6,Transmission Repair,Low,0,9,4,79.35
Mini Truck,1,29665,4,Brake Repair,Low,0,15,9,39.82
Bus,8,396057,2,Brake Repair,High,0,11,7,54.26
Truck,7,348655,4,Engine Repair,Medium,1,14,6,53.74
Mini Truck,12,471049,10,Battery Replacement,Medium,0,2,4,47.76
Truck,3,88848,2,Battery Replacement,Medium,1,7,2,13.08
Bus,4,159233,4,Battery Replacement,Medium,0,2,3,41.79
Truck,4,142964,2,Brake Repair,High,0,6,7,66.25
Truck,11,431678,8,Tyre Replacement,Low,1,14,8,29.22
Van,2,80280,1,Tyre Replacement,Low,0,1,4,25.17
Van,7,272580,2,Transmission Repair,Low,0,2,4,89.47
Van,2,71728,1,Oil Change,Medium,0,3,10,47.98
Mini Truck,8,207728,12,Suspension Repair,Low,1,4,3,33.16
Bus,5,183459,2,Oil Change,High,0,11,5,54.32
Mini Truck,9,350575,1,Brake Repair,Medium,1,3,7,29.43
Van,11,405625,17,Oil Change,Medium,1,8,9,36.66
Mini Truck,6,298282,8,Electrical Repair,Medium,1,3,1,21.64
Bus,10,307414,0,Transmission Repair,Low,1,9,6,62.22
Van,3,88124,3,Engine Repair,Medium,0,13,4,75.26
Mini Truck,6,195537,2,Engine Repair,High,1,13,6,64.66
Truck,12,484382,18,Tyre Replacement,High,0,14,8,78.93
Bus,3,139282,0,Brake Repair,Low,0,10,4,26.75
Mini Truck,1,35870,9,Engine Repair,Low,1,12,3,42.66
Bus,1,25718,2,Tyre Replacement,Low,1,2,6,10.9
Mini Truck,10,276484,10,Transmission Repair,Medium,0,3,7,102.87
Bus,3,148659,11,Electrical Repair,Low,0,7,5,43.07
Van,3,75235,11,Suspension Repair,High,0,3,10,69.81
Van,11,329583,15,Tyre Replacement,Medium,0,4,6,60.46
Van,11,321517,10,Battery Replacement,Low,1,4,4,24.97
Truck,6,217281,12,Brake Repair,High,0,1,7,70.73
Mini Truck,3,129266,7,Suspension Repair,Medium,1,2,8,31.37
Van,3,134151,1,Oil Change,Medium,0,6,5,34.05
Truck,6,194592,14,Suspension Repair,Low,0,9,2,46.52
Mini Truck,12,316249,13,Tyre Replacement,High,1,3,1,42.84
Truck,6,203883,3,Suspension Repair,High,1,11,5,37.25
Bus,4,112571,0,Suspension Repair,High,1,3,1,33.23
Bus,1,39011,1,Transmission Repair,High,1,4,2,68.7
Truck,4,122391,10,Transmission Repair,Low,1,14,2,54.52
Bus,7,298455,15,Transmission Repair,Low,1,3,6,69.78
Mini Truck,6,198911,7,Oil Change,Medium,1,8,5,22.83
Van,5,198956,0,Tyre Replacement,High,0,2,6,60.85
Mini Truck,10,309641,17,Oil Change,Medium,1,9,8,34.11
Van,8,278342,2,Suspension Repair,High,0,9,10,77.82
Van,2,99623,7,Tyre Replacement,Low,0,13,4,26.13
Truck,7,195543,13,Engine Repair,High,0,14,10,96.88
Bus,12,335133,2,Suspension Repair,High,1,9,6,45.9
Bus,9,345103,0,Clutch Repair,Medium,0,7,3,48.68
Truck,2,86876,1,Transmission Repair,High,1,15,7,74.62
Bus,7,346648,15,Battery Replacement,Low,0,5,7,42.33
Mini Truck,1,37969,5,Engine Repair,Low,1,15,5,38.68
Bus,1,36071,4,Transmission Repair,Medium,1,14,2,57.26
Van,3,114384,11,Battery Replacement,Medium,1,12,7,21.58
Truck,4,157896,3,Suspension Repair,High,1,13,9,45.14
Bus,1,41884,2,Brake Repair,Medium,1,3,9,24.85
Truck,3,100265,3,Oil Change,Low,0,8,1,32.12
Van,5,173280,13,Battery Replacement,High,1,11,2,33.94
Truck,4,148819,7,Battery Replacement,Low,1,10,9,17.39
Bus,6,192864,13,Transmission Repair,High,0,5,1,104.47
Truck,3,103091,3,Engine Repair,High,0,5,7,95.32
Truck,11,279665,15,Tyre Replacement,High,0,10,1,59.13
Bus,10,461048,9,Transmission Repair,Medium,1,14,6,71.38
Mini Truck,5,153601,7,Transmission Repair,High,1,10,2,75.01
Truck,9,398632,11,Clutch Repair,High,1,5,2,55.4
Mini Truck,2,72038,4,Electrical Repair,Medium,1,11,5,16.9
Van,3,142802,3,Oil Change,High,1,11,6,26.36
Van,12,313345,20,Battery Replacement,Medium,1,15,7,29.75
Mini Truck,7,184258,6,Electrical Repair,High,0,11,9,70.2
Bus,9,303694,5,Clutch Repair,Low,1,2,8,41.77
Van,12,435608,17,Tyre Replacement,High,1,11,2,44.66
Van,6,208544,11,Transmission Repair,Medium,1,6,5,70.63
Bus,8,230875,15,Oil Change,High,0,8,4,69.47
Truck,11,475104,16,Transmission Repair,Medium,0,14,3,87.09
Van,6,257267,9,Battery Replacement,Low,1,14,3,8.77
Truck,8,287196,5,Electrical Repair,High,0,1,8,67.66
Van,3,95766,7,Brake Repair,Low,1,11,7,18.33
Mini Truck,7,300147,12,Oil Change,Low,0,12,6,31.54
Bus,9,274958,0,Oil Change,High,0,4,6,53.01
Van,2,75136,8,Transmission Repair,Low,0,14,1,70.87
Bus,8,390796,16,Clutch Repair,Medium,1,15,3,37.6
Bus,8,294175,6,Tyre Replacement,Medium,0,4,4,42.28
Van,12,311488,18,Clutch Repair,Low,0,6,1,63.35
Bus,9,388351,1,Oil Change,High,0,11,1,39.6
Truck,7,291474,12,Brake Repair,High,1,8,3,38.19
Van,12,304878,9,Suspension Repair,High,0,11,9,72.33
Van,7,202502,3,Transmission Repair,Low,0,8,4,77.0
Bus,9,277867,11,Suspension Repair,Medium,0,1,9,73.69
Van,12,552006,10,Engine Repair,Low,0,11,2,67.35
Mini Truck,3,86807,8,Brake Repair,High,0,15,5,51.78
Mini Truck,5,159619,7,Oil Change,Low,0,14,1,26.74
Bus,11,438948,13,Brake Repair,Low,0,1,3,44.6
Bus,6,264744,9,Transmission Repair,High,0,6,6,100.13
Truck,7,279923,14,Transmission Repair,Medium,1,13,7,71.23
Van,2,58684,0,Tyre Replacement,Low,1,15,10,11.08
Mini Truck,10,427836,14,Tyre Replacement,High,1,13,6,40.48
Truck,11,343501,15,Battery Replacement,Low,1,8,1,23.76
Truck,5,210848,5,Oil Change,High,0,11,6,60.08
Truck,7,348464,7,Battery Replacement,Medium,1,3,9,29.69
Truck,1,46082,2,Clutch Repair,Medium,1,14,3,24.99
Truck,8,284052,7,Electrical Repair,Medium,0,9,4,57.12
Mini Truck,7,236603,2,Battery Replacement,Medium,1,2,8,26.12
Mini Truck,6,181118,7,Oil Change,Low,1,7,1,11.84
Truck,2,89597,9,Transmission Repair,High,0,11,8,102.51
Bus,1,32304,7,Electrical Repair,High,1,12,6,32.56
Mini Truck,2,56385,10,Engine Repair,Low,1,6,5,46.11
Bus,12,355743,1,Tyre Replacement,Medium,0,14,7,40.61
Bus,10,301359,6,Brake Repair,Medium,0,8,4,45.41
Truck,7,187189,3,Battery Replacement,Medium,0,8,1,40.04
Truck,9,338458,15,Clutch Repair,Low,0,12,3,52.92
Mini Truck,11,443738,16,Suspension Repair,Medium,0,5,7,71.63
Bus,8,234962,4,Suspension Repair,High,1,14,9,46.35
Bus,12,590236,20,Engine Repair,Low,0,10,5,88.16
Van,12,393225,16,Clutch Repair,High,1,12,2,55.95
Bus,9,350926,13,Clutch Repair,Medium,1,13,1,43.47
Truck,1,37480,2,Oil Change,High,0,4,5,46.31
Bus,11,406366,4,Oil Change,High,1,4,9,44.71
Truck,6,268644,1,Clutch Repair,Low,1,4,9,34.18
Bus,12,324630,12,Suspension Repair,Medium,1,9,1,31.33
Truck,12,431775,6,Battery Replacement,Low,1,13,10,27.12
Van,12,401448,9,Battery Replacement,Low,0,3,3,49.3
Truck,7,185652,13,Transmission Repair,High,1,3,3,79.81
Bus,1,35831,7,Tyre Replacement,Low,0,15,6,21.17
Bus,8,350123,11,Brake Repair,High,1,9,4,38.84
Van,9,242872,16,Tyre Replacement,Medium,1,2,6,37.0
Van,4,186944,5,Electrical Repair,Medium,1,4,10,34.73
Mini Truck,9,440924,0,Brake Repair,High,1,8,4,37.59
Van,1,47365,5,Suspension Repair,Low,1,5,9,28.43
Bus,1,41936,5,Clutch Repair,High,1,8,1,37.97
Bus,11,375931,10,Clutch Repair,Low,0,3,9,73.34
Truck,11,309326,6,Engine Repair,High,1,14,2,68.94
Van,9,442251,13,Brake Repair,High,0,1,8,75.2
Truck,2,54800,0,Tyre Replacement,Medium,0,10,4,30.27
Mini Truck,7,293259,12,Suspension Repair,Medium,0,7,2,60.95
Truck,11,308154,18,Oil Change,High,0,6,9,63.43
Bus,11,432994,19,Brake Repair,Medium,1,7,7,38.16
Truck,8,240979,7,Tyre Replacement,High,1,13,9,41.66
Bus,11,350537,9,Electrical Repair,Low,0,2,1,41.12
Mini Truck,9,368530,2,Transmission Repair,Low,1,4,7,64.59
Van,3,99116,3,Transmission Repair,Low,0,3,10,78.82
Mini Truck,11,313348,9,Brake Repair,Medium,0,4,10,65.53
Bus,6,183610,10,Engine Repair,Low,1,10,2,45.26
Van,6,277365,7,Electrical Repair,High,1,12,10,44.09
Van,10,398599,11,Electrical Repair,Medium,0,1,6,56.16
Van,12,528654,8,Electrical Repair,Low,1,15,8,31.38
Mini Truck,8,294041,9,Battery Replacement,High,0,3,10,57.98
Bus,3,145597,3,Transmission Repair,High,0,12,2,81.7
Truck,10,401755,12,Engine Repair,Low,1,9,9,62.02
Mini Truck,11,352926,11,Suspension Repair,Low,1,3,8,38.55
Truck,7,270385,0,Engine Repair,High,0,13,9,82.99
Mini Truck,3,98480,9,Tyre Replacement,High,1,6,1,26.63
Van,8,260751,2,Transmission Repair,Medium,0,1,4,98.32
Bus,7,298122,14,Oil Change,Low,1,2,9,29.48
Bus,12,438053,18,Clutch Repair,High,0,7,7,86.33
Truck,9,290951,12,Engine Repair,High,1,6,6,75.71
Mini Truck,8,358390,0,Clutch Repair,Low,1,3,4,33.49
Truck,9,393683,8,Engine Repair,Low,0,3,6,69.4
Van,7,261566,3,Battery Replacement,High,1,8,4,32.8
Van,11,490429,0,Engine Repair,Low,0,10,10,74.38
Van,11,543772,1,Tyre Replacement,Low,0,5,3,48.78
Mini Truck,10,397745,0,Transmission Repair,Low,0,8,10,95.25
Mini Truck,3,103752,6,Tyre Replacement,High,0,10,9,51.53
Van,12,479658,14,Brake Repair,Low,1,7,3,25.24
Truck,1,31630,8,Clutch Repair,High,1,14,3,39.51
Truck,3,137373,9,Oil Change,High,0,2,8,54.39
Truck,11,501228,16,Suspension Repair,Medium,0,12,9,69.9
Van,8,299938,11,Brake Repair,Medium,0,5,8,55.58
Truck,5,203419,8,Suspension Repair,Medium,0,1,1,55.61
Truck,9,226885,12,Engine Repair,High,1,7,6,74.34
Truck,3,130846,10,Transmission Repair,Medium,1,10,6,64.09
Bus,11,483380,6,Suspension Repair,High,1,3,6,51.93
Mini Truck,5,165193,9,Electrical Repair,High,1,12,3,35.35
Truck,12,420466,14,Tyre Replacement,Low,0,9,7,49.58
Truck,3,126000,10,Oil Change,Low,0,8,10,44.69
Truck,2,67241,3,Electrical Repair,Low,0,12,7,42.08
Bus,12,330127,5,Battery Replacement,Medium,0,4,9,53.35
Van,1,44644,8,Clutch Repair,High,0,10,3,55.82
Bus,4,185854,0,Tyre Replacement,Low,1,13,7,9.7
Bus,11,482168,12,Engine Repair,High,0,12,2,86.48
Bus,12,593136,18,Electrical Repair,Medium,1,4,10,52.81
Van,8,305894,0,Transmission Repair,Low,1,9,2,51.52
Truck,9,302136,10,Brake Repair,High,1,15,9,43.33
Bus,12,532138,12,Battery Replacement,Low,1,13,8,29.28
Mini Truck,10,475974,0,Battery Replacement,Low,1,2,7,22.65
Van,11,395549,10,Suspension Repair,Medium,0,12,5,57.2
Bus,2,76144,10,Electrical Repair,Low,0,8,6,41.75
Van,10,320536,5,Engine Repair,Medium,0,4,4,79.48
Van,4,126577,3,Electrical Repair,Low,0,2,2,42.45
Truck,9,236079,15,Electrical Repair,High,1,8,10,55.2
Bus,8,247938,16,Transmission Repair,Medium,0,13,10,95.19
Truck,9,434523,13,Battery Replacement,High,0,9,6,66.92
Van,8,231553,16,Battery Replacement,Medium,0,1,4,52.69
Truck,6,244791,9,Transmission Repair,Low,1,4,5,63.67
Mini Truck,10,339940,11,Tyre Replacement,Medium,1,4,7,32.53
Bus,6,255012,4,Battery Replacement,Low,0,10,4,28.34
Bus,4,172789,6,Suspension Repair,Low,0,13,3,44.79
Truck,3,130249,7,Tyre Replacement,High,1,13,8,33.98
Bus,5,198680,13,Oil Change,Medium,0,12,3,36.74
Van,5,187460,13,Brake Repair,Medium,1,5,6,31.92
Bus,9,371143,8,Electrical Repair,Low,1,2,6,29.26
Van,10,400967,17,Tyre Replacement,Medium,1,6,9,41.21
Mini Truck,12,534320,2,Suspension Repair,High,1,8,3,45.83
Van,11,451888,13,Suspension Repair,Low,0,3,6,53.34
Bus,6,226377,11,Transmission Repair,High,1,5,8,84.95
Bus,12,573120,14,Suspension Repair,Low,0,14,1,42.29
Van,11,406935,2,Engine Repair,Low,1,2,2,50.97
Truck,8,343768,1,Oil Change,Medium,0,2,5,40.07
Truck,11,479391,9,Engine Repair,Low,1,8,3,58.15
Van,9,444812,5,Oil Change,Low,1,14,6,19.0
Mini Truck,8,341710,8,Clutch Repair,Medium,0,12,9,61.28
Mini Truck,11,503053,16,Clutch Repair,Medium,1,8,9,55.99
Van,2,78957,4,Electrical Repair,Medium,1,3,5,19.27
Truck,1,42148,2,Electrical Repair,Medium,1,9,1,14.39
Mini Truck,8,278541,0,Suspension Repair,Medium,0,13,1,53.83
Bus,4,153967,8,Suspension Repair,Medium,0,3,7,55.68
Van,5,135382,6,Engine Repair,High,1,5,9,74.34
Bus,7,224283,2,Tyre Replacement,Low,1,2,8,22.12
Mini Truck,5,216812,9,Battery Replacement,Low,1,1,3,15.34
Truck,9,230801,5,Brake Repair,Medium,1,3,8,34.47
Truck,4,111822,2,Oil Change,Medium,0,6,7,45.56
Mini Truck,6,271552,11,Oil Change,Medium,0,14,3,32.68
Bus,7,193713,15,Tyre Replacement,Low,1,14,7,22.03
Truck,2,96837,3,Suspension Repair,Medium,0,12,1,35.65
Mini Truck,12,349262,16,Engine Repair,Medium,1,11,5,63.49
Bus,3,80529,11,Clutch Repair,High,0,5,8,75.77
Van,6,163654,13,Engine Repair,Low,0,11,7,73.92
Truck,3,111188,9,Brake Repair,Medium,0,1,1,51.06
Mini Truck,12,381260,11,Brake Repair,Low,0,8,2,45.36
Truck,1,36649,2,Clutch Repair,Low,0,8,4,45.12
Bus,8,392201,6,Oil Change,High,1,6,3,35.49
Bus,1,40902,7,Clutch Repair,Medium,1,4,10,42.18
Van,9,316138,10,Battery Replacement,Medium,0,2,9,49.24
Mini Truck,5,232402,4,Clutch Repair,Medium,1,1,9,43.08
Mini Truck,12,397273,0,Electrical Repair,High,0,6,2,66.82
Mini Truck,4,168690,10,Battery Replacement,High,0,10,5,53.5
Mini Truck,11,443833,3,Brake Repair,High,0,1,3,59.99
Truck,4,114031,7,Engine Repair,Low,0,10,7,77.45
Bus,1,37004,3,Brake Repair,Low,0,11,8,26.83
Mini Truck,11,306824,11,Clutch Repair,High,1,14,6,57.31
Truck,10,319681,16,Oil Change,High,0,14,5,56.81
Van,9,250459,3,Engine Repair,High,1,4,4,69.63
Van,10,413925,5,Clutch Repair,High,1,12,2,52.19
Bus,11,515501,13,Brake Repair,Low,0,9,7,58.41
Bus,11,357930,17,Battery Replacement,Medium,1,9,6,30.59
Bus,7,341000,13,Electrical Repair,High,0,10,9,63.65
Mini Truck,9,420186,8,Electrical Repair,Medium,1,7,1,30.89
Truck,5,203087,0,Clutch Repair,Low,1,1,5,31.44
Van,4,141275,0,Transmission Repair,High,0,2,1,97.0
Bus,3,93141,4,Electrical Repair,High,0,4,5,57.79
Truck,10,354804,18,Engine Repair,High,0,12,6,102.3
Van,8,380773,3,Transmission Repair,Low,1,2,1,65.1
Bus,6,263850,6,Brake Repair,Low,0,11,7,34.4
Bus,9,235795,10,Clutch Repair,High,0,6,9,79.08
Van,1,47073,6,Battery Replacement,High,0,4,7,54.22
Mini Truck,3,92326,5,Brake Repair,Medium,0,9,7,44.29
Truck,7,306549,13,Tyre Replacement,Low,1,9,4,20.21
Mini Truck,7,345983,6,Clutch Repair,High,0,4,2,67.48
Mini Truck,6,173486,1,Suspension Repair,Medium,1,6,4,28.78
Bus,6,156345,12,Transmission Repair,Low,1,10,8,70.53
Van,8,211764,7,Engine Repair,High,1,3,2,70.11
Truck,12,328593,7,Tyre Replacement,Medium,0,6,2,49.77
Mini Truck,8,205963,10,Engine Repair,High,0,4,9,104.54
Bus,9,351622,4,Oil Change,Medium,0,5,3,33.64
Bus,4,191295,9,Transmission Repair,Low,1,11,1,54.26
Truck,7,348112,8,Electrical Repair,Low,0,5,7,47.29
Mini Truck,9,411040,3,Electrical Repair,Medium,0,3,4,61.0
Mini Truck,9,411769,0,Oil Change,Low,1,6,8,17.93
Mini Truck,12,382315,0,Electrical Repair,High,1,6,5,46.58
Van,9,297319,1,Transmission Repair,Medium,0,9,5,86.26
Van,6,252982,10,Tyre Replacement,Low,1,9,10,23.88
Van,7,238009,4,Suspension Repair,Medium,1,8,9,34.46
Van,4,185520,2,Clutch Repair,High,0,14,3,58.05
Van,7,213050,5,Electrical Repair,Low,0,3,6,42.48
Truck,6,258538,6,Transmission Repair,Medium,1,3,4,68.53
Truck,3,99215,0,Transmission Repair,High,0,10,4,87.01
Truck,6,170834,11,Battery Replacement,Low,1,12,6,14.42
Van,7,303829,15,Tyre Replacement,Low,0,4,1,43.17
Truck,5,249544,6,Engine Repair,High,0,13,4,80.83
Van,8,361758,15,Electrical Repair,Medium,0,7,7,50.3
Mini Truck,12,464048,12,Clutch Repair,High,0,9,2,78.23
Mini Truck,1,33051,8,Clutch Repair,Medium,0,9,7,62.14
Truck,4,138165,7,Suspension Repair,Medium,1,8,3,26.24
Mini Truck,5,205364,0,Clutch Repair,Low,1,14,8,23.46
Truck,12,562488,3,Tyre Replacement,High,0,7,7,65.92
Mini Truck,1,30861,7,Engine Repair,Medium,0,5,6,68.95
Truck,2,57481,7,Electrical Repair,Low,1,12,9,21.97
Van,7,319269,12,Oil Change,Low,1,10,3,20.39
Van,3,98444,11,Oil Change,Medium,1,5,8,27.54
Bus,11,369736,3,Tyre Replacement,Low,0,10,5,30.96
Mini Truck,8,330716,0,Battery Replacement,Low,0,10,8,41.89
Mini Truck,8,220815,0,Engine Repair,High,1,10,9,75.45
Van,1,31056,2,Oil Change,High,1,1,3,25.73
Truck,11,431469,10,Brake Repair,Low,0,7,3,42.24
Bus,10,423257,18,Clutch Repair,Low,1,12,10,47.38
Bus,1,28051,4,Electrical Repair,Medium,1,14,2,14.48
Mini Truck,9,242019,9,Battery Replacement,Low,0,12,5,39.53
Mini Truck,9,280009,6,Oil Change,Low,0,8,10,44.65
Mini Truck,10,472245,10,Transmission Repair,High,1,15,3,80.53
Mini Truck,9,416151,15,Battery Replacement,Low,0,12,5,40.5
Truck,2,51571,7,Brake Repair,High,0,13,10,61.33
Mini Truck,1,35937,5,Clutch Repair,High,0,1,4,64.03
Bus,2,70170,4,Clutch Repair,High,1,13,1,36.61
Truck,11,449736,10,Suspension Repair,High,0,14,3,64.09
Bus,6,275595,14,Battery Replacement,Low,0,8,3,46.26
Bus,8,308515,1,Clutch Repair,Medium,1,9,9,36.78
Truck,4,175680,10,Electrical Repair,Medium,0,3,5,43.44
Bus,7,339236,5,Suspension Repair,Low,0,14,5,48.88
Truck,5,179246,1,Battery Replacement,Low,1,8,5,7.45
Van,9,304250,5,Brake Repair,Medium,0,13,4,38.06
Mini Truck,9,231536,15,Clutch Repair,Low,0,6,8,70.27
Bus,6,187563,12,Brake Repair,High,0,4,1,59.56
Mini Truck,12,573859,3,Oil Change,Medium,0,11,10,45.88
Bus,8,212095,3,Clutch Repair,High,1,1,10,56.4
Bus,11,385019,10,Engine Repair,Low,1,5,9,66.85
Bus,8,375931,3,Transmission Repair,Low,0,5,2,74.13
Truck,4,171110,5,Clutch Repair,Medium,1,3,5,39.25
Van,3,84337,4,Electrical Repair,High,1,1,3,36.19
Truck,8,377077,1,Brake Repair,Medium,0,2,7,52.71
Van,12,533746,19,Electrical Repair,Medium,1,14,4,36.99
Truck,8,348842,4,Brake Repair,High,1,2,8,46.47
Bus,11,519001,15,Engine Repair,Low,0,14,10,82.45
Bus,7,223064,10,Electrical Repair,Medium,1,1,2,30.46
Mini Truck,2,73032,7,Battery Replacement,Low,1,13,6,9.95
Van,9,251983,12,Brake Repair,Medium,0,13,5,57.27
Mini Truck,7,329805,13,Engine Repair,High,0,9,3,98.12
Mini Truck,2,72329,3,Suspension Repair,Medium,1,9,4,24.31
Van,11,315839,18,Battery Replacement,Low,1,6,9,31.54
Truck,8,246182,9,Suspension Repair,Low,0,11,10,60.28
Bus,8,369080,1,Brake Repair,Low,0,15,10,33.43
Van,11,353232,14,Clutch Repair,Medium,1,10,10,53.56
Mini Truck,4,126956,10,Electrical Repair,Medium,1,15,7,27.76
Bus,2,88189,0,Clutch Repair,Medium,0,14,5,39.76
Bus,9,238927,0,Clutch Repair,Medium,0,14,5,47.14
Van,7,329707,12,Electrical Repair,High,1,7,7,44.69
Mini Truck,9,280369,5,Battery Replacement,Low,0,9,7,44.85
Mini Truck,3,112810,10,Tyre Replacement,Low,0,2,1,27.66
Mini Truck,11,503974,4,Brake Repair,Low,1,14,8,25.59
Mini Truck,10,297132,14,Clutch Repair,Medium,1,7,6,49.07
Van,3,130675,9,Oil Change,High,1,14,4,26.4
Bus,7,318174,11,Oil Change,Low,1,12,6,16.46
Truck,10,376230,2,Tyre Replacement,High,1,8,9,39.15
Truck,9,384926,2,Engine Repair,Medium,0,11,9,92.56
Bus,10,263834,10,Clutch Repair,Low,1,8,9,39.58
Mini Truck,10,442365,10,Suspension Repair,Medium,1,5,3,40.83
Truck,12,459420,18,Transmission Repair,Low,1,10,3,66.93
Truck,11,427962,19,Oil Change,Medium,1,2,3,37.07
Truck,5,158036,2,Transmission Repair,Medium,1,1,2,63.2
Van,10,443715,4,Battery Replacement,Medium,0,5,4,52.44
Van,9,233674,10,Brake Repair,Low,0,14,8,49.25
Mini Truck,4,186594,7,Tyre Replacement,Low,1,1,5,18.46
Truck,1,30491,7,Suspension Repair,Medium,1,8,9,31.03
Van,7,277254,15,Transmission Repair,Low,1,1,5,72.18
Mini Truck,7,257755,1,Brake Repair,High,1,14,7,36.41
Bus,6,220864,4,Brake Repair,Medium,1,8,4,23.31
Van,9,313449,5,Electrical Repair,High,0,11,1,49.01
Truck,7,200611,3,Battery Replacement,Medium,0,12,5,38.69
Van,1,25776,9,Brake Repair,Low,0,10,2,25.77
Truck,10,284054,12,Tyre Replacement,Low,0,5,5,46.92
Truck,11,512735,8,Suspension Repair,High,1,5,3,47.13
Truck,5,226856,0,Suspension Repair,Medium,1,1,5,31.86
Bus,3,132747,1,Battery Replacement,Low,1,3,8,15.77
Truck,3,145861,6,Engine Repair,High,0,15,8,84.89
Truck,1,27389,1,Transmission Repair,Medium,0,15,8,76.01
Truck,1,46777,6,Transmission Repair,Low,1,15,7,56.06
Truck,9,410494,15,Battery Replacement,Medium,1,14,2,22.73
Van,1,37596,7,Brake Repair,High,1,6,5,31.22
Mini Truck,1,45718,1,Electrical Repair,High,1,2,8,37.75
Bus,11,381493,5,Clutch Repair,Low,1,11,4,31.96
Bus,12,504527,3,Electrical Repair,Medium,0,15,8,53.36
Van,1,31327,0,Engine Repair,Medium,1,2,9,50.61
Bus,8,339969,14,Oil Change,Low,1,1,6,28.26
Truck,7,205982,6,Clutch Repair,Medium,0,12,10,62.81
Truck,1,49099,2,Battery Replacement,High,0,8,10,45.6
Van,12,368439,0,Tyre Replacement,High,0,15,5,51.75
Mini Truck,10,294745,18,Brake Repair,Low,0,8,10,58.08
Truck,4,155864,5,Suspension Repair,Medium,0,11,10,64.89
Van,6,205897,12,Oil Change,High,0,6,2,44.38
Bus,3,129415,2,Electrical Repair,High,0,8,4,60.13
Truck,3,88102,10,Suspension Repair,Low,0,15,8,37.43
Truck,1,30879,1,Transmission Repair,Medium,1,12,3,54.76
Van,3,110513,8,Battery Replacement,Medium,0,3,10,41.34
Van,12,562085,19,Brake Repair,High,1,6,7,53.97
Truck,9,286771,6,Brake Repair,High,0,10,6,70.24
Van,8,364223,6,Transmission Repair,Low,0,2,3,89.63
Mini Truck,3,95940,10,Oil Change,Low,1,5,4,12.34
Mini Truck,5,168816,9,Battery Replacement,Low,0,12,1,34.87
Van,3,78809,7,Clutch Repair,Low,0,15,4,48.04
Bus,7,227101,10,Engine Repair,Low,1,4,2,47.17
Van,12,516318,6,Suspension Repair,Low,0,8,10,64.61
Truck,7,212995,6,Battery Replacement,Low,1,6,3,16.34
Mini Truck,12,401793,20,Electrical Repair,Medium,0,6,3,50.22
Truck,5,142891,1,Battery Replacement,Medium,1,3,6,25.79
Van,5,204119,2,Tyre Replacement,High,0,2,7,65.33
Mini Truck,4,177539,7,Battery Replacement,Medium,0,12,7,40.15
Van,6,263835,9,Engine Repair,High,0,15,10,83.22
Mini Truck,1,26312,7,Clutch Repair,Low,1,9,7,29.46
Mini Truck,12,351379,14,Battery Replacement,Low,0,9,1,43.66
Van,3,121976,4,Engine Repair,High,0,1,8,90.86
Van,12,540796,18,Oil Change,Medium,1,13,3,35.83
Mini Truck,3,123551,10,Battery Replacement,High,0,14,2,49.44
Bus,9,233575,9,Suspension Repair,Medium,0,13,2,53.73
Truck,9,401856,11,Oil Change,Low,1,6,8,25.31
Truck,6,246058,2,Clutch Repair,High,0,9,4,61.79
Bus,4,170730,1,Battery Replacement,High,0,13,4,50.95
Bus,5,191003,10,Suspension Repair,Medium,0,2,6,57.66
Mini Truck,8,331452,16,Brake Repair,Medium,1,8,10,43.14
Bus,11,309407,6,Battery Replacement,Low,0,7,3,40.41
Truck,2,60798,4,Brake Repair,High,0,8,3,45.78
Truck,5,179596,10,Clutch Repair,Low,1,6,7,36.76
Mini Truck,12,311262,9,Engine Repair,Low,0,14,4,82.76
Bus,7,326703,10,Electrical Repair,Medium,1,8,5,32.41
Van,5,147509,12,Transmission Repair,Low,1,6,5,60.43
Truck,3,121284,4,Battery Replacement,Low,0,12,9,34.06
Van,3,95117,2,Engine Repair,Low,0,6,10,66.46
Mini Truck,5,173453,2,Engine Repair,High,0,11,6,86.99
Van,6,267552,8,Tyre Replacement,High,1,2,1,34.22
Mini Truck,8,238111,14,Electrical Repair,Low,0,12,9,59.04
Bus,11,429956,15,Transmission Repair,High,0,13,10,117.73
Bus,12,358885,15,Oil Change,Low,0,5,1,46.75
Van,8,293688,2,Electrical Repair,Low,0,10,9,46.26
Bus,4,102955,1,Clutch Repair,Medium,0,9,7,53.35
Mini Truck,6,284101,0,Electrical Repair,Medium,0,12,7,51.1
Mini Truck,6,153195,4,Electrical Repair,Medium,1,8,9,32.5
Truck,4,195401,7,Suspension Repair,Medium,1,3,7,35.47
Mini Truck,3,86282,2,Engine Repair,Medium,1,14,9,52.22
Bus,2,88710,6,Brake Repair,Low,1,11,5,10.27
Mini Truck,3,147851,7,Tyre Replacement,Low,0,14,7,35.74
Mini Truck,1,34895,9,Transmission Repair,Medium,1,4,1,59.76
Truck,3,109429,4,Battery Replacement,Low,1,7,3,9.14
Mini Truck,12,428319,0,Brake Repair,Medium,1,2,10,35.53
Bus,10,375956,18,Suspension Repair,Medium,1,12,2,34.4
Bus,9,417140,0,Transmission Repair,Low,0,3,6,94.08
Van,6,192810,0,Transmission Repair,Medium,1,11,6,64.05
Truck,5,163228,8,Brake Repair,High,0,13,3,48.7
Van,9,309569,10,Transmission Repair,Medium,1,2,9,80.25
Bus,3,76690,2,Clutch Repair,Medium,1,13,8,33.43
Mini Truck,6,192737,1,Engine Repair,Low,0,14,4,73.7
Truck,7,295715,2,Brake Repair,Low,0,8,6,40.13
Bus,3,132925,9,Clutch Repair,Medium,0,12,5,46.12
Truck,4,116870,11,Tyre Replacement,High,0,5,3,49.84
Van,2,77840,1,Brake Repair,Low,1,13,7,11.91
Truck,4,114131,0,Clutch Repair,High,0,8,2,59.12
Truck,2,69768,10,Oil Change,Low,0,15,10,34.74
Van,3,121076,0,Brake Repair,Low,1,10,6,12.45
Bus,3,140619,11,Engine Repair,High,0,2,10,90.02
Van,12,400426,9,Tyre Replacement,High,0,12,2,53.12
Mini Truck,6,198529,7,Brake Repair,Low,1,7,7,22.21
Van,9,284651,13,Brake Repair,Medium,0,8,2,55.07
Van,8,399825,11,Transmission Repair,High,0,2,6,118.79
Truck,7,249347,14,Transmission Repair,High,1,4,9,91.59
Mini Truck,5,237114,6,Engine Repair,Low,1,11,6,50.83
Van,1,47090,7,Brake Repair,Medium,1,9,2,12.8
Truck,3,126748,6,Brake Repair,High,0,2,6,56.2
Bus,4,177982,6,Brake Repair,Low,1,12,8,21.36
Bus,12,443116,20,Suspension Repair,Medium,1,11,10,50.8
Mini Truck,8,334064,8,Tyre Replacement,Medium,0,2,5,57.57
Mini Truck,4,182361,2,Oil Change,Low,0,14,2,30.99
Truck,3,125152,9,Electrical Repair,Low,1,10,10,27.97
Truck,2,93324,8,Battery Replacement,Medium,0,5,8,54.53
Bus,9,315076,17,Clutch Repair,Low,0,7,2,59.93
Mini Truck,6,248654,7,Battery Replacement,Low,0,3,9,43.4
Van,8,312900,4,Transmission Repair,High,1,8,2,79.84
Mini Truck,11,521320,15,Clutch Repair,Low,0,7,5,73.37
Mini Truck,10,427337,11,Transmission Repair,Medium,0,1,10,96.33
Van,6,241455,12,Oil Change,High,1,7,2,32.17
Mini Truck,6,243681,6,Electrical Repair,Low,0,4,4,42.27
Truck,12,334340,9,Brake Repair,Medium,0,1,9,60.05
Truck,8,372429,13,Clutch Repair,Medium,1,1,8,48.79
Truck,6,249021,9,Suspension Repair,Medium,0,13,8,47.98
Van,6,280215,8,Electrical Repair,Low,1,6,7,24.77
Van,8,366577,2,Clutch Repair,Low,1,5,1,28.3
Bus,10,355389,7,Brake Repair,High,0,10,6,63.32
Truck,10,460026,16,Battery Replacement,Medium,0,6,2,52.9
Bus,7,348921,10,Engine Repair,Medium,1,5,10,65.09
Mini Truck,11,369686,0,Clutch Repair,Low,1,4,8,41.27
Bus,11,502396,18,Oil Change,High,0,6,8,66.4
Van,3,114357,6,Suspension Repair,Medium,0,11,4,50.24
Bus,5,209678,2,Transmission Repair,High,0,7,4,91.85
Van,4,103631,3,Transmission Repair,Medium,1,9,7,62.99
Mini Truck,11,294400,6,Tyre Replacement,Medium,0,1,5,50.61
Van,11,297141,15,Oil Change,Low,0,6,10,53.2
Truck,7,270272,2,Suspension Repair,High,0,4,2,71.29
Truck,9,399120,16,Transmission Repair,Medium,0,4,10,100.17
Bus,6,252223,12,Engine Repair,Medium,0,3,2,78.63
Van,5,182602,6,Transmission Repair,High,0,8,9,105.05
Truck,6,293063,6,Battery Replacement,High,0,5,3,54.57
Mini Truck,12,492801,9,Oil Change,High,0,14,1,52.48
Bus,9,325844,9,Electrical Repair,High,0,9,4,67.45
Mini Truck,1,37877,4,Transmission Repair,Low,0,5,4,70.1
Mini Truck,11,441295,13,Oil Change,Medium,0,14,8,61.89
Mini Truck,6,260720,14,Brake Repair,Low,1,9,2,22.25
Bus,7,332841,10,Battery Replacement,High,0,13,1,45.89
Mini Truck,11,346351,0,Suspension Repair,Low,1,6,10,33.2
Truck,2,60343,3,Clutch Repair,High,0,14,10,73.05
Bus,8,325400,4,Transmission Repair,Low,1,13,5,59.85
Van,2,77164,5,Tyre Replacement,Medium,1,14,10,22.54
Van,1,25752,8,Engine Repair,Low,1,4,5,46.36
Van,1,38141,9,Suspension Repair,High,1,3,2,34.05
Bus,3,149349,1,Oil Change,High,1,13,8,32.69
Mini Truck,2,64711,3,Engine Repair,Medium,1,12,8,54.94
Mini Truck,3,131532,3,Engine Repair,Medium,0,7,3,72.09
Van,1,34509,4,Engine Repair,High,1,15,4,55.57
Bus,10,429376,14,Brake Repair,Low,1,3,6,32.47
Mini Truck,11,386263,12,Suspension Repair,High,1,2,2,51.13
Truck,1,35907,3,Battery Replacement,Medium,0,1,5,46.08
Mini Truck,5,176733,10,Electrical Repair,Low,0,10,3,42.69
Van,9,354195,10,Battery Replacement,Low,0,6,9,51.69
Van,5,140314,5,Oil Change,Low,1,14,5,9.21
Bus,7,249167,8,Transmission Repair,High,1,7,3,76.43
Bus,12,557569,4,Clutch Repair,High,1,1,4,56.51
Van,1,32532,2,Oil Change,Medium,1,3,8,19.26
Mini Truck,2,82434,0,Battery Replacement,Medium,1,8,8,21.21
Truck,12,377622,3,Electrical Repair,Low,0,14,5,39.74
Van,12,566725,8,Engine Repair,High,0,9,10,100.11
Mini Truck,2,66132,7,Brake Repair,Medium,0,5,2,42.33
Bus,10,493570,3,Electrical Repair,Low,0,2,8,61.41
Mini Truck,11,416200,19,Oil Change,Medium,0,11,10,70.12
Bus,12,598402,4,Engine Repair,Low,1,6,1,51.42
Truck,9,382887,12,Brake Repair,Medium,1,3,4,32.05
Mini Truck,2,51344,3,Tyre Replacement,Medium,1,5,3,16.6
Truck,5,189336,12,Suspension Repair,High,1,15,10,50.26
Van,6,175195,13,Electrical Repair,High,0,8,8,73.95
Mini Truck,5,198801,9,Suspension Repair,Low,1,13,6,26.26
Van,7,340330,13,Brake Repair,Low,1,8,4,22.78
Van,8,338222,16,Brake Repair,Medium,1,7,2,30.76
Mini Truck,5,144478,2,Transmission Repair,Low,1,5,10,67.66
Truck,9,245062,1,Clutch Repair,Low,1,7,2,29.59
Mini Truck,11,407844,11,Transmission Repair,High,0,13,9,103.89
Truck,12,542681,5,Tyre Replacement,Medium,0,2,7,57.96
Bus,10,439817,14,Battery Replacement,High,1,6,3,43.24
Van,3,85252,11,Transmission Repair,High,0,7,9,98.42
Truck,7,205586,0,Tyre Replacement,High,1,8,7,35.85
Mini Truck,5,206067,13,Electrical Repair,High,1,13,5,39.53
Truck,3,92709,0,Engine Repair,Low,0,12,4,52.02
Van,8,370032,4,Engine Repair,Medium,0,2,5,88.21
Van,8,310593,0,Brake Repair,Low,0,12,8,46.47
Mini Truck,1,39729,9,Engine Repair,Low,1,10,7,47.53
Truck,6,152064,1,Suspension Repair,Medium,1,12,10,32.23
Bus,1,40974,6,Battery Replacement,High,1,4,1,23.97
Truck,7,326100,10,Clutch Repair,Low,1,15,7,37.52
Mini Truck,2,82426,9,Electrical Repair,Medium,1,1,3,24.81
Bus,12,400768,15,Electrical Repair,Medium,0,9,4,66.8
Bus,10,473727,14,Tyre Replacement,Medium,1,7,6,31.02
Mini Truck,3,102159,4,Brake Repair,High,1,3,3,33.61
Van,3,139511,1,Suspension Repair,Medium,1,4,4,27.19
Truck,1,36756,4,Electrical Repair,High,0,3,9,56.99
Truck,6,262884,1,Engine Repair,Low,0,8,5,68.61
Bus,1,43252,4,Tyre Replacement,High,0,12,1,47.17
Mini Truck,2,56939,9,Brake Repair,High,0,9,2,47.17
Truck,4,147400,2,Transmission Repair,High,1,13,9,81.33
Mini Truck,12,352058,4,Electrical Repair,Medium,0,2,4,59.33
Mini Truck,1,33038,7,Electrical Repair,Medium,0,2,5,47.89
Mini Truck,6,214343,2,Clutch Repair,Medium,0,3,7,66.06
Mini Truck,8,335307,11,Oil Change,Medium,0,13,1,47.73
Truck,2,72171,5,Suspension Repair,Low,1,1,7,24.63
Truck,11,354142,18,Oil Change,High,1,7,7,48.03
Bus,12,464466,11,Oil Change,Medium,0,12,7,60.19
Van,9,388672,14,Electrical Repair,High,1,13,4,42.03
Bus,2,52422,8,Electrical Repair,Medium,0,9,9,49.49
Van,2,83532,8,Transmission Repair,High,1,13,3,69.74
Truck,1,42692,9,Transmission Repair,Low,1,12,7,60.42
Truck,12,331428,11,Transmission Repair,High,1,2,1,81.87
Truck,8,278108,0,Battery Replacement,Medium,0,13,10,53.86
Van,6,228433,4,Tyre Replacement,High,1,9,4,32.44
Truck,6,285384,9,Engine Repair,Medium,1,2,3,60.38
Mini Truck,7,196481,2,Oil Change,Medium,0,8,4,44.43
Truck,6,287954,6,Clutch Repair,High,1,14,5,46.47
Mini Truck,11,496995,14,Battery Replacement,High,1,14,3,42.83
Van,9,258324,15,Battery Replacement,Low,0,12,4,42.79
Mini Truck,1,49461,2,Clutch Repair,Medium,0,10,7,42.0
Truck,6,299884,4,Oil Change,High,0,2,6,58.68
Bus,5,163532,7,Oil Change,Low,0,13,10,42.93
Truck,5,241530,4,Engine Repair,Low,1,1,2,44.57
Bus,2,52928,6,Battery Replacement,High,1,10,8,32.95
Bus,7,299578,4,Tyre Replacement,High,1,13,8,37.28
Mini Truck,3,117626,1,Suspension Repair,Medium,0,15,7,46.05
Truck,11,507310,8,Brake Repair,Low,0,10,5,52.81
Truck,11,319644,6,Clutch Repair,High,0,10,9,78.44
Mini Truck,9,229892,3,Clutch Repair,Low,0,5,4,52.5
Mini Truck,2,84966,9,Electrical Repair,Medium,0,8,1,40.85
Mini Truck,3,129386,0,Clutch Repair,Medium,1,5,2,31.99
Truck,2,85506,2,Transmission Repair,Low,0,5,2,65.91
Bus,7,219352,1,Electrical Repair,Low,0,12,1,30.74
Mini Truck,2,70974,2,Suspension Repair,Medium,1,7,2,19.73
Truck,4,131407,12,Engine Repair,Medium,1,2,5,58.12
Truck,6,271850,8,Suspension Repair,Low,1,1,7,32.71
Van,1,33819,8,Brake Repair,Low,0,5,10,46.66
Mini Truck,2,91667,8,Engine Repair,Low,1,9,3,43.52
Van,9,336084,17,Battery Replacement,Low,0,14,8,44.36
Van,1,26971,7,Transmission Repair,High,1,14,7,76.96
Bus,11,386544,18,Clutch Repair,Medium,0,3,9,86.0
Truck,5,136759,6,Brake Repair,Low,1,15,7,19.7
Van,10,382335,10,Electrical Repair,High,1,13,8,48.71
Bus,4,186805,5,Electrical Repair,Low,1,10,6,20.28
Truck,12,370110,20,Oil Change,High,1,1,1,45.34
Van,7,320697,15,Suspension Repair,High,0,13,2,73.6
Truck,11,508400,3,Electrical Repair,Medium,1,7,3,31.77
Truck,2,80323,5,Engine Repair,Medium,0,4,1,69.26
Bus,4,111792,9,Transmission Repair,High,0,4,8,107.01
Truck,5,189597,11,Engine Repair,Low,0,14,7,67.31
Bus,10,381157,15,Tyre Replacement,High,0,11,10,78.73
Van,2,88545,2,Brake Repair,Low,1,15,10,19.37
Van,9,416076,8,Engine Repair,High,0,12,9,94.91
Mini Truck,1,38995,0,Electrical Repair,Medium,1,5,2,19.39
Mini Truck,8,294757,16,Oil Change,High,0,1,5,68.37
Mini Truck,6,151352,6,Engine Repair,Medium,0,15,10,67.45
Van,12,522203,2,Engine Repair,Low,0,6,5,70.18
Truck,1,40727,6,Oil Change,High,1,14,5,23.75
Van,2,81036,3,Electrical Repair,Low,1,9,4,15.19
Truck,10,412415,14,Brake Repair,High,1,10,2,40.42
Truck,1,26092,6,Electrical Repair,High,0,13,3,40.87
Mini Truck,1,34878,9,Suspension Repair,Low,0,11,1,39.77
Truck,5,236401,6,Suspension Repair,Low,1,4,10,31.86
Truck,8,300642,14,Suspension Repair,High,0,6,1,66.46
Bus,10,300457,3,Brake Repair,Low,0,10,4,46.54
Van,11,541809,8,Electrical Repair,Medium,1,12,10,41.94
Mini Truck,3,106870,2,Oil Change,Low,0,5,10,44.04
Bus,5,201502,8,Tyre Replacement,Low,1,5,10,24.87
Bus,5,173343,0,Clutch Repair,High,0,1,4,72.6
Truck,7,265129,6,Engine Repair,High,0,13,2,84.56
Van,11,524416,14,Electrical Repair,High,1,10,5,49.54
Mini Truck,6,192540,1,Battery Replacement,Low,1,4,1,6.61
Van,12,420729,14,Engine Repair,Low,1,12,6,62.81
Mini Truck,4,152469,2,Oil Change,Medium,0,2,6,34.48
Truck,3,113086,7,Engine Repair,High,1,1,1,61.49
Van,4,137237,2,Engine Repair,Medium,0,6,9,75.93
Van,4,102817,2,Transmission Repair,Low,0,14,3,75.94
Truck,6,205112,4,Battery Replacement,Low,1,13,6,9.37
Van,9,434459,13,Brake Repair,Low,0,15,3,39.45
Van,9,324141,11,Electrical Repair,High,1,11,4,41.38
Truck,10,403963,6,Clutch Repair,Medium,0,6,4,52.84
Bus,3,141619,9,Battery Replacement,Low,0,13,8,28.95
Van,9,326742,16,Electrical Repair,Medium,1,3,6,42.66
Bus,9,407061,15,Battery Replacement,Medium,1,10,7,33.15
Truck,4,128773,3,Battery Replacement,Low,1,4,5,11.75
Mini Truck,7,324781,5,Electrical Repair,Medium,0,3,2,48.89
Mini Truck,9,317163,7,Oil Change,Medium,1,7,8,32.27
Mini Truck,7,282204,11,Battery Replacement,Medium,1,7,1,22.27
Van,8,261286,8,Brake Repair,Medium,0,5,9,62.83
Truck,5,246452,3,Brake Repair,Low,0,6,1,40.57
Van,6,201549,10,Electrical Repair,Medium,1,12,5,28.91
Van,12,372281,17,Transmission Repair,Low,1,5,6,76.41
Mini Truck,7,327031,0,Battery Replacement,High,0,14,7,53.16
Van,12,410034,15,Engine Repair,High,1,12,8,82.07
Bus,2,70517,3,Suspension Repair,High,1,4,8,44.7
Mini Truck,9,232891,11,Tyre Replacement,High,0,5,1,61.26
Bus,6,209111,6,Suspension Repair,High,1,13,9,49.03
Bus,6,156092,9,Oil Change,Low,0,6,10,53.86
Mini Truck,7,228531,12,Brake Repair,High,1,4,8,50.84
Truck,6,299294,7,Transmission Repair,Low,0,2,9,85.81
Truck,12,556174,0,Tyre Replacement,Low,0,15,7,45.73
Van,4,138155,10,Clutch Repair,Low,1,1,6,35.38
Truck,3,117830,6,Suspension Repair,Low,0,3,9,52.78
Mini Truck,12,336051,12,Engine Repair,Low,0,5,7,88.09
Van,10,400756,9,Engine Repair,High,1,5,4,73.07
Truck,3,133422,1,Suspension Repair,High,0,9,6,69.28
Mini Truck,8,321292,1,Brake Repair,Medium,1,6,5,27.26
Mini Truck,10,465857,5,Suspension Repair,Low,0,15,10,58.01
Mini Truck,7,347773,5,Brake Repair,Medium,0,4,3,45.83
Bus,11,309993,6,Battery Replacement,Medium,0,6,2,42.38
Bus,7,293210,5,Transmission Repair,Low,0,8,1,74.59
Mini Truck,7,265087,12,Engine Repair,Medium,0,1,5,78.22
Van,6,271699,7,Battery Replacement,Low,0,9,4,40.69
Van,8,273175,5,Tyre Replacement,Low,0,3,5,35.17
Mini Truck,3,85169,10,Oil Change,High,1,3,8,38.68
Bus,3,103399,11,Oil Change,High,0,8,1,52.99
Truck,7,255825,14,Oil Change,High,0,1,7,61.34
Van,6,212531,3,Brake Repair,Low,1,1,1,11.99
Bus,4,189123,10,Brake Repair,Low,0,13,3,32.59
Truck,7,309348,3,Electrical Repair,Medium,0,10,4,55.69
Mini Truck,7,206668,7,Engine Repair,Low,1,6,3,47.7
Truck,7,346440,10,Oil Change,Medium,0,8,4,41.21
Bus,11,468451,1,Brake Repair,Low,1,5,10,28.53
Mini Truck,2,96696,8,Tyre Replacement,Medium,0,10,6,40.44
Van,6,195961,10,Electrical Repair,High,1,2,6,45.21
Truck,10,489102,18,Battery Replacement,Medium,0,9,10,53.39
Van,1,45196,1,Transmission Repair,Low,1,13,4,53.12
Truck,1,29507,5,Battery Replacement,Medium,0,3,7,36.58
Truck,4,195067,9,Battery Replacement,High,1,3,5,37.11
Bus,11,295765,16,Suspension Repair,High,1,13,1,45.78
Van,12,473681,10,Engine Repair,Low,0,15,4,73.19
Mini Truck,9,309315,5,Battery Replacement,High,0,2,8,58.16
Van,1,45786,2,Engine Repair,Low,0,3,10,80.36
Van,4,166509,1,Suspension Repair,High,1,5,3,34.11
Van,4,155576,2,Engine Repair,Medium,1,10,8,57.11
Van,5,238039,12,Battery Replacement,Low,1,7,7,23.44
Van,8,315704,13,Clutch Repair,High,1,13,3,49.51
Mini Truck,1,49966,6,Suspension Repair,Low,1,10,9,24.79
Van,9,415486,5,Transmission Repair,Medium,1,5,8,77.24
Bus,7,322362,15,Brake Repair,Medium,0,12,8,52.44
Van,4,100547,0,Clutch Repair,High,1,8,7,45.0
Mini Truck,7,272817,12,Battery Replacement,Medium,0,7,1,34.48
Mini Truck,10,292562,6,Suspension Repair,Medium,1,9,8,38.67
Bus,12,330253,20,Suspension Repair,Medium,0,4,8,65.05
Bus,11,289814,4,Transmission Repair,High,1,11,3,80.29
Bus,4,178924,9,Tyre Replacement,Low,0,13,2,33.15
Mini Truck,12,342125,16,Engine Repair,Medium,0,14,7,88.06
Bus,9,364775,12,Transmission Repair,High,1,13,2,74.55
Truck,11,455561,4,Transmission Repair,High,0,15,7,107.75
Truck,3,139451,0,Brake Repair,Low,1,9,7,11.82
Bus,12,525941,5,Tyre Replacement,Medium,0,12,3,42.73
Mini Truck,3,140878,1,Battery Replacement,High,0,3,4,39.07
Van,4,133993,6,Battery Replacement,High,0,14,3,37.25
Bus,2,74754,1,Transmission Repair,Low,1,1,10,65.77
Van,8,327190,3,Oil Change,Low,1,13,1,8.34
Truck,2,63832,8,Oil Change,Medium,1,15,8,19.33
Mini Truck,6,262578,5,Electrical Repair,High,1,6,4,38.63
Bus,11,483913,12,Oil Change,Medium,1,13,2,25.99
Truck,8,383057,12,Tyre Replacement,Low,0,14,9,45.48
Van,6,268467,9,Battery Replacement,High,1,11,4,30.22
Truck,11,443916,0,Electrical Repair,Low,1,11,8,29.23
Van,10,377018,12,Brake Repair,Medium,1,15,8,33.18
Truck,12,501776,9,Engine Repair,High,0,14,9,106.1
Truck,3,140264,1,Transmission Repair,High,1,3,8,78.65
Truck,8,373707,7,Engine Repair,Low,0,13,2,65.04
Mini Truck,12,315320,5,Electrical Repair,Medium,1,4,5,35.85
Mini Truck,11,339538,4,Clutch Repair,High,1,2,6,56.5
Van,10,450890,2,Electrical Repair,Medium,1,11,9,34.11
Mini Truck,4,129301,4,Brake Repair,Medium,0,2,2,41.65
Van,12,360873,18,Electrical Repair,Low,1,7,10,44.56
Truck,5,133111,9,Clutch Repair,Low,1,7,6,33.59
Bus,11,341221,16,Engine Repair,Low,1,1,9,68.37
Mini Truck,6,187932,13,Transmission Repair,Low,1,11,8,69.24
Van,10,324289,4,Oil Change,High,1,5,9,43.42
Truck,5,236105,11,Battery Replacement,High,0,8,5,58.64
Truck,6,190029,13,Engine Repair,High,0,12,1,80.31
Mini Truck,12,505420,9,Tyre Replacement,Low,1,6,7,28.71
Mini Truck,6,252593,6,Brake Repair,High,1,5,4,37.45
Mini Truck,2,58578,5,Oil Change,High,1,8,3,26.84
Van,8,382440,15,Transmission Repair,Low,0,4,4,81.43
Bus,12,353450,4,Suspension Repair,Medium,0,15,1,44.9
Bus,8,247089,1,Brake Repair,High,1,10,7,38.31
Van,11,486809,7,Oil Change,Low,0,7,8,47.93
Van,11,471802,2,Battery Replacement,High,1,5,8,38.92
Bus,1,28932,1,Brake Repair,Low,1,11,9,16.72
Van,1,44229,9,Battery Replacement,Medium,0,13,10,39.24
Mini Truck,8,368977,13,Transmission Repair,High,0,2,6,105.59
Van,7,180176,12,Clutch Repair,High,1,2,9,54.51
Truck,4,186321,1,Tyre Replacement,High,0,1,9,68.04
Bus,2,52565,2,Engine Repair,High,0,2,9,87.75
Truck,2,58173,8,Transmission Repair,Medium,0,7,1,79.9
Bus,1,42021,4,Clutch Repair,Medium,0,10,8,53.54
Bus,10,391088,16,Engine Repair,High,0,11,1,91.04
Truck,4,118568,4,Engine Repair,Low,0,10,6,64.08
Van,12,521257,2,Clutch Repair,Medium,1,7,3,39.67
Mini Truck,8,221824,8,Suspension Repair,High,0,9,4,62.05
Bus,11,375992,11,Clutch Repair,High,0,7,3,76.78
Mini Truck,7,181792,7,Brake Repair,Medium,0,9,2,51.35
Mini Truck,2,71584,10,Brake Repair,Medium,1,13,5,22.36
Van,4,135867,0,Brake Repair,Medium,0,7,2,32.35
Van,9,415926,9,Battery Replacement,Low,1,12,10,26.36
Bus,9,296055,3,Oil Change,Low,1,13,7,18.29
Van,6,289377,8,Suspension Repair,Medium,0,5,1,61.8
Van,11,341253,4,Suspension Repair,High,1,1,6,51.5
Van,11,494280,14,Tyre Replacement,Medium,1,13,8,35.34
Bus,5,249861,6,Clutch Repair,High,0,5,2,69.2
Mini Truck,6,173629,10,Brake Repair,Low,0,2,3,52.85
Truck,2,98720,4,Clutch Repair,Medium,0,7,9,55.86
Mini Truck,8,335007,3,Suspension Repair,Low,0,15,1,44.83
Bus,4,196859,10,Clutch Repair,High,0,10,8,67.28
Van,3,84846,5,Tyre Replacement,High,1,1,7,38.72
Mini Truck,7,219691,11,Brake Repair,Medium,0,14,9,44.1
Bus,5,188324,4,Transmission Repair,Low,0,12,10,88.69
Van,5,246780,10,Clutch Repair,Low,1,15,10,34.96
Mini Truck,1,36657,0,Battery Replacement,Medium,1,6,2,9.24
Truck,6,198800,6,Electrical Repair,Low,0,7,8,44.05
Truck,9,359825,4,Suspension Repair,Low,1,1,3,28.94
Bus,4,161695,6,Electrical Repair,Medium,1,7,3,23.76
Bus,2,78742,10,Battery Replacement,Low,0,6,7,31.31
Bus,12,404052,3,Engine Repair,Medium,0,3,7,90.95
Bus,1,30253,3,Battery Replacement,High,1,2,7,30.41
Mini Truck,9,354910,4,Electrical Repair,Medium,1,3,2,30.08
Truck,1,29132,2,Electrical Repair,High,0,13,4,43.47
Bus,7,331522,0,Suspension Repair,Medium,1,5,8,32.86
Truck,7,239945,4,Clutch Repair,Low,0,5,2,49.79
Van,11,500002,6,Battery Replacement,High,0,12,9,62.1
Van,10,414864,4,Engine Repair,Low,0,7,1,68.05
Van,3,130876,0,Engine Repair,Low,0,7,7,76.76
Bus,12,421334,7,Electrical Repair,Medium,1,1,9,42.31
Mini Truck,11,302082,9,Brake Repair,Medium,1,5,6,34.37
Mini Truck,4,141922,0,Tyre Replacement,Low,0,1,6,32.67
Bus,8,273442,3,Suspension Repair,Low,1,8,6,27.27
Bus,5,139618,1,Oil Change,High,0,6,6,52.1
Bus,4,185229,4,Engine Repair,High,1,2,2,59.97
Van,11,338100,1,Engine Repair,Low,1,15,2,48.47
Truck,9,387269,10,Transmission Repair,High,1,13,4,80.38
Van,1,29188,3,Suspension Repair,High,1,15,9,36.31
Bus,6,267566,10,Brake Repair,Medium,0,8,7,54.07
Truck,3,110933,11,Tyre Replacement,Medium,0,10,1,32.03
Mini Truck,8,379488,16,Brake Repair,Low,1,13,9,28.05
Mini Truck,9,429307,12,Suspension Repair,High,1,4,3,53.08
Truck,3,149959,3,Oil Change,High,1,9,9,35.52
Bus,5,236735,3,Transmission Repair,High,1,9,2,71.49
Van,4,105978,8,Engine Repair,Medium,0,11,3,74.26
Van,5,239476,12,Oil Change,High,0,14,4,62.96
Truck,1,46254,5,Electrical Repair,Medium,0,12,9,44.01
Van,7,335296,9,Electrical Repair,Low,0,14,6,37.65
Bus,3,108552,0,Clutch Repair,High,0,12,7,68.37
Van,8,257839,10,Transmission Repair,Low,1,3,8,68.4
Van,12,527490,11,Tyre Replacement,Medium,0,8,3,52.78
Van,3,99754,9,Battery Replacement,High,0,11,5,44.04
Bus,3,98295,6,Engine Repair,Low,0,2,7,74.56
Mini Truck,11,486028,3,Clutch Repair,Low,0,10,2,58.53
Mini Truck,1,28605,0,Oil Change,Low,0,13,2,21.61
Van,11,282076,0,Brake Repair,High,1,14,2,33.81
Van,3,137970,9,Battery Replacement,Low,1,6,8,19.99
Van,4,107323,8,Transmission Repair,High,0,1,1,91.69
Bus,2,83524,6,Tyre Replacement,Low,0,1,4,38.8
Mini Truck,3,121309,10,Transmission Repair,Low,1,11,2,55.02
Mini Truck,3,89435,3,Brake Repair,Medium,1,2,10,28.87
Bus,2,73625,1,Oil Change,High,0,3,7,57.23
Bus,10,297543,13,Tyre Replacement,High,1,10,5,40.41
Bus,2,67766,7,Electrical Repair,Medium,0,13,1,28.49
Van,6,188739,6,Battery Replacement,High,1,14,2,26.49
Truck,10,362054,8,Tyre Replacement,Low,1,3,3,19.34
Mini Truck,6,233706,7,Suspension Repair,Medium,1,10,6,30.23
Van,11,403926,12,Suspension Repair,High,1,9,9,57.3
Mini Truck,9,365564,7,Suspension Repair,Low,1,9,10,38.54
Van,12,345744,7,Electrical Repair,Low,0,14,1,45.09
Mini Truck,3,89438,0,Electrical Repair,Medium,0,5,8,38.55
Mini Truck,4,127621,3,Oil Change,High,0,2,3,51.1
Truck,12,522669,11,Oil Change,High,0,11,10,64.81
Mini Truck,10,478190,5,Oil Change,Low,1,3,2,16.72
Van,2,50817,9,Suspension Repair,Low,0,8,3,46.86
Bus,8,307878,10,Battery Replacement,High,0,5,2,52.18
Truck,11,291839,19,Tyre Replacement,High,0,1,7,73.98
Mini Truck,9,411491,8,Clutch Repair,Medium,0,7,3,60.63
Truck,9,323975,4,Engine Repair,Medium,0,4,7,76.27
Truck,12,545595,15,Electrical Repair,High,1,14,7,50.85
Van,1,37172,6,Engine Repair,Medium,0,2,2,71.61
Bus,1,32848,4,Tyre Replacement,High,0,2,4,37.34
Bus,4,172311,3,Oil Change,Low,1,2,10,21.5
Truck,10,457152,15,Oil Change,Low,1,2,5,27.73
Truck,6,224030,6,Clutch Repair,Low,1,13,7,33.05
Bus,3,87763,5,Suspension Repair,High,0,9,3,48.53
Mini Truck,8,353710,1,Transmission Repair,Low,0,11,8,81.17
Truck,12,421409,6,Tyre Replacement,High,0,9,9,74.16
Bus,8,234392,10,Transmission Repair,Medium,1,1,7,75.59
Van,4,180004,9,Brake Repair,Low,1,2,1,16.24
Van,5,196714,13,Brake Repair,Medium,0,8,6,47.15
Bus,3,83934,4,Electrical Repair,Medium,0,2,3,48.44
Bus,8,267115,14,Tyre Replacement,Low,1,1,6,26.55
Bus,7,282225,4,Battery Replacement,Medium,1,6,2,17.22
Mini Truck,9,342988,8,Oil Change,High,0,12,4,62.7
Truck,3,88801,4,Suspension Repair,Low,1,14,2,11.48
Van,7,296183,2,Electrical Repair,Medium,1,11,9,34.36
Mini Truck,2,55624,2,Brake Repair,Medium,1,4,7,20.17
Bus,2,70793,5,Battery Replacement,Low,1,2,5,11.12
Mini Truck,1,42861,2,Battery Replacement,Low,0,6,10,26.39
Mini Truck,1,36845,6,Battery Replacement,Low,0,4,1,32.66
Bus,5,208320,2,Brake Repair,Low,0,5,7,33.59
Bus,12,536674,13,Clutch Repair,Low,1,3,1,42.06
Truck,7,264658,9,Tyre Replacement,Low,1,7,8,22.0
Mini Truck,9,405572,5,Suspension Repair,Medium,1,14,1,28.01
Van,2,97364,10,Tyre Replacement,Medium,1,1,3,18.4
Mini Truck,3,140463,5,Brake Repair,High,1,5,9,44.29
Truck,8,232956,14,Brake Repair,Low,0,12,4,44.75
Van,10,348974,6,Electrical Repair,Low,0,11,10,43.71
Bus,6,154244,4,Transmission Repair,High,0,12,8,107.21
Mini Truck,7,267203,11,Clutch Repair,Medium,1,2,3,41.7
Mini Truck,7,272811,5,Clutch Repair,High,0,9,7,75.96
Bus,11,504372,9,Brake Repair,Low,0,2,1,49.58
Truck,8,396593,3,Battery Replacement,High,0,11,5,59.05
Van,4,159589,8,Suspension Repair,Low,0,14,8,40.3
Bus,8,308248,12,Oil Change,Medium,0,9,5,48.31
Bus,5,234901,12,Suspension Repair,High,0,1,7,68.47
Truck,1,30025,5,Clutch Repair,High,1,6,3,39.99
Mini Truck,4,172841,6,Engine Repair,High,1,14,1,54.89
Mini Truck,3,126172,11,Tyre Replacement,Medium,1,9,3,18.29
Mini Truck,4,113051,11,Tyre Replacement,High,0,11,10,68.59
Bus,9,266694,10,Engine Repair,Low,0,1,7,69.96
Van,1,45253,8,Brake Repair,High,1,1,3,36.03
Mini Truck,11,462758,5,Engine Repair,High,0,5,4,105.48
Van,12,498236,8,Oil Change,Medium,0,15,3,35.38
Truck,2,80089,9,Brake Repair,Low,0,5,5,35.54
Truck,2,82390,5,Engine Repair,Medium,0,8,1,73.28
Truck,8,364018,2,Engine Repair,High,1,7,6,69.28
Mini Truck,3,98567,4,Oil Change,Low,0,2,6,36.98
Mini Truck,10,407284,17,Oil Change,Low,1,15,2,18.01
Van,10,257747,17,Oil Change,High,0,4,6,58.25
Van,1,35732,2,Engine Repair,Low,0,5,5,68.36
Van,2,72842,8,Transmission Repair,Medium,1,7,9,66.78
Mini Truck,4,132780,2,Engine Repair,High,1,7,2,59.4
Bus,3,101978,11,Battery Replacement,Medium,1,7,10,25.58
Bus,6,178195,9,Suspension Repair,Medium,0,10,6,56.35
Truck,8,243843,1,Clutch Repair,Medium,1,5,10,41.23
Bus,7,182848,3,Tyre Replacement,Medium,1,13,3,17.29
Bus,4,109521,3,Electrical Repair,Medium,0,13,6,39.06
Truck,6,152857,11,Electrical Repair,Low,1,10,6,19.64
Van,9,242363,12,Transmission Repair,High,0,9,4,98.97
Bus,12,339229,18,Suspension Repair,High,1,6,6,59.85
Van,4,106509,12,Battery Replacement,Medium,0,5,7,37.95
Truck,8,244863,10,Suspension Repair,Low,0,5,1,58.49
Truck,8,274544,4,Suspension Repair,Low,0,6,1,36.88
Mini Truck,2,77202,4,Transmission Repair,Medium,1,7,2,56.76
Bus,8,360516,1,Suspension Repair,Medium,1,8,2,27.79
Bus,10,276933,0,Engine Repair,Low,0,3,2,71.29
Mini Truck,4,122307,1,Engine Repair,High,1,14,9,65.18
Truck,12,327520,8,Oil Change,Low,0,5,2,40.55
Bus,12,498996,8,Tyre Replacement,Low,1,2,3,22.85
Bus,3,129171,10,Battery Replacement,High,0,9,9,56.13
Mini Truck,11,531955,8,Electrical Repair,High,1,4,2,42.29
Bus,5,218242,1,Electrical Repair,High,0,11,4,47.26
Truck,8,215798,6,Oil Change,High,0,8,7,53.65
Mini Truck,2,72311,3,Clutch Repair,High,1,13,5,39.65
Mini Truck,11,355739,16,Brake Repair,Low,0,15,6,54.63
Mini Truck,10,384601,6,Suspension Repair,Low,0,5,7,53.13
Bus,10,419969,3,Tyre Replacement,Medium,0,12,2,40.72
Truck,8,249028,8,Oil Change,Medium,1,6,5,22.81
Truck,9,247037,11,Suspension Repair,Low,0,7,9,60.44
Bus,1,39461,4,Electrical Repair,Low,0,11,7,43.32
Van,5,149831,6,Tyre Replacement,High,1,9,10,39.18
Mini Truck,9,338656,3,Oil Change,High,0,2,4,56.13
Truck,1,43849,4,Engine Repair,Low,0,5,4,67.23
Mini Truck,7,201556,7,Transmission Repair,Medium,0,3,4,92.5
Bus,12,450983,0,Brake Repair,Low,1,12,5,21.19
Van,3,116302,10,Brake Repair,Low,0,6,8,38.83
Truck,11,523827,13,Electrical Repair,Low,0,5,2,45.83
Truck,10,342312,15,Oil Change,Medium,0,8,2,40.74
Truck,10,428270,9,Engine Repair,High,0,13,3,86.4
Truck,5,230367,11,Electrical Repair,Medium,1,12,6,27.23
Bus,11,530062,8,Electrical Repair,Medium,0,14,6,52.64
Bus,9,428037,15,Brake Repair,Medium,0,3,7,54.21
Van,6,280503,0,Engine Repair,High,1,6,4,65.42
Truck,4,149516,10,Brake Repair,Medium,1,15,9,25.19
Van,5,244318,10,Electrical Repair,Medium,1,10,7,26.24
Bus,5,149978,0,Clutch Repair,High,1,14,10,49.68
Truck,7,294282,11,Transmission Repair,Low,0,8,3,93.73
Van,9,300964,17,Tyre Replacement,Medium,1,5,2,28.3
Bus,1,39872,0,Engine Repair,Medium,0,1,8,75.88
Truck,7,267341,0,Oil Change,Medium,0,6,5,48.54
Van,2,96740,4,Tyre Replacement,High,0,7,10,49.57
Bus,4,104212,7,Electrical Repair,Low,1,7,7,23.88
Truck,5,245611,4,Transmission Repair,Low,1,11,6,59.28
Van,11,379598,8,Tyre Replacement,Medium,0,5,5,44.63
Bus,10,493038,14,Clutch Repair,Low,1,13,7,42.47
Truck,3,144018,7,Electrical Repair,High,1,8,6,36.6
Mini Truck,8,310233,13,Battery Replacement,Low,0,13,7,37.89
Van,10,487724,9,Engine Repair,High,1,3,10,82.83
Bus,1,49750,6,Tyre Replacement,Medium,0,8,9,46.29
Truck,2,53584,4,Brake Repair,Medium,0,14,5,48.11
Mini Truck,12,473700,1,Brake Repair,High,0,12,4,65.44
Van,9,419097,15,Tyre Replacement,Low,0,5,5,38.45
Mini Truck,10,430296,6,Brake Repair,Low,0,3,10,48.08
Truck,4,126777,1,Battery Replacement,Low,1,7,1,7.64
Truck,5,178026,7,Tyre Replacement,Low,1,14,10,20.63
Mini Truck,11,339590,13,Tyre Replacement,High,0,3,3,61.35
Van,9,419422,17,Engine Repair,Medium,1,5,5,68.03
Truck,10,379227,11,Transmission Repair,Medium,1,12,2,71.87
Mini Truck,7,286367,4,Oil Change,Medium,1,2,10,31.78
Mini Truck,1,44023,4,Oil Change,High,1,1,6,30.66
Van,8,389547,14,Transmission Repair,Low,0,6,9,99.97
Van,6,287640,6,Clutch Repair,Low,0,11,3,49.05
Bus,8,387480,4,Transmission Repair,High,1,15,7,80.76
Truck,11,528621,12,Battery Replacement,High,0,10,9,74.57
Bus,3,117477,9,Electrical Repair,High,1,2,1,34.2
Truck,12,383455,7,Brake Repair,High,0,8,8,70.25
Van,12,424055,3,Tyre Replacement,High,1,13,7,41.3
Truck,1,45050,4,Brake Repair,Low,0,8,6,25.71
Van,6,178222,11,Battery Replacement,Medium,0,11,10,58.66
Van,4,133095,7,Battery Replacement,High,1,4,4,31.76
Van,7,313550,6,Brake Repair,High,0,11,2,47.98
Truck,3,75686,5,Suspension Repair,High,0,6,3,63.28
Mini Truck,4,127194,9,Battery Replacement,High,1,6,10,39.28
Van,2,78762,6,Suspension Repair,Low,0,3,9,46.47
Truck,2,82683,3,Oil Change,High,1,1,4,29.93
Bus,5,176173,11,Electrical Repair,Low,0,5,2,51.92
Van,9,385234,16,Transmission Repair,Medium,0,9,2,104.49
Mini Truck,5,210620,0,Oil Change,Medium,1,5,4,16.88
Bus,1,29564,3,Clutch Repair,High,1,15,1,36.88
Van,8,219113,1,Electrical Repair,Low,1,10,10,26.39
Truck,9,350507,4,Transmission Repair,High,0,2,1,105.53
Van,11,458635,13,Battery Replacement,Medium,0,1,1,39.56
Van,9,384419,12,Oil Change,High,1,1,7,45.14
Mini Truck,12,365660,13,Suspension Repair,High,0,2,8,73.58
Bus,6,200763,5,Suspension Repair,Low,0,4,2,52.65
Truck,4,154141,11,Clutch Repair,High,0,13,1,61.66
Truck,2,53712,2,Battery Replacement,Low,1,1,6,12.54
Bus,10,421759,7,Transmission Repair,Low,1,8,2,63.99
Truck,2,66397,8,Engine Repair,Medium,1,15,4,49.85
Mini Truck,12,458711,11,Clutch Repair,Medium,0,9,5,70.49
Truck,1,36358,6,Battery Replacement,Medium,0,4,3,39.49
Van,5,222243,8,Engine Repair,Low,1,12,3,40.21
Truck,4,191533,7,Battery Replacement,Low,0,8,1,30.58
Bus,10,350709,9,Brake Repair,Low,1,14,10,26.67
Mini Truck,8,204941,12,Suspension Repair,Medium,0,4,4,59.6
Van,11,501012,17,Oil Change,High,1,1,9,51.27
Bus,1,44947,5,Transmission Repair,High,0,13,1,84.25
Mini Truck,7,189973,3,Clutch Repair,Medium,1,14,9,40.18
Mini Truck,7,325104,8,Tyre Replacement,Medium,1,12,4,23.77
Van,1,34197,4,Brake Repair,Low,1,6,10,18.59
Mini Truck,1,45170,4,Electrical Repair,Medium,1,13,10,19.87
Truck,2,70112,9,Electrical Repair,Medium,0,8,8,38.91
Mini Truck,1,40284,0,Electrical Repair,Medium,0,7,1,44.49
Truck,5,242577,9,Clutch Repair,Medium,0,8,3,52.67
Bus,5,238908,7,Tyre Replacement,Low,0,3,10,38.06
Van,2,92899,0,Tyre Replacement,High,1,10,6,27.3
Truck,9,413051,7,Oil Change,High,1,5,1,35.29
Bus,9,413303,1,Engine Repair,Medium,0,2,9,90.97
Truck,9,245303,7,Engine Repair,Medium,1,14,7,56.71
Truck,11,498595,9,Tyre Replacement,Low,1,10,6,27.48
Bus,7,345912,11,Battery Replacement,Medium,0,3,6,41.84
Bus,3,78346,1,Engine Repair,Medium,1,4,7,53.13
Truck,11,353682,12,Brake Repair,Low,0,10,9,60.17
Mini Truck,9,417163,3,Clutch Repair,Low,1,11,9,37.29
Mini Truck,6,220564,3,Transmission Repair,Low,1,4,6,60.94
Van,8,282527,3,Engine Repair,Medium,1,6,2,52.58
Bus,9,357551,2,Electrical Repair,High,1,10,4,42.4
Mini Truck,7,235231,4,Clutch Repair,Low,1,11,10,33.81
Van,10,318230,9,Electrical Repair,Medium,0,2,7,59.76
Van,10,379551,6,Tyre Replacement,Medium,0,3,2,53.14
Bus,9,411484,15,Brake Repair,Low,0,14,7,39.9
Van,2,58675,8,Clutch Repair,Medium,1,6,3,30.35
Mini Truck,12,591997,7,Transmission Repair,Low,1,15,6,70.9
Truck,12,323717,2,Electrical Repair,Medium,1,11,8,32.63
Mini Truck,5,224308,7,Tyre Replacement,High,0,12,10,70.6
Truck,3,76020,9,Electrical Repair,High,1,7,6,40.02
Mini Truck,3,141672,11,Transmission Repair,Low,0,5,8,86.74
Truck,10,385706,16,Clutch Repair,Medium,1,6,7,54.87
Bus,3,93769,0,Engine Repair,Medium,1,10,10,53.13
Bus,2,72763,4,Tyre Replacement,Low,1,5,8,17.21
Mini Truck,4,122193,4,Transmission Repair,High,0,15,4,92.22
Van,2,63555,8,Clutch Repair,Low,0,10,1,53.14
Van,1,41002,0,Electrical Repair,Low,1,10,7,17.43
Mini Truck,9,258076,14,Transmission Repair,Low,0,8,7,97.74
Bus,2,58966,4,Brake Repair,Medium,0,12,4,29.08
Bus,3,141461,5,Transmission Repair,Medium,0,12,6,77.23
Mini Truck,2,96209,8,Electrical Repair,Low,0,11,1,29.11
Van,10,348620,7,Engine Repair,Medium,1,3,8,70.21
Van,12,560427,9,Tyre Replacement,Low,0,9,4,36.58
Mini Truck,2,82157,8,Engine Repair,High,0,1,7,88.39
Mini Truck,11,398058,11,Battery Replacement,High,0,15,5,58.15
Bus,11,529311,15,Suspension Repair,High,1,9,8,55.7
Bus,2,64347,1,Transmission Repair,Medium,1,6,4,57.6
Mini Truck,2,61547,7,Electrical Repair,High,0,6,7,56.82
Mini Truck,8,357563,13,Engine Repair,Low,1,5,9,60.86
Van,7,190939,10,Transmission Repair,High,1,7,7,82.72
Mini Truck,7,279511,8,Oil Change,Medium,1,12,4,21.87
Bus,11,298922,9,Battery Replacement,Medium,0,10,3,55.56
Van,11,332837,19,Electrical Repair,Low,0,12,1,51.57
Truck,12,474738,11,Clutch Repair,Low,0,9,4,64.44
Van,3,145215,6,Engine Repair,Medium,0,15,6,71.14
Mini Truck,4,172476,11,Engine Repair,Low,0,14,1,67.28
Truck,9,329316,15,Oil Change,Low,1,5,1,22.3
Van,11,404661,1,Transmission Repair,High,0,14,7,106.2
Van,12,441557,2,Brake Repair,Low,1,1,1,21.41
Van,2,98226,9,Suspension Repair,Low,1,13,6,24.34
Mini Truck,9,419899,0,Transmission Repair,Medium,1,4,2,67.51
Bus,11,522149,12,Transmission Repair,Medium,0,4,7,111.43
Bus,8,274559,16,Engine Repair,Medium,0,8,7,92.38
Truck,8,258736,0,Suspension Repair,Low,1,6,8,27.7
Truck,11,437849,10,Tyre Replacement,High,0,2,9,68.93
Van,8,355558,7,Brake Repair,Low,1,10,8,25.97
Van,1,41168,4,Suspension Repair,Medium,1,14,3,20.05
Truck,6,298193,9,Suspension Repair,Low,1,12,4,27.74
Mini Truck,9,356023,10,Engine Repair,Medium,1,12,8,64.38
Truck,2,77898,1,Suspension Repair,Low,0,3,9,41.46
Van,4,157357,1,Oil Change,Medium,1,3,9,25.92
Mini Truck,3,146707,6,Suspension Repair,Low,1,2,7,26.44
Bus,12,442138,16,Electrical Repair,High,1,10,3,46.24
Van,5,193583,10,Engine Repair,High,1,9,10,72.25
Bus,8,321341,6,Electrical Repair,High,0,3,9,72.18
Truck,6,259131,2,Tyre Replacement,Medium,0,1,5,45.6
Van,12,349203,17,Battery Replacement,Medium,0,1,10,65.99
Van,2,72967,10,Clutch Repair,Low,1,11,1,21.79
Van,5,162249,13,Suspension Repair,High,1,6,10,52.17
Mini Truck,5,198546,8,Engine Repair,Low,0,2,4,71.0
Van,5,198880,1,Tyre Replacement,High,1,6,10,39.72
Bus,12,548201,6,Tyre Replacement,Low,0,4,2,39.8
Van,3,137320,0,Electrical Repair,Low,0,3,9,47.11
Mini Truck,11,522300,10,Transmission Repair,High,0,4,9,118.79
Mini Truck,7,299381,11,Transmission Repair,High,1,9,2,79.66
Van,3,111403,11,Tyre Replacement,Medium,1,8,5,20.82
Truck,9,339141,11,Tyre Replacement,Low,1,14,8,27.11
Bus,12,522338,6,Clutch Repair,Low,1,6,3,38.31
Truck,4,157944,5,Clutch Repair,Low,0,10,5,51.25
Truck,6,216521,8,Oil Change,High,1,1,5,38.39
Mini Truck,7,186512,8,Transmission Repair,High,0,10,1,104.11
Mini Truck,8,245553,15,Clutch Repair,Low,0,6,1,49.62
Van,3,85855,6,Brake Repair,Low,1,11,1,6.56
Bus,2,85657,4,Engine Repair,High,0,6,6,81.66
Bus,9,228714,12,Suspension Repair,High,0,2,4,76.58
Van,12,439794,2,Tyre Replacement,Medium,0,5,10,51.94
Mini Truck,3,75422,4,Transmission Repair,High,1,2,6,79.33
Mini Truck,10,469180,2,Battery Replacement,Low,0,15,2,31.77
Truck,3,116615,9,Oil Change,Low,0,4,6,42.31
Truck,12,429358,9,Engine Repair,High,0,5,1,96.31
Bus,3,111564,2,Electrical Repair,Medium,0,14,4,41.52
Van,3,113657,4,Battery Replacement,Medium,0,8,6,48.62
Bus,6,287112,7,Tyre Replacement,Low,1,3,9,29.87
Van,12,527464,11,Transmission Repair,Low,1,12,9,76.41
Bus,2,83637,3,Transmission Repair,Low,1,5,1,47.71
Truck,9,397577,5,Battery Replacement,Low,1,10,6,20.98
Bus,10,349066,18,Oil Change,Medium,0,11,6,44.65
Van,7,299648,10,Electrical Repair,High,0,3,6,69.78
Van,8,343334,5,Oil Change,Medium,1,10,10,30.68
Mini Truck,12,509365,15,Engine Repair,Medium,1,10,6,67.72
Mini Truck,11,485319,9,Oil Change,Low,0,7,7,44.0
Mini Truck,10,257485,5,Clutch Repair,Low,1,15,10,37.66
Van,10,447092,4,Tyre Replacement,High,1,13,1,29.87
Truck,5,228922,12,Tyre Replacement,Medium,1,7,3,21.23
Mini Truck,1,46581,2,Engine Repair,Low,1,5,2,40.04
Van,4,126649,6,Brake Repair,High,0,3,9,68.31
Truck,8,241767,11,Brake Repair,Medium,1,12,4,27.51
Mini Truck,11,472285,14,Engine Repair,Low,1,3,6,60.73
Van,7,260750,9,Suspension Repair,High,1,9,2,42.6
Bus,8,375604,0,Engine Repair,High,0,13,4,89.55
Bus,6,281453,13,Oil Change,High,1,15,2,29.49
Van,3,140529,3,Oil Change,Low,1,7,2,6.84
Bus,7,346453,5,Suspension Repair,Low,1,5,7,30.69
Mini Truck,1,33553,6,Tyre Replacement,Low,1,11,9,12.87
Truck,8,221663,11,Brake Repair,High,1,13,1,35.51
Van,6,183748,9,Clutch Repair,Medium,1,1,8,44.9
Mini Truck,7,189289,9,Suspension Repair,Medium,0,10,8,65.23
Bus,8,386652,10,Clutch Repair,Medium,0,13,3,61.19
Mini Truck,11,316947,4,Oil Change,Medium,1,4,9,31.19
Mini Truck,7,187725,14,Transmission Repair,Low,0,14,8,94.72
Bus,1,44638,5,Transmission Repair,Medium,1,11,5,59.1
Truck,9,295054,5,Transmission Repair,Medium,1,1,8,80.1
Bus,5,208359,0,Brake Repair,Medium,0,9,7,41.78
Van,2,85060,1,Tyre Replacement,High,0,11,8,55.4
Bus,6,270070,11,Engine Repair,High,1,1,2,71.07
Bus,6,160036,2,Brake Repair,Medium,0,6,5,45.66
Mini Truck,1,31027,4,Brake Repair,Medium,0,13,4,41.59
Bus,5,205685,8,Clutch Repair,Low,0,6,10,62.61
Van,7,247033,5,Transmission Repair,High,0,10,7,101.2
Bus,5,125662,6,Engine Repair,Low,1,11,3,42.65
Bus,5,185613,9,Electrical Repair,Low,0,4,1,45.17
Van,2,90067,4,Battery Replacement,High,1,11,10,31.97
Bus,9,326984,15,Clutch Repair,Low,1,6,6,41.74
Bus,8,239787,14,Battery Replacement,Low,0,11,7,45.58
Mini Truck,1,46649,9,Brake Repair,High,1,9,6,37.98
Truck,4,198043,8,Electrical Repair,Medium,1,13,6,29.9
Mini Truck,11,520041,0,Tyre Replacement,High,0,10,6,71.22
Mini Truck,7,181136,9,Clutch Repair,High,1,4,7,57.46
Van,7,334153,3,Brake Repair,Medium,0,4,2,54.63
Bus,3,95855,11,Suspension Repair,High,1,6,4,43.22
Mini Truck,10,323106,10,Electrical Repair,High,0,11,6,72.53
Mini Truck,4,152948,7,Battery Replacement,Medium,1,3,3,17.29
Mini Truck,5,125437,8,Electrical Repair,Medium,0,11,2,45.45
Mini Truck,7,282556,6,Oil Change,High,0,3,10,70.89
Truck,10,399575,13,Oil Change,Medium,0,3,10,64.39
Truck,6,155955,11,Suspension Repair,High,0,14,3,67.55
Bus,12,425470,5,Battery Replacement,High,0,6,3,60.77
Truck,1,31783,9,Battery Replacement,Medium,0,11,10,48.39
Van,3,135477,8,Brake Repair,High,1,14,3,33.01
Van,8,389280,2,Oil Change,High,0,11,7,61.71
Mini Truck,7,193445,13,Transmission Repair,High,0,12,10,116.85
Truck,8,326040,1,Transmission Repair,Medium,0,6,7,97.43
Mini Truck,7,207520,3,Tyre Replacement,Medium,0,12,3,36.54
Mini Truck,11,453171,4,Engine Repair,Medium,0,5,2,79.77
Truck,8,385881,15,Engine Repair,Medium,1,5,8,67.92
Bus,8,383385,8,Transmission Repair,High,0,13,3,97.96
Bus,1,32242,5,Electrical Repair,High,1,5,3,32.78
Bus,8,386929,14,Transmission Repair,Low,0,3,10,96.02
Mini Truck,5,208461,3,Oil Change,Low,1,3,10,25.09
Truck,5,172731,11,Clutch Repair,High,1,8,10,59.47
Van,6,190862,9,Clutch Repair,Medium,1,7,8,43.97
Van,9,351367,5,Battery Replacement,Medium,0,11,2,40.96
Van,5,152057,3,Tyre Replacement,Medium,0,11,4,37.9
Mini Truck,8,349266,0,Clutch Repair,Low,0,6,1,50.05
Truck,6,283016,1,Transmission Repair,High,0,13,1,98.41
Van,4,133563,12,Tyre Replacement,High,0,4,8,61.1
Truck,10,319668,17,Transmission Repair,Low,0,12,2,84.58
Bus,1,31806,3,Engine Repair,High,1,8,2,55.04
Truck,6,169150,3,Battery Replacement,Low,1,2,8,17.35
Van,2,85544,9,Engine Repair,High,1,5,10,72.24
Truck,10,362657,3,Battery Replacement,High,0,10,10,64.59
Truck,5,223901,6,Transmission Repair,Medium,0,6,9,100.19
Bus,11,432096,8,Clutch Repair,Low,1,5,9,44.53
Bus,11,505709,3,Tyre Replacement,Medium,0,6,9,59.73
Mini Truck,3,98435,1,Suspension Repair,High,1,2,8,40.29
Bus,11,370764,6,Brake Repair,Low,0,5,9,53.23
Bus,9,348699,3,Transmission Repair,High,0,10,3,99.02
Van,4,151935,12,Tyre Replacement,Low,0,6,9,47.68
Mini Truck,12,441234,7,Transmission Repair,Medium,1,6,3,67.27
Bus,6,242781,13,Electrical Repair,Medium,1,7,10,37.87
Mini Truck,7,176487,12,Oil Change,Medium,1,11,3,24.41
Mini Truck,5,127553,13,Engine Repair,Low,1,5,6,56.9
Truck,6,262066,12,Suspension Repair,Medium,0,13,4,58.51
Mini Truck,5,139003,1,Engine Repair,Low,1,12,8,46.29
Mini Truck,1,46607,6,Battery Replacement,Low,1,10,10,16.2
Mini Truck,1,28323,0,Electrical Repair,Medium,1,8,5,16.39
Truck,8,235201,2,Electrical Repair,High,1,14,3,34.66
Van,10,328343,18,Engine Repair,High,0,8,4,99.82
Bus,9,364205,9,Oil Change,Low,0,14,6,45.0
Mini Truck,12,412623,5,Electrical Repair,Medium,0,8,6,56.63
Van,11,410804,8,Oil Change,Low,0,11,7,48.2
Mini Truck,8,212591,16,Oil Change,High,1,1,10,47.37
Mini Truck,1,41522,5,Clutch Repair,Medium,1,10,6,29.86
Truck,12,339611,18,Brake Repair,High,0,9,3,73.84
Truck,10,491827,14,Engine Repair,Low,1,14,5,57.55
Mini Truck,8,393707,4,Electrical Repair,Low,0,11,10,52.76
Mini Truck,9,429764,13,Oil Change,Medium,1,1,10,36.99
Mini Truck,1,25279,3,Electrical Repair,Medium,0,5,4,52.74
Bus,9,344997,6,Electrical Repair,High,0,4,3,59.41
Bus,3,88224,0,Clutch Repair,High,0,13,3,66.94
Bus,2,71460,5,Engine Repair,High,0,4,5,79.22
Mini Truck,5,155537,3,Electrical Repair,Low,0,15,8,29.61
Mini Truck,1,39547,3,Suspension Repair,Low,1,8,7,22.36
Van,4,149873,9,Brake Repair,Low,0,9,10,54.07
Truck,3,102477,1,Battery Replacement,High,1,12,6,26.36
Mini Truck,4,127568,1,Clutch Repair,Medium,1,5,9,38.81
Truck,8,204232,0,Suspension Repair,Medium,1,14,2,24.47
Bus,6,231259,13,Brake Repair,Medium,1,4,2,23.49
Mini Truck,8,204154,8,Electrical Repair,Low,0,14,4,35.98
Truck,3,142976,2,Tyre Replacement,High,1,13,1,23.52
Truck,10,460339,6,Transmission Repair,Medium,1,14,3,65.39
Mini Truck,3,97890,8,Tyre Replacement,High,0,6,2,46.17
Truck,8,253497,9,Suspension Repair,High,1,15,5,41.22
Bus,1,25846,5,Oil Change,Medium,0,12,3,36.59
Truck,9,323837,16,Tyre Replacement,Low,0,1,6,47.77
Truck,7,192386,3,Battery Replacement,Medium,1,14,9,19.89
Mini Truck,3,75094,4,Battery Replacement,Medium,1,3,6,22.08
Bus,10,425225,3,Battery Replacement,Medium,0,3,4,52.28
Van,3,104563,10,Brake Repair,High,0,12,7,56.13
Truck,4,129651,4,Tyre Replacement,High,1,6,8,35.9
Bus,3,117984,6,Electrical Repair,High,0,10,1,56.18
Truck,4,123877,0,Tyre Replacement,High,0,14,4,40.01
Mini Truck,6,153070,9,Battery Replacement,Medium,1,4,10,30.35
Mini Truck,8,256318,14,Transmission Repair,High,1,2,5,88.52
Bus,6,198842,4,Electrical Repair,Medium,1,11,2,22.37
Bus,9,293908,2,Electrical Repair,Medium,0,9,3,40.79
Van,8,229133,3,Clutch Repair,High,1,3,6,52.06
Bus,8,314337,2,Clutch Repair,Low,1,14,9,32.99
Van,3,104079,0,Engine Repair,High,1,9,10,67.01
Van,10,475424,16,Clutch Repair,Low,1,9,4,38.21
Van,6,191615,1,Tyre Replacement,High,0,14,3,49.67
Mini Truck,4,136493,0,Suspension Repair,Medium,1,15,9,29.14
Mini Truck,8,322684,10,Tyre Replacement,High,1,1,2,39.63
Bus,12,591376,9,Engine Repair,High,0,1,7,93.99
Van,8,242009,7,Suspension Repair,Low,1,7,10,32.5
Van,4,145928,1,Engine Repair,Medium,0,15,7,66.5
Van,4,158114,2,Transmission Repair,Medium,0,11,2,90.1
Bus,9,251899,15,Engine Repair,High,1,5,2,71.86
Mini Truck,3,84227,11,Electrical Repair,Medium,0,7,5,39.99
Mini Truck,7,328348,5,Battery Replacement,Medium,0,9,2,32.02
Bus,4,187151,7,Suspension Repair,Medium,0,11,2,47.52
Bus,5,208920,8,Electrical Repair,Medium,1,6,2,23.0
Truck,2,96733,7,Engine Repair,High,1,4,10,69.87
Mini Truck,11,414331,3,Battery Replacement,High,1,10,9,41.18
Mini Truck,1,44715,1,Brake Repair,High,0,2,4,51.24
Mini Truck,7,185450,11,Battery Replacement,Medium,0,7,7,39.5
Van,10,297379,0,Electrical Repair,Low,1,15,7,25.32
Truck,12,539402,8,Electrical Repair,High,1,6,4,48.44
Bus,8,212530,10,Battery Replacement,High,1,13,3,31.72
Van,9,427062,17,Electrical Repair,High,1,13,6,47.99
Van,8,223296,10,Electrical Repair,High,0,6,5,55.61
Truck,11,487895,10,Battery Replacement,High,0,13,7,62.35
Bus,12,554510,11,Electrical Repair,Medium,1,13,3,33.19
Van,6,154175,1,Engine Repair,High,1,15,9,66.18
Bus,9,366100,5,Suspension Repair,High,0,4,2,64.75
Mini Truck,5,144105,11,Electrical Repair,High,1,7,3,38.64
Mini Truck,2,98253,4,Brake Repair,Medium,0,8,1,32.18
Van,11,418543,0,Battery Replacement,Low,0,4,4,43.73
Van,3,76627,4,Engine Repair,Low,1,14,8,48.26
Mini Truck,9,369500,6,Suspension Repair,Low,1,11,10,34.72
Mini Truck,12,437097,11,Transmission Repair,Medium,1,6,4,73.39
Bus,9,318604,2,Tyre Replacement,Medium,0,13,9,58.72
Van,2,83256,7,Clutch Repair,Medium,0,13,10,55.4
Bus,12,590493,7,Battery Replacement,Medium,0,8,10,66.55
Mini Truck,10,364343,2,Tyre Replacement,Low,1,9,1,15.5
Bus,8,385154,4,Brake Repair,High,1,2,5,41.06
Bus,12,314458,19,Battery Replacement,Medium,0,7,4,61.21
Bus,9,407768,9,Electrical Repair,Low,1,3,9,34.41
Bus,1,44975,0,Electrical Repair,High,0,13,2,40.36
Mini Truck,12,384519,6,Engine Repair,High,0,14,3,81.71
Mini Truck,12,362652,10,Brake Repair,Low,1,10,7,27.63
Mini Truck,7,299363,4,Electrical Repair,Low,0,5,6,40.11
Mini Truck,5,190494,1,Tyre Replacement,Medium,1,4,4,21.06
Bus,11,317765,10,Battery Replacement,Low,1,1,10,30.91
Truck,9,240504,11,Brake Repair,Low,0,9,1,30.0
Bus,7,255285,0,Electrical Repair,Low,0,4,10,52.64
Van,9,282245,11,Brake Repair,High,0,10,6,74.17
Van,8,385170,5,Clutch Repair,Low,1,1,10,47.48
Truck,9,433049,3,Transmission Repair,Medium,0,6,3,96.4
Van,2,82614,3,Tyre Replacement,High,1,8,9,33.47
Mini Truck,8,230508,2,Electrical Repair,Low,1,3,4,24.53
Mini Truck,4,152990,0,Electrical Repair,Low,1,13,10,20.37
Truck,9,248842,10,Clutch Repair,High,1,13,9,58.09
Van,5,166984,2,Battery Replacement,Low,1,11,7,11.25
Mini Truck,7,273845,2,Battery Replacement,Low,1,2,6,19.2
Mini Truck,10,351923,9,Battery Replacement,Medium,0,9,1,39.34
Truck,5,241928,9,Clutch Repair,Low,1,12,1,27.39
Truck,1,34926,6,Engine Repair,Medium,0,14,7,80.02
Van,9,322209,1,Engine Repair,Low,1,3,4,56.1
Bus,2,96794,3,Battery Replacement,Low,0,1,7,33.93
Truck,5,125621,3,Electrical Repair,Low,1,14,4,15.01
Bus,7,186732,4,Tyre Replacement,High,0,10,5,58.36
Bus,4,185634,11,Transmission Repair,Medium,0,7,7,94.15
Bus,4,163991,4,Oil Change,High,1,1,8,37.52
Van,11,391902,2,Brake Repair,Low,0,15,8,37.53
Van,9,310820,5,Transmission Repair,High,1,5,9,88.85
Bus,5,237133,9,Transmission Repair,Low,0,7,4,77.91
Mini Truck,4,116661,8,Oil Change,Medium,1,2,2,16.15
Van,1,37716,2,Brake Repair,High,0,4,7,58.96
Mini Truck,12,374846,14,Oil Change,High,0,13,4,64.98
Truck,10,253725,4,Electrical Repair,Medium,0,6,8,52.3
Truck,7,274623,4,Transmission Repair,High,0,4,3,92.4
Bus,11,505095,0,Battery Replacement,Low,0,10,9,43.34
Van,3,146712,5,Oil Change,Low,0,7,9,48.86
Truck,10,438870,5,Electrical Repair,Medium,0,3,2,49.24
Truck,7,175896,1,Suspension Repair,High,0,14,4,48.46
Truck,1,46261,7,Suspension Repair,Medium,1,8,4,23.75
Mini Truck,10,315547,11,Battery Replacement,Medium,0,8,9,57.84
Van,3,112599,10,Tyre Replacement,Medium,1,15,3,16.52
Bus,12,310977,13,Transmission Repair,Low,0,8,7,101.63
Van,7,207774,11,Engine Repair,Medium,1,15,7,57.54
Mini Truck,12,537141,14,Suspension Repair,Medium,1,6,6,44.59
Mini Truck,3,144459,3,Engine Repair,Low,0,10,4,63.7
Mini Truck,9,425271,13,Electrical Repair,High,1,4,7,54.68
Van,8,228481,14,Transmission Repair,High,1,1,4,85.84
Van,6,294623,14,Tyre Replacement,High,1,15,9,43.88
Mini Truck,3,133062,0,Engine Repair,Medium,0,5,10,75.77
Mini Truck,10,454959,6,Tyre Replacement,Medium,1,8,4,28.55
Van,8,282893,16,Oil Change,High,0,13,2,47.77
Truck,1,26728,5,Brake Repair,Medium,1,4,3,18.67
Van,5,235189,1,Electrical Repair,High,1,10,8,39.2
Mini Truck,6,195932,4,Transmission Repair,Low,0,15,3,69.85
Mini Truck,2,84885,9,Suspension Repair,Low,1,12,5,21.3
Van,2,93507,2,Battery Replacement,Low,0,3,7,38.08
Mini Truck,8,244684,0,Electrical Repair,Medium,0,8,1,50.32
Bus,6,172284,14,Electrical Repair,Low,0,3,10,53.39
Mini Truck,3,89545,10,Engine Repair,High,1,5,2,63.3
Bus,10,459536,15,Oil Change,High,1,3,6,47.26
Bus,4,167295,4,Clutch Repair,Low,1,6,3,25.86
Truck,11,400202,9,Transmission Repair,Medium,1,6,1,71.38
Bus,12,540169,2,Electrical Repair,High,0,3,10,64.85
Truck,5,174895,3,Battery Replacement,Medium,1,1,5,23.09
Mini Truck,6,246152,12,Clutch Repair,Medium,1,12,6,37.57
Van,6,218573,8,Engine Repair,Medium,1,5,2,53.84
Mini Truck,11,319457,10,Clutch Repair,Low,0,13,3,52.57
Van,2,61606,5,Brake Repair,Low,0,13,2,20.12
Truck,12,307050,10,Brake Repair,Low,1,11,6,25.72
Truck,10,281975,1,Tyre Replacement,Low,0,3,2,30.75
Truck,7,236099,6,Oil Change,High,0,7,6,64.32
Van,8,251720,15,Tyre Replacement,Medium,1,12,10,34.32
Truck,8,248477,16,Oil Change,Low,0,4,5,40.76
Van,12,365017,2,Engine Repair,Low,1,13,4,51.52
Van,7,341539,9,Suspension Repair,High,1,4,7,53.23
Bus,6,213116,8,Oil Change,High,1,5,3,33.65
Truck,1,27057,7,Electrical Repair,High,0,10,7,49.19
Mini Truck,1,49388,1,Electrical Repair,High,1,12,10,37.34
Truck,10,318796,10,Battery Replacement,Medium,1,6,8,35.99
Bus,8,282175,6,Engine Repair,High,0,1,6,98.36
Mini Truck,8,285031,12,Battery Replacement,Medium,1,3,3,24.0
Mini Truck,7,181417,4,Electrical Repair,Medium,0,7,6,42.63
Mini Truck,11,365586,4,Tyre Replacement,Low,0,1,7,52.92
Van,5,169212,3,Oil Change,Medium,1,3,5,16.15
Bus,4,124896,7,Battery Replacement,Medium,1,14,3,15.94
Mini Truck,11,306331,11,Brake Repair,Low,1,12,8,27.89
Bus,3,105821,8,Battery Replacement,Low,1,8,1,7.38
Bus,11,358153,10,Transmission Repair,High,1,10,2,82.65
Van,9,298897,10,Electrical Repair,High,0,6,10,79.17
Truck,1,39649,5,Suspension Repair,Low,0,6,4,41.92
Mini Truck,5,197744,5,Electrical Repair,High,0,15,3,53.51
Van,12,424265,7,Battery Replacement,High,1,15,1,33.67
Bus,9,250056,12,Tyre Replacement,High,1,2,9,47.08
Mini Truck,8,357967,8,Brake Repair,Medium,1,13,4,27.46
Bus,12,375016,11,Oil Change,Medium,0,4,1,49.78
Bus,10,376498,17,Tyre Replacement,Medium,1,8,6,31.99
Van,11,373668,19,Brake Repair,Medium,0,12,4,64.61
Bus,4,149284,6,Oil Change,Medium,1,4,3,16.92
Bus,1,25944,6,Brake Repair,Medium,1,13,3,16.38
Mini Truck,11,475288,17,Tyre Replacement,High,1,13,6,46.39
Truck,5,184761,4,Engine Repair,High,1,5,3,67.42
Van,6,154444,1,Oil Change,Medium,1,6,3,15.9
Bus,12,496623,17,Oil Change,High,1,11,6,45.77
Mini Truck,3,117809,9,Oil Change,High,1,6,10,38.64
Truck,9,239643,4,Battery Replacement,Low,0,3,3,30.69
Van,12,423214,2,Electrical Repair,Medium,1,2,7,38.73
Bus,2,82273,6,Clutch Repair,Low,1,11,7,24.89
Van,9,440704,2,Engine Repair,Medium,0,2,5,77.2
Van,1,46127,8,Oil Change,Low,0,8,1,16.23
Van,4,120005,2,Clutch Repair,Medium,1,7,7,37.6
Truck,9,425680,9,Battery Replacement,Low,1,9,2,20.38
Truck,4,177289,0,Engine Repair,Low,1,1,6,48.16
Truck,10,481118,11,Clutch Repair,Low,1,4,3,38.27
Truck,11,422543,8,Clutch Repair,Medium,1,3,4,45.17
Bus,6,201320,5,Transmission Repair,Medium,0,11,5,93.74
Truck,8,358169,16,Suspension Repair,Low,0,2,1,52.63
Truck,12,407784,6,Transmission Repair,High,0,15,10,111.15
Bus,8,214252,7,Transmission Repair,Low,0,5,1,79.29
Van,6,204094,7,Suspension Repair,High,1,8,7,47.24
Van,8,325875,9,Engine Repair,Low,0,15,1,57.84
Truck,1,33986,0,Transmission Repair,Medium,1,12,10,65.34
Van,2,53508,5,Engine Repair,High,0,7,6,72.23
Bus,7,346344,0,Transmission Repair,Low,0,5,3,80.32
Mini Truck,4,115771,10,Oil Change,Medium,0,1,2,32.25
Van,8,351985,8,Transmission Repair,Low,1,2,3,61.36
Van,2,76053,10,Suspension Repair,Low,0,8,7,52.28
Mini Truck,3,76739,9,Oil Change,High,0,13,5,52.71
Mini Truck,4,135033,0,Transmission Repair,Low,0,12,8,69.88
Truck,10,468993,13,Clutch Repair,High,1,13,4,57.1
Truck,5,172714,1,Electrical Repair,Medium,1,9,3,23.75
Bus,11,469653,17,Clutch Repair,Low,1,12,6,45.63
Mini Truck,3,127662,5,Battery Replacement,Medium,1,3,8,26.66
Mini Truck,6,263170,1,Transmission Repair,Low,1,15,6,59.22
Mini Truck,8,397578,5,Oil Change,Medium,0,10,6,53.83
Van,10,286574,6,Suspension Repair,Low,1,15,2,19.26
Truck,9,252214,0,Transmission Repair,High,0,12,4,97.63
Mini Truck,2,71331,5,Clutch Repair,Medium,1,4,10,38.53
Bus,12,513908,3,Engine Repair,High,1,3,4,78.58
Truck,9,434698,3,Battery Replacement,Low,0,12,5,35.4
Mini Truck,5,233164,3,Clutch Repair,High,0,14,4,55.68
Truck,1,34692,1,Engine Repair,Low,0,2,5,70.45
Truck,7,268720,12,Oil Change,High,1,6,7,41.07
Bus,4,139817,6,Battery Replacement,High,0,11,8,49.99
Mini Truck,6,242142,0,Transmission Repair,High,1,14,7,75.48
Truck,7,328911,11,Battery Replacement,Low,1,1,8,26.78
Truck,8,266101,2,Brake Repair,Low,0,8,7,42.48
Van,10,373018,1,Electrical Repair,Medium,1,4,10,34.99
Mini Truck,2,50674,10,Tyre Replacement,High,0,15,9,58.58
Truck,9,272509,14,Transmission Repair,High,1,13,9,89.35
Truck,5,201763,1,Clutch Repair,Medium,0,15,8,55.06
Van,1,34512,9,Electrical Repair,Medium,0,11,3,31.76
Van,8,327466,7,Oil Change,Medium,0,13,7,35.26
Bus,3,104284,5,Battery Replacement,Low,1,13,2,5.18
Truck,3,93245,2,Oil Change,Medium,1,6,7,16.02
Truck,12,575343,11,Clutch Repair,Low,1,8,1,38.47
Bus,7,321088,13,Brake Repair,Low,0,5,6,54.28
Mini Truck,9,288761,4,Brake Repair,Low,0,2,10,44.37
Van,8,372978,11,Clutch Repair,Medium,1,2,3,42.11
Mini Truck,2,86678,0,Engine Repair,Low,0,5,3,62.86
Truck,6,165727,8,Oil Change,Low,1,10,9,20.8
Truck,5,240393,12,Tyre Replacement,Medium,0,14,8,46.88
Van,11,523910,15,Battery Replacement,Low,0,3,7,56.69
Truck,3,91640,8,Tyre Replacement,Low,1,9,2,9.55
Van,4,182174,12,Suspension Repair,High,1,4,5,45.6
Mini Truck,1,49653,6,Oil Change,Medium,1,1,4,18.44
Bus,7,292919,7,Tyre Replacement,Medium,1,11,3,20.96
Van,10,386644,9,Battery Replacement,Low,1,10,1,14.16
Mini Truck,2,86810,1,Tyre Replacement,High,0,6,5,51.43
Bus,8,370437,10,Transmission Repair,High,1,15,5,80.01
Mini Truck,9,352870,12,Clutch Repair,High,0,8,6,73.48
Mini Truck,6,289654,8,Brake Repair,Medium,1,15,5,24.24
Bus,10,384615,7,Electrical Repair,Medium,0,10,4,57.35
Bus,4,143908,8,Suspension Repair,Medium,1,10,7,31.62
Van,10,483452,4,Transmission Repair,Low,1,12,9,68.32
Bus,4,160645,9,Clutch Repair,Low,0,12,5,44.98
Van,10,457079,10,Tyre Replacement,High,1,6,4,37.76
Mini Truck,8,387968,8,Battery Replacement,High,1,3,5,36.41
Truck,5,141309,6,Clutch Repair,Medium,0,2,4,57.35
Mini Truck,8,344348,8,Clutch Repair,High,1,4,5,55.76
Truck,7,339655,15,Brake Repair,Medium,1,7,6,30.33
Truck,3,98737,1,Electrical Repair,Low,0,14,2,30.68
Truck,9,365305,8,Tyre Replacement,Low,1,4,1,16.59
Truck,1,28651,5,Transmission Repair,Medium,1,4,4,61.48
Van,10,408246,18,Transmission Repair,High,1,14,4,89.91
Van,1,43143,9,Electrical Repair,Low,0,13,7,37.43
Truck,3,86950,9,Transmission Repair,Medium,0,2,4,90.63
Van,4,160228,9,Tyre Replacement,Low,0,5,2,23.12
Van,11,436739,13,Suspension Repair,Medium,0,4,2,48.36
Mini Truck,12,532853,14,Tyre Replacement,High,1,14,10,48.89
Mini Truck,1,42736,4,Engine Repair,High,1,7,9,65.71
Bus,6,155430,7,Clutch Repair,High,1,14,8,48.68
Van,6,187883,11,Brake Repair,High,1,3,7,43.82
Van,4,141184,5,Suspension Repair,Medium,0,12,5,45.97
Mini Truck,10,480091,15,Oil Change,High,0,11,2,64.05
Truck,7,324856,11,Electrical Repair,Medium,0,8,7,58.95
Mini Truck,2,78662,4,Electrical Repair,Low,1,6,5,16.82
Mini Truck,3,97091,3,Clutch Repair,High,0,14,1,61.45
Bus,1,49926,3,Brake Repair,High,0,2,10,65.82
Truck,5,135388,8,Transmission Repair,Medium,0,5,3,93.08
Bus,3,105027,6,Transmission Repair,Low,0,4,2,68.25
Van,5,196819,7,Suspension Repair,Low,0,1,4,40.31
Truck,2,67632,2,Clutch Repair,Low,1,9,6,26.89
Van,3,144947,2,Engine Repair,Low,1,14,3,39.62
Bus,9,438203,0,Clutch Repair,High,0,7,3,67.59
Truck,8,240870,4,Engine Repair,High,1,10,5,67.88
Mini Truck,4,159630,2,Brake Repair,High,0,3,10,53.37
Truck,7,210626,0,Transmission Repair,Medium,1,11,7,67.13
Mini Truck,9,347321,16,Electrical Repair,High,1,13,5,43.69
Mini Truck,3,140949,7,Tyre Replacement,Low,0,2,10,45.73
Bus,2,89609,6,Suspension Repair,Medium,1,6,1,22.33
Bus,8,252088,0,Engine Repair,Medium,0,8,10,76.3
Bus,7,239092,4,Oil Change,Low,1,5,8,20.13
Mini Truck,8,386879,14,Electrical Repair,Low,1,3,7,29.41
Truck,4,119075,10,Brake Repair,Medium,1,1,6,27.69
Mini Truck,7,346293,13,Brake Repair,High,1,6,9,49.05
Mini Truck,1,40710,1,Electrical Repair,Medium,0,5,9,42.73
Truck,2,59564,8,Transmission Repair,Low,0,9,4,81.74
Bus,1,39691,6,Electrical Repair,High,1,6,10,43.33
Bus,5,173230,0,Clutch Repair,High,0,15,8,71.4
Mini Truck,9,234478,17,Clutch Repair,Low,0,15,7,63.08
Mini Truck,12,440040,4,Tyre Replacement,Low,0,10,7,44.95
Mini Truck,4,105490,0,Transmission Repair,Low,0,4,7,88.46
Van,7,214753,13,Clutch Repair,High,1,15,4,53.0
Truck,2,60708,0,Transmission Repair,High,1,13,2,63.22
Van,8,243412,15,Brake Repair,Low,1,13,6,26.77
Bus,8,267655,10,Electrical Repair,High,0,11,10,78.68
Bus,10,454025,7,Engine Repair,Low,1,8,5,54.0
Bus,9,303792,15,Suspension Repair,Low,1,13,5,33.82
Truck,3,147746,3,Engine Repair,Low,1,15,3,38.78
Truck,12,584273,16,Electrical Repair,Medium,1,7,10,48.22
Bus,5,135633,3,Tyre Replacement,High,1,15,2,24.98
Bus,1,39274,6,Suspension Repair,Low,1,8,1,14.02
Bus,6,180992,4,Engine Repair,Medium,1,15,7,55.33
Van,7,287749,7,Transmission Repair,Low,0,6,3,85.06
Mini Truck,2,56596,1,Brake Repair,High,0,3,9,58.67
Mini Truck,2,95703,10,Tyre Replacement,Low,0,8,3,26.87
Van,5,235569,5,Electrical Repair,High,0,1,3,56.03
Bus,2,52552,9,Brake Repair,Low,0,14,4,31.29
Mini Truck,8,228190,8,Transmission Repair,High,0,14,10,109.34
Van,2,80299,9,Transmission Repair,Low,0,8,10,81.52
Bus,1,37890,5,Tyre Replacement,High,1,13,8,29.06
Bus,9,305320,9,Suspension Repair,Medium,0,13,5,53.84
Van,4,160461,2,Tyre Replacement,Low,0,1,10,35.97
Van,2,79420,2,Tyre Replacement,High,0,5,6,51.58
Van,12,552495,13,Suspension Repair,Low,1,15,4,34.38
Mini Truck,11,292739,11,Tyre Replacement,Medium,0,6,2,42.05
Truck,5,176060,2,Battery Replacement,Medium,1,13,6,20.15
Mini Truck,3,117848,11,Suspension Repair,High,1,15,10,44.95
Van,1,30379,4,Suspension Repair,Low,1,15,6,16.49
Van,1,29598,3,Clutch Repair,High,1,5,4,38.43
Van,7,185079,0,Electrical Repair,High,1,13,10,39.64
Bus,6,150717,1,Battery Replacement,High,0,4,3,53.04
Bus,9,327417,16,Engine Repair,Medium,0,8,10,102.51
Bus,9,423121,14,Oil Change,Medium,1,1,7,32.66
Truck,8,309378,14,Engine Repair,Medium,0,8,5,81.61
Truck,4,187612,9,Transmission Repair,Medium,1,1,9,74.82
Van,1,32267,7,Engine Repair,Medium,0,7,1,59.68
Bus,9,438496,17,Suspension Repair,Low,1,13,10,38.27
Truck,8,352089,6,Clutch Repair,High,1,13,2,47.17
Van,7,321998,10,Tyre Replacement,High,0,1,7,56.57
Bus,11,403763,15,Oil Change,Low,0,15,5,39.81
Bus,11,409790,13,Tyre Replacement,Medium,0,12,3,51.59
Truck,5,165565,8,Clutch Repair,High,0,2,3,63.77
Truck,4,108648,12,Transmission Repair,Low,0,13,8,84.61
Truck,9,425802,17,Battery Replacement,High,0,8,10,69.54
Truck,6,174125,5,Tyre Replacement,Medium,0,9,5,32.76
Truck,2,60635,2,Electrical Repair,Low,0,8,6,27.07
Bus,7,288351,3,Clutch Repair,Medium,0,3,4,64.47
Truck,12,418882,15,Clutch Repair,Medium,1,6,6,53.89
Van,1,26192,7,Engine Repair,Low,1,1,6,49.08
Bus,7,176949,10,Battery Replacement,Low,0,14,2,38.78
Truck,10,285591,15,Battery Replacement,High,1,2,10,51.95
Truck,11,441234,7,Transmission Repair,High,1,5,1,81.34
Truck,1,34837,2,Transmission Repair,Medium,0,5,6,89.29
Truck,9,320364,2,Battery Replacement,Medium,1,7,1,18.64
Truck,5,167959,2,Brake Repair,Low,0,6,2,27.66
Bus,6,233443,14,Brake Repair,Low,0,10,2,38.63
Truck,5,165827,13,Clutch Repair,High,0,13,9,81.52
Bus,9,397464,9,Brake Repair,Medium,0,5,7,46.52
Bus,5,222136,0,Tyre Replacement,Low,0,10,1,19.13
Mini Truck,1,40375,5,Suspension Repair,High,0,5,3,65.89
Van,2,71893,2,Tyre Replacement,High,0,11,1,51.68
Van,12,366407,5,Clutch Repair,Low,1,1,9,49.53
Bus,10,458315,6,Battery Replacement,High,0,1,7,63.56
Mini Truck,4,169177,4,Electrical Repair,Low,1,10,7,20.99
Bus,5,157640,9,Brake Repair,High,1,5,10,41.47
Mini Truck,1,28755,6,Engine Repair,High,1,12,3,56.1
Van,11,337902,7,Tyre Replacement,High,0,4,4,51.7
Truck,11,481946,4,Engine Repair,Medium,0,10,1,71.68
Truck,12,307214,13,Brake Repair,Medium,0,8,3,47.54
Truck,6,235226,6,Suspension Repair,High,1,8,4,41.21
Van,4,151014,5,Engine Repair,High,0,8,8,84.45
Mini Truck,1,33261,0,Suspension Repair,Medium,0,1,1,47.53
Bus,4,154185,1,Transmission Repair,Low,1,5,3,53.0
Mini Truck,1,40506,8,Brake Repair,High,1,6,5,33.78
Van,8,252671,8,Battery Replacement,Medium,1,3,8,34.27
Van,8,234992,0,Engine Repair,High,1,7,4,63.31
Van,2,67542,5,Clutch Repair,Medium,0,5,9,54.41
Mini Truck,1,27063,9,Brake Repair,Low,1,5,4,14.2
Van,11,535590,16,Oil Change,Low,0,6,9,60.66
Bus,1,40762,3,Tyre Replacement,Low,1,12,7,13.92
Bus,12,442575,18,Engine Repair,High,1,11,10,83.17
Bus,2,74898,7,Engine Repair,Low,1,1,6,50.24
Bus,8,398948,7,Clutch Repair,Medium,1,4,7,44.46
Truck,12,339986,3,Tyre Replacement,Low,1,14,1,12.99
Van,8,308097,2,Brake Repair,High,1,12,3,38.87
Van,12,412477,6,Electrical Repair,Low,0,5,1,51.02
Mini Truck,2,68377,10,Battery Replacement,Low,0,6,4,27.59
Truck,5,228690,9,Clutch Repair,High,0,1,8,77.72
Van,11,278332,15,Engine Repair,Medium,1,2,2,65.05
Van,10,322789,0,Suspension Repair,High,1,15,6,43.22
Mini Truck,9,407436,5,Oil Change,High,0,11,10,54.99
Bus,4,122553,2,Engine Repair,High,0,12,3,75.74
Van,4,117383,4,Battery Replacement,Low,1,4,10,20.31
Van,1,28862,3,Electrical Repair,High,1,14,7,31.4
Van,12,333170,5,Battery Replacement,Medium,0,3,6,44.27
Van,11,495387,3,Brake Repair,Low,0,2,3,48.61
Truck,7,235098,5,Transmission Repair,High,1,15,8,81.61
Van,10,389682,18,Engine Repair,Medium,1,3,10,74.64
Mini Truck,5,166383,4,Engine Repair,High,0,4,7,92.42
Mini Truck,9,346862,2,Brake Repair,High,0,15,1,49.87
Truck,9,350651,12,Tyre Replacement,Low,0,9,4,33.76
Van,1,41659,9,Clutch Repair,Low,0,9,9,48.34
Bus,9,365919,2,Transmission Repair,Medium,1,9,3,64.35
Van,1,39015,7,Engine Repair,Low,0,12,2,65.18
Van,10,365958,2,Suspension Repair,High,0,12,6,70.47
Van,11,419866,10,Oil Change,Low,0,13,1,30.85
Truck,2,71135,2,Brake Repair,Low,0,8,2,30.44
Bus,1,45671,9,Oil Change,High,0,6,6,61.43
Truck,9,394242,9,Transmission Repair,Medium,0,2,9,98.65
Mini Truck,5,189374,8,Brake Repair,Low,0,14,5,45.24
Truck,6,249469,7,Oil Change,High,1,8,1,28.78
Truck,10,262806,0,Transmission Repair,Low,1,6,6,64.6
Truck,6,285237,4,Clutch Repair,Low,1,7,10,38.89
Truck,4,154129,2,Transmission Repair,High,0,6,6,91.43
Bus,5,232685,2,Suspension Repair,High,0,9,1,63.14
Truck,7,229504,7,Suspension Repair,High,1,10,6,45.37
Truck,10,454108,16,Tyre Replacement,Low,0,1,5,42.25
Truck,7,241273,3,Clutch Repair,High,0,5,5,66.71
Mini Truck,8,265277,16,Engine Repair,Medium,0,9,2,81.66
Bus,4,120297,10,Brake Repair,Low,1,10,5,20.17
Van,9,374794,9,Suspension Repair,Medium,0,1,4,64.44
Van,6,288496,6,Engine Repair,Low,1,13,5,42.1
Truck,8,210689,12,Transmission Repair,High,1,3,6,88.42
Bus,5,238544,13,Oil Change,Low,1,13,4,15.27
Bus,6,292467,10,Tyre Replacement,Medium,0,14,1,31.39
Mini Truck,7,255669,13,Transmission Repair,Medium,0,13,4,82.88
Bus,4,172887,11,Clutch Repair,High,0,14,5,71.58
Van,8,359932,1,Electrical Repair,Low,1,11,1,17.29
Bus,4,126822,3,Engine Repair,Medium,0,14,9,72.52
Bus,12,364057,12,Engine Repair,Low,0,2,2,83.85
Mini Truck,12,364895,17,Oil Change,High,0,4,10,65.21
Van,8,256828,4,Suspension Repair,High,1,4,1,37.91
Mini Truck,1,48703,1,Brake Repair,High,1,13,6,27.13
Mini Truck,2,80258,8,Suspension Repair,High,0,1,3,59.63
Truck,1,44205,1,Electrical Repair,Medium,0,9,3,45.95
Truck,4,190229,6,Electrical Repair,Medium,1,5,5,27.63
Truck,12,517847,0,Engine Repair,Medium,1,10,6,62.03
Van,1,27498,4,Brake Repair,Low,1,2,9,21.01
Bus,4,130323,6,Clutch Repair,Medium,1,14,1,25.92
Van,7,226040,5,Tyre Replacement,Low,0,2,4,44.62
Bus,6,238524,6,Brake Repair,Low,1,15,1,13.09
Bus,3,143115,8,Suspension Repair,High,0,14,6,53.54
Bus,4,164536,6,Suspension Repair,Medium,0,9,2,42.22
Van,7,179710,1,Engine Repair,Low,0,6,7,76.01
Truck,1,37657,2,Battery Replacement,Low,1,12,4,5.28
Truck,3,103652,4,Electrical Repair,Medium,0,14,7,53.08
Van,7,324957,3,Battery Replacement,High,1,7,9,39.2
Van,10,305275,16,Transmission Repair,Medium,0,2,4,96.69
Truck,9,342291,6,Electrical Repair,Medium,0,8,9,63.8
Van,7,187090,6,Engine Repair,High,1,10,2,61.58
Truck,2,93714,5,Battery Replacement,High,0,10,1,48.99
Bus,10,402264,2,Transmission Repair,Medium,0,15,1,88.03
Bus,10,461635,5,Suspension Repair,High,1,13,10,51.33
Mini Truck,11,430405,17,Battery Replacement,Low,1,3,9,33.49
Bus,10,350689,18,Engine Repair,Low,1,10,2,51.32
Bus,1,41398,4,Engine Repair,Low,0,2,3,61.74
Bus,3,131344,6,Clutch Repair,Low,1,10,1,22.02
Mini Truck,3,127165,10,Brake Repair,Medium,1,15,1,14.34
Mini Truck,3,103299,4,Clutch Repair,High,0,9,10,71.15
Bus,11,464688,7,Clutch Repair,Low,0,14,5,49.72
Bus,7,348954,3,Tyre Replacement,High,1,6,1,27.27
Van,7,329799,11,Clutch Repair,High,0,7,5,66.57
Mini Truck,10,349168,11,Suspension Repair,High,0,15,4,56.65
Mini Truck,7,200756,4,Engine Repair,High,1,10,6,65.53
Truck,5,235534,3,Transmission Repair,Medium,0,4,10,95.91
Bus,11,296266,0,Tyre Replacement,Medium,0,1,1,49.28
Mini Truck,10,352412,12,Brake Repair,Low,0,14,7,54.5
Van,2,55322,10,Engine Repair,High,1,14,1,52.85
Truck,2,74588,8,Oil Change,High,1,2,5,33.32
Truck,12,468502,1,Battery Replacement,Medium,0,14,9,44.41
Mini Truck,11,490553,4,Oil Change,High,1,4,5,40.73
Bus,1,41228,7,Battery Replacement,High,1,7,3,26.37
Truck,12,535418,4,Suspension Repair,Medium,0,10,3,60.58
Truck,9,434365,2,Battery Replacement,High,1,15,7,33.03
Truck,3,149110,11,Brake Repair,Medium,0,7,9,53.25
Bus,2,62797,3,Engine Repair,Medium,0,2,3,71.2
Bus,12,389783,6,Electrical Repair,Medium,0,8,9,56.6
Mini Truck,1,31714,2,Brake Repair,Low,0,1,7,34.3
Van,7,237383,10,Tyre Replacement,Medium,1,9,10,31.79
Bus,7,206788,6,Engine Repair,Medium,0,15,9,78.38
Bus,5,202667,0,Tyre Replacement,High,1,1,3,32.14
Mini Truck,5,191881,0,Brake Repair,Medium,1,5,1,15.27
Van,8,253710,8,Brake Repair,Medium,1,9,2,24.89
Van,8,394226,15,Clutch Repair,Low,0,2,1,54.35
Truck,8,354401,5,Brake Repair,High,0,5,9,73.26
Van,10,393163,10,Battery Replacement,High,1,4,7,49.95
Van,9,288708,3,Clutch Repair,Low,1,7,1,28.87
Bus,4,175028,12,Battery Replacement,High,0,8,10,68.73
Mini Truck,7,206193,14,Battery Replacement,High,0,7,8,61.21
Mini Truck,9,429442,4,Oil Change,Medium,0,7,9,42.86
Truck,11,364621,5,Engine Repair,High,1,6,3,69.06
Truck,7,347898,11,Oil Change,Medium,1,15,2,18.36
Bus,7,324273,4,Brake Repair,High,0,2,10,61.99
Bus,10,354315,14,Oil Change,High,1,4,7,46.35
Bus,9,229237,5,Tyre Replacement,Low,1,13,1,9.45
Van,11,502095,19,Transmission Repair,High,1,11,3,91.06
Bus,10,338531,16,Clutch Repair,High,0,11,2,74.59
Bus,8,364119,16,Battery Replacement,Low,1,2,6,27.02
Van,4,171299,6,Battery Replacement,Medium,1,4,9,25.36
Van,1,45171,7,Transmission Repair,Medium,0,10,2,83.66
Mini Truck,10,389512,15,Suspension Repair,High,0,14,10,88.45
Mini Truck,9,355344,4,Tyre Replacement,Medium,0,8,1,47.12
Bus,11,549929,0,Suspension Repair,High,0,11,4,66.78
Truck,12,441205,0,Electrical Repair,Medium,1,12,10,35.6
Bus,11,514408,18,Oil Change,Low,0,3,5,56.55
Van,12,479637,11,Transmission Repair,Medium,0,15,9,101.96
Mini Truck,10,353302,6,Tyre Replacement,Medium,1,3,4,26.58
Van,11,416165,12,Engine Repair,Low,0,6,7,80.41
Bus,2,94857,10,Electrical Repair,Low,1,12,8,21.67
Van,6,251994,2,Tyre Replacement,Medium,0,14,4,39.31
Bus,2,64650,8,Brake Repair,High,1,6,6,37.35
Truck,11,531708,16,Transmission Repair,Medium,1,1,10,88.44
Bus,8,378284,9,Transmission Repair,Low,0,4,5,83.36
Truck,2,81537,9,Battery Replacement,Low,0,4,9,40.81
Van,5,228999,0,Brake Repair,Medium,0,7,5,36.52
Bus,5,184464,1,Electrical Repair,Medium,0,2,4,40.58
Bus,10,482285,6,Suspension Repair,Medium,0,4,7,62.45
Bus,1,25526,9,Transmission Repair,Low,0,5,2,66.89
Bus,3,134851,6,Clutch Repair,Low,1,9,1,25.29
Van,8,201763,8,Electrical Repair,Low,0,14,9,56.37
Bus,7,217674,4,Electrical Repair,High,1,7,1,36.21
Bus,10,382760,13,Battery Replacement,High,1,5,5,45.3
Van,3,139580,11,Electrical Repair,High,1,12,5,37.17
Bus,12,521230,11,Electrical Repair,High,1,3,9,57.21
Van,5,205528,1,Brake Repair,High,1,6,1,28.22
Van,1,26291,0,Tyre Replacement,Medium,1,11,4,10.23
Van,2,65494,2,Brake Repair,Medium,1,2,4,20.89
Truck,6,239110,7,Oil Change,High,0,11,7,66.8
Van,11,327622,9,Transmission Repair,Medium,1,7,10,80.5
Mini Truck,3,140481,11,Engine Repair,Medium,1,15,8,54.8
Bus,11,491677,4,Oil Change,Low,1,14,9,23.82
Van,6,225474,3,Brake Repair,High,0,13,3,61.46
Truck,12,370110,6,Brake Repair,Low,0,10,3,31.31
Bus,10,274275,1,Suspension Repair,High,0,15,2,61.25
Van,7,243784,15,Tyre Replacement,Low,1,6,1,16.34
Van,8,305912,16,Brake Repair,High,1,3,3,41.72
Bus,8,321703,10,Transmission Repair,High,1,9,5,82.5
Mini Truck,3,124664,2,Oil Change,Medium,0,10,2,38.95
Mini Truck,7,347406,7,Brake Repair,Medium,0,9,3,49.97
Truck,11,520771,5,Brake Repair,Medium,0,4,8,58.21
Van,1,35676,2,Tyre Replacement,Low,0,12,7,27.11
Truck,12,523923,10,Brake Repair,High,1,4,9,54.54
Van,4,121831,5,Electrical Repair,High,0,13,10,70.96
Van,6,295737,4,Transmission Repair,Medium,0,8,8,95.68
Van,3,126522,4,Engine Repair,Low,1,5,5,48.24
Mini Truck,10,437561,3,Tyre Replacement,Medium,1,1,3,26.22
Van,8,218319,5,Oil Change,Medium,0,11,10,55.02
Mini Truck,12,358989,6,Battery Replacement,High,1,3,10,45.85
Van,3,94561,0,Brake Repair,Low,1,7,1,4.74
Van,3,79935,0,Transmission Repair,High,1,10,8,77.24
Mini Truck,6,205203,11,Electrical Repair,High,1,3,4,43.1
Mini Truck,1,49595,0,Engine Repair,Low,1,5,4,38.69
Mini Truck,11,317996,18,Electrical Repair,Low,1,2,6,34.24
Van,4,195414,9,Brake Repair,Low,0,11,10,43.51
Bus,11,287598,2,Transmission Repair,Low,1,5,9,68.0
Van,1,45056,3,Oil Change,High,1,8,2,25.44
Van,11,537073,2,Brake Repair,Low,1,1,3,22.87
Van,2,63582,2,Brake Repair,High,1,7,8,36.11
Van,1,28773,9,Brake Repair,Low,0,7,7,32.23
Van,3,80485,1,Oil Change,Medium,0,12,6,43.91
Mini Truck,4,125945,9,Engine Repair,Low,1,10,4,45.07
Mini Truck,7,263424,6,Clutch Repair,Low,0,8,5,60.21
Truck,3,111968,2,Brake Repair,Low,1,1,9,21.9
Mini Truck,11,348720,10,Oil Change,High,1,3,3,37.98
Bus,7,208766,0,Engine Repair,High,1,6,7,69.87
Truck,12,300648,6,Electrical Repair,Low,1,14,1,18.28
Truck,4,159471,1,Tyre Replacement,Medium,0,7,6,47.84
Bus,9,321125,12,Transmission Repair,Low,0,14,1,78.12
Truck,12,381878,0,Tyre Replacement,Medium,0,7,2,40.09
Van,8,260504,15,Transmission Repair,Low,0,10,10,86.12
Mini Truck,12,344760,13,Suspension Repair,High,0,7,4,72.77
Van,5,194605,10,Brake Repair,Medium,1,5,3,26.42
Truck,4,191907,11,Transmission Repair,Low,0,1,2,72.78
Bus,7,305124,14,Electrical Repair,Medium,1,10,2,27.73
Bus,8,354697,11,Electrical Repair,Medium,1,14,3,27.79
Van,5,187858,13,Brake Repair,Low,1,8,7,25.37
Truck,2,52891,8,Oil Change,Low,0,1,4,22.57
Mini Truck,9,285254,3,Battery Replacement,Medium,1,13,2,19.18
Mini Truck,3,130549,8,Oil Change,High,0,9,2,51.14
Mini Truck,2,59707,9,Oil Change,High,0,6,1,53.03
Truck,4,166632,0,Suspension Repair,Medium,0,4,1,49.44
Van,6,170894,0,Transmission Repair,Medium,1,8,5,63.85
Van,7,220870,3,Engine Repair,Low,0,10,7,68.75
Bus,9,363444,11,Battery Replacement,Medium,1,10,5,28.02
Mini Truck,1,31703,1,Clutch Repair,Low,1,4,4,22.51
Mini Truck,3,132603,4,Suspension Repair,Medium,1,14,3,20.88
Truck,6,166796,8,Engine Repair,Low,1,1,1,47.57
Truck,5,177819,6,Suspension Repair,Low,1,6,10,34.48
Truck,2,57633,0,Battery Replacement,High,1,11,8,25.7
Truck,5,129895,0,Transmission Repair,High,0,9,9,90.46
Bus,10,250793,10,Engine Repair,High,0,6,3,84.34
Bus,10,409606,16,Oil Change,High,1,11,10,48.8
Mini Truck,7,333887,15,Engine Repair,High,0,4,8,109.59
Mini Truck,11,338060,13,Suspension Repair,High,1,2,7,57.47
Mini Truck,2,59728,3,Battery Replacement,Medium,0,8,8,48.45
Bus,4,130578,2,Electrical Repair,Medium,0,4,9,62.59
Bus,10,399019,3,Battery Replacement,Low,0,12,5,30.99
Mini Truck,11,348173,0,Engine Repair,Medium,0,9,8,88.42
Van,2,55834,6,Oil Change,Low,0,11,5,24.05
Truck,4,148414,10,Clutch Repair,High,1,15,3,40.3
Truck,2,79127,0,Clutch Repair,High,1,15,9,43.74
Truck,2,85823,6,Transmission Repair,Medium,0,3,2,90.18
Bus,9,359517,7,Battery Replacement,High,1,8,1,32.44
Van,1,25841,4,Clutch Repair,Low,1,8,6,26.12
Mini Truck,11,324124,5,Engine Repair,Medium,0,5,10,89.02
Truck,11,319057,5,Clutch Repair,Medium,1,13,3,35.96
Mini Truck,9,357300,4,Battery Replacement,High,1,10,8,38.42
Truck,5,130653,9,Electrical Repair,Low,0,5,2,47.77
Mini Truck,2,73239,6,Oil Change,Medium,0,3,8,46.1
Van,6,248929,5,Brake Repair,Medium,1,3,5,28.2
Truck,10,492804,13,Transmission Repair,High,1,7,9,92.11
Van,12,438847,19,Suspension Repair,Low,1,8,9,44.48
Bus,3,83488,7,Oil Change,Low,1,2,7,18.03
Van,3,121605,9,Engine Repair,High,1,5,9,74.1
Van,1,41466,9,Engine Repair,Medium,1,9,9,58.98
Van,10,260770,13,Tyre Replacement,Medium,1,8,3,24.78
Mini Truck,10,400929,2,Suspension Repair,Low,0,2,5,43.09
Van,2,88436,3,Electrical Repair,High,0,14,4,52.07
Truck,4,127963,7,Suspension Repair,Low,1,3,4,23.51
Truck,5,167102,8,Clutch Repair,Low,1,6,1,27.5
Van,6,222985,12,Transmission Repair,Medium,0,5,2,84.6
Mini Truck,6,158274,13,Engine Repair,High,1,5,1,66.03
Mini Truck,7,191562,15,Battery Replacement,High,0,13,9,56.88
Bus,10,391096,18,Clutch Repair,High,0,9,9,77.31
Mini Truck,8,344481,4,Brake Repair,Medium,0,8,5,50.47
Truck,4,142788,9,Tyre Replacement,Medium,1,5,9,32.01
Mini Truck,10,423845,17,Engine Repair,High,1,12,10,79.72
Mini Truck,5,246937,8,Suspension Repair,High,1,12,2,38.64
Bus,6,218476,5,Oil Change,Low,0,10,3,32.43
Truck,11,525482,11,Engine Repair,High,1,15,1,68.87
Bus,2,54612,7,Brake Repair,Medium,0,4,10,57.67
Mini Truck,4,155213,5,Engine Repair,Medium,0,2,9,89.44
Bus,6,247619,9,Oil Change,Medium,1,1,1,20.32
Truck,10,421983,18,Transmission Repair,Low,1,9,10,81.37
Bus,3,81154,4,Suspension Repair,Medium,1,13,9,25.29
Mini Truck,7,305417,13,Oil Change,Medium,1,5,3,28.12
Truck,5,166254,6,Electrical Repair,Medium,1,6,9,29.11
Truck,10,368127,9,Electrical Repair,Low,0,13,9,42.15
Mini Truck,3,106787,5,Transmission Repair,Medium,1,13,3,57.81
Van,7,263213,9,Oil Change,Low,1,11,6,19.31
Bus,4,107038,0,Suspension Repair,Low,0,2,3,32.17
Bus,3,134234,6,Battery Replacement,High,1,5,7,34.77
Van,6,167650,6,Oil Change,Low,0,3,5,35.83
Truck,6,281952,13,Transmission Repair,High,1,1,1,78.29
Truck,2,81102,9,Clutch Repair,Medium,1,12,8,36.89
Van,4,110372,2,Electrical Repair,Medium,0,15,5,44.48
Van,12,514197,8,Tyre Replacement,High,1,2,3,43.69
Truck,3,82008,3,Clutch Repair,Medium,0,12,8,56.36
Van,7,265628,12,Clutch Repair,Low,1,9,6,35.17
Van,6,219396,8,Tyre Replacement,Medium,0,2,9,50.87
Bus,5,172451,12,Transmission Repair,Low,0,11,7,88.03
Bus,11,467637,9,Battery Replacement,Medium,0,14,4,39.19
Truck,3,100368,2,Battery Replacement,Medium,1,11,10,22.44
Truck,8,314920,12,Engine Repair,Low,1,11,3,48.46
Mini Truck,3,79024,3,Clutch Repair,High,1,11,3,38.28
Truck,8,292702,0,Clutch Repair,Low,0,10,7,52.37
Truck,5,168116,11,Engine Repair,Low,1,10,4,51.35
Bus,12,585904,16,Tyre Replacement,Medium,0,6,4,56.97
Truck,1,47937,1,Clutch Repair,Low,1,8,8,26.35
Bus,9,242553,13,Electrical Repair,Low,1,5,5,28.62
Bus,5,159326,6,Oil Change,High,0,14,9,55.19
Truck,8,358011,6,Battery Replacement,High,0,1,6,60.59
Truck,3,145337,7,Clutch Repair,High,1,14,9,51.22
Mini Truck,10,398871,18,Suspension Repair,High,0,15,10,70.08
Bus,6,276154,9,Tyre Replacement,Medium,0,5,8,44.52
Bus,7,235961,1,Brake Repair,High,1,12,5,34.69
Van,5,142327,3,Clutch Repair,High,0,10,8,65.45
Van,4,174450,12,Brake Repair,Low,0,11,9,51.11
Truck,7,216187,6,Tyre Replacement,High,0,12,10,73.16
Van,3,94097,1,Oil Change,Low,0,3,4,26.35
Truck,1,27065,8,Suspension Repair,Medium,1,7,2,22.15
Truck,1,41643,9,Clutch Repair,High,1,12,7,44.72
Truck,1,42948,1,Transmission Repair,Low,1,7,2,51.02
Bus,1,48740,3,Clutch Repair,Medium,1,11,4,27.22
Truck,10,383781,1,Battery Replacement,Medium,1,13,9,25.54
Van,4,141269,4,Suspension Repair,High,1,14,2,36.26
Truck,1,31506,0,Battery Replacement,Medium,0,1,6,39.35
Bus,12,498804,14,Brake Repair,Medium,0,15,1,52.69
Mini Truck,11,479437,13,Transmission Repair,Low,0,1,7,96.06
Bus,2,96462,1,Engine Repair,Medium,0,13,8,81.28
Bus,2,76137,9,Transmission Repair,High,1,1,9,82.79
Truck,6,297245,12,Engine Repair,Medium,1,9,4,58.95
Bus,9,261916,12,Clutch Repair,High,1,3,7,55.78
Mini Truck,1,42300,3,Clutch Repair,Medium,0,8,9,64.01
Truck,6,158030,5,Suspension Repair,Low,1,8,2,17.86
Mini Truck,7,181127,7,Tyre Replacement,Low,0,3,7,46.27
Mini Truck,11,548666,18,Clutch Repair,Low,1,1,5,47.42
Truck,9,449075,0,Electrical Repair,Low,0,13,8,45.98
Bus,9,307406,3,Battery Replacement,Medium,1,5,2,19.56
Van,8,277803,12,Tyre Replacement,Low,0,9,9,43.65
Bus,2,89882,9,Suspension Repair,Low,1,5,3,21.11
Van,3,137590,5,Clutch Repair,High,0,8,1,61.54
Bus,5,245094,2,Brake Repair,High,1,11,5,37.5
Bus,8,211893,10,Suspension Repair,High,0,1,10,68.99
Van,6,280271,13,Oil Change,High,0,12,1,47.84
Mini Truck,4,192291,5,Suspension Repair,Medium,0,8,3,44.53
Van,5,236099,13,Battery Replacement,Low,0,15,9,40.76
Bus,1,26914,1,Battery Replacement,High,0,3,5,50.21
Van,2,58929,6,Brake Repair,Medium,1,1,8,26.81
Truck,1,36515,8,Oil Change,Low,0,10,6,24.81
Van,8,228628,2,Electrical Repair,Low,1,2,1,17.93
Bus,4,157748,0,Tyre Replacement,Low,0,1,8,34.8
Mini Truck,10,332289,0,Oil Change,Medium,1,15,2,13.02
Bus,9,411483,10,Transmission Repair,Low,0,13,10,100.09
Mini Truck,7,330477,6,Suspension Repair,Medium,0,10,5,49.9
Mini Truck,2,77093,1,Clutch Repair,Low,1,4,5,26.5
Truck,4,195073,12,Brake Repair,Low,1,6,1,17.82
Van,6,297188,10,Suspension Repair,Low,0,2,8,54.53
Van,12,488713,14,Transmission Repair,High,0,6,3,108.78
Truck,7,246567,13,Oil Change,High,1,8,4,36.96
Van,12,431790,9,Clutch Repair,High,0,9,5,75.19
Bus,4,150151,12,Transmission Repair,Medium,0,9,1,85.21
Bus,1,39598,7,Transmission Repair,High,0,7,6,104.17
Bus,6,170987,5,Suspension Repair,Low,0,10,3,30.77
Truck,9,312374,10,Brake Repair,Low,1,11,5,24.78
Truck,11,328328,7,Brake Repair,Low,0,8,9,56.47
Truck,10,430008,0,Tyre Replacement,Medium,1,12,8,23.34
Mini Truck,1,47503,2,Tyre Replacement,High,0,7,10,57.11
Van,6,220267,11,Brake Repair,High,0,1,2,53.69
Van,8,282246,11,Oil Change,Low,0,14,7,33.06
Truck,6,179096,5,Engine Repair,High,0,15,6,95.59
Bus,8,366124,10,Oil Change,Medium,1,1,8,32.09
Truck,8,384597,6,Tyre Replacement,Medium,0,15,6,52.69
Bus,11,289706,7,Brake Repair,Low,0,7,5,42.97
Bus,12,306398,6,Brake Repair,Low,1,6,3,20.99
Truck,4,156152,0,Clutch Repair,High,1,2,2,40.39
Bus,11,324175,7,Electrical Repair,High,0,9,6,70.1
Van,6,298657,5,Tyre Replacement,Low,1,7,2,10.79
Truck,1,38354,7,Oil Change,High,0,7,10,61.22
Truck,2,85830,6,Battery Replacement,Medium,1,1,4,19.18
Mini Truck,9,295007,4,Engine Repair,High,0,10,5,86.2
Bus,4,102688,0,Suspension Repair,Medium,1,7,3,21.97
Bus,6,152110,3,Tyre Replacement,High,1,14,1,26.91
Truck,8,255709,12,Electrical Repair,Medium,0,15,7,47.09
Bus,2,80105,8,Transmission Repair,Low,0,11,3,82.97
Van,4,129009,4,Electrical Repair,Low,0,1,1,46.31
Truck,11,496121,1,Electrical Repair,Low,0,11,9,60.13
Mini Truck,9,291395,7,Oil Change,Low,0,2,7,47.41
Mini Truck,4,117836,9,Oil Change,Medium,1,15,8,20.08
Bus,10,395878,17,Battery Replacement,Medium,0,2,3,64.4
Mini Truck,5,146952,6,Oil Change,Low,0,7,3,27.05
Van,8,297004,11,Clutch Repair,Low,0,5,8,69.23
Truck,12,366103,0,Battery Replacement,Low,0,13,6,35.03
Van,12,588741,0,Tyre Replacement,Low,1,12,3,15.97
Truck,11,364609,2,Electrical Repair,High,0,9,10,74.19
Truck,11,466911,18,Brake Repair,Medium,0,13,2,60.91
Mini Truck,4,170193,5,Electrical Repair,High,0,12,10,64.44
Mini Truck,12,546648,5,Brake Repair,Medium,0,12,1,50.87
Van,8,340241,6,Brake Repair,High,1,10,3,38.0
Mini Truck,3,141724,4,Electrical Repair,Medium,0,11,2,43.01
Van,3,137491,2,Oil Change,Low,0,9,4,31.48
Van,11,394872,4,Tyre Replacement,Low,1,2,5,21.45
Bus,8,273075,6,Tyre Replacement,High,0,2,7,63.66
Van,12,305351,4,Oil Change,Low,0,11,4,30.95
Bus,12,378259,7,Tyre Replacement,Low,1,8,6,28.47
Van,12,354125,7,Electrical Repair,High,0,1,3,80.36
Truck,7,262940,1,Suspension Repair,Medium,1,4,1,27.64
Truck,6,210505,14,Battery Replacement,Medium,1,6,7,28.24
Truck,10,390841,7,Tyre Replacement,Low,0,11,3,32.98
Mini Truck,11,313811,15,Transmission Repair,Medium,0,14,3,103.51
Van,2,51911,4,Engine Repair,High,1,2,10,69.68
Mini Truck,7,217520,4,Brake Repair,Low,0,7,8,38.97
Truck,6,256394,8,Electrical Repair,Medium,1,8,1,23.92
Mini Truck,4,191806,6,Tyre Replacement,Low,1,6,6,17.51
Truck,5,201180,4,Transmission Repair,Medium,0,8,7,93.24
Van,11,435521,19,Engine Repair,High,0,10,7,105.6
Truck,5,209832,9,Suspension Repair,Low,1,4,3,26.58
Van,7,210308,13,Brake Repair,Low,1,3,5,24.27
Van,7,349447,4,Electrical Repair,High,1,5,3,37.88
Truck,11,544844,16,Oil Change,High,1,10,10,49.05
Truck,12,513680,4,Engine Repair,High,1,15,2,68.22
Mini Truck,5,153914,3,Clutch Repair,Medium,0,15,3,51.5
Mini Truck,3,122924,10,Oil Change,Medium,0,4,4,41.14
Van,1,47594,3,Brake Repair,Low,1,14,9,18.22
Mini Truck,7,182337,11,Transmission Repair,Medium,1,13,7,70.81
Bus,8,286723,14,Suspension Repair,High,1,12,6,50.6
Van,6,212895,6,Electrical Repair,High,1,14,5,34.65
Mini Truck,7,330883,12,Brake Repair,Medium,0,15,5,42.63
Truck,3,119991,4,Electrical Repair,Low,0,10,6,39.79
Truck,6,198592,12,Suspension Repair,High,0,6,6,79.88
Mini Truck,7,254190,14,Tyre Replacement,Low,0,1,8,47.55
Van,4,148226,12,Brake Repair,Medium,0,7,2,43.34
Truck,11,413816,17,Engine Repair,Low,0,7,2,75.2
Bus,5,152982,11,Oil Change,Medium,1,4,8,27.12
Van,2,94608,0,Oil Change,High,0,8,9,55.83
Van,3,90761,1,Electrical Repair,High,1,2,9,41.86
Bus,6,191004,3,Electrical Repair,High,1,12,3,34.31
Mini Truck,9,434062,14,Transmission Repair,Medium,1,1,2,74.84
Mini Truck,4,184255,2,Oil Change,High,1,13,6,28.66
Van,4,158288,7,Battery Replacement,Low,1,7,6,13.96
Mini Truck,4,125556,7,Oil Change,Low,1,15,1,6.65
Truck,11,462228,4,Battery Replacement,High,0,1,6,65.66
Truck,1,25829,2,Battery Replacement,High,0,12,3,36.14
Bus,3,116915,7,Engine Repair,Low,1,1,10,54.62
Bus,4,175191,11,Brake Repair,Low,1,9,2,11.15
Mini Truck,3,79598,3,Brake Repair,Low,1,10,6,16.69
Bus,12,380831,16,Suspension Repair,Low,0,10,3,62.35
Mini Truck,4,145084,2,Electrical Repair,High,1,14,4,29.53
Van,3,97148,2,Battery Replacement,Low,0,15,9,30.46
Truck,5,172656,13,Battery Replacement,High,0,13,6,53.04
Van,4,155473,6,Brake Repair,High,1,1,8,43.87
Mini Truck,2,53208,8,Battery Replacement,Low,0,7,10,46.57
Truck,9,436530,5,Engine Repair,Medium,0,2,1,84.93
Truck,3,126960,1,Electrical Repair,High,0,15,9,62.14
Van,12,346997,15,Suspension Repair,High,1,9,5,55.89
Mini Truck,8,252508,10,Battery Replacement,Medium,0,3,4,44.45
Van,3,96153,11,Clutch Repair,Low,0,13,10,54.92
Bus,3,120364,8,Tyre Replacement,High,0,3,6,59.49
Truck,7,222982,10,Engine Repair,Medium,0,15,7,73.38
Mini Truck,4,108738,10,Brake Repair,High,0,5,7,68.2
Bus,2,65487,0,Battery Replacement,High,1,4,9,30.3
Bus,2,92808,8,Electrical Repair,Low,0,15,2,27.42
Mini Truck,3,127598,10,Oil Change,High,1,11,7,30.33
Van,10,467100,15,Electrical Repair,Medium,0,6,5,67.5
Truck,6,233472,4,Brake Repair,Low,0,6,2,39.08
Bus,2,55078,9,Electrical Repair,Medium,1,5,1,23.02
Truck,10,438978,12,Engine Repair,High,1,8,9,79.82
Mini Truck,6,198460,0,Battery Replacement,Low,0,1,5,28.47
Mini Truck,3,76954,1,Battery Replacement,Low,0,12,2,17.24
Bus,2,63224,9,Engine Repair,High,1,15,10,70.2
Mini Truck,8,339455,14,Suspension Repair,Low,1,4,2,29.48
Van,7,303594,15,Engine Repair,Low,0,3,8,84.24
Truck,8,288897,16,Clutch Repair,High,1,11,9,60.91
Mini Truck,6,212188,13,Engine Repair,High,1,4,2,69.43
Truck,11,475399,10,Transmission Repair,Low,0,9,10,100.19
Van,4,116343,2,Oil Change,Low,0,10,2,31.86
Truck,6,277477,12,Suspension Repair,Medium,1,10,8,37.26
Bus,8,201805,1,Oil Change,Low,1,9,8,15.07
Mini Truck,5,165525,8,Suspension Repair,Medium,1,5,10,37.83
Mini Truck,10,368001,9,Brake Repair,Medium,0,7,6,58.7
Truck,5,237446,5,Oil Change,Low,1,4,6,15.15
Bus,12,415653,15,Engine Repair,Low,1,5,10,66.34
Mini Truck,10,298882,14,Battery Replacement,Low,0,15,10,50.68
Van,10,432437,12,Engine Repair,Medium,0,1,6,97.63
Mini Truck,12,304171,5,Electrical Repair,Medium,0,3,9,56.71
Mini Truck,7,229098,13,Transmission Repair,Low,0,14,6,84.07
Bus,10,353146,11,Transmission Repair,Medium,1,4,5,75.47
Bus,5,239643,4,Engine Repair,Medium,1,13,2,45.95
Bus,10,281801,12,Engine Repair,High,0,14,5,93.5
Mini Truck,5,154676,9,Transmission Repair,Medium,1,1,9,77.42
Van,3,104429,0,Electrical Repair,High,1,3,10,37.55
Mini Truck,12,414570,18,Clutch Repair,High,1,2,4,61.29
Van,2,50522,9,Battery Replacement,Low,0,12,3,19.71
Mini Truck,1,40693,5,Transmission Repair,High,1,4,5,73.31
Mini Truck,6,238258,7,Tyre Replacement,Low,0,4,1,26.22
Bus,5,199276,6,Transmission Repair,Medium,0,3,10,90.89
Truck,1,29634,5,Brake Repair,Low,0,4,8,38.55
Mini Truck,6,288612,11,Suspension Repair,Low,1,10,6,26.98
Mini Truck,1,43198,6,Brake Repair,High,0,2,5,57.35
Bus,4,133996,11,Electrical Repair,Medium,1,4,2,25.18
Truck,4,171046,8,Electrical Repair,Low,0,5,3,35.37
Mini Truck,3,92790,0,Engine Repair,Low,1,8,5,42.98
Van,5,178290,3,Brake Repair,Low,1,4,8,20.99
Mini Truck,9,419367,12,Clutch Repair,Low,0,9,6,55.05
Bus,7,327716,1,Tyre Replacement,High,0,11,8,65.72
Bus,2,80527,4,Engine Repair,Low,1,4,6,49.29
Truck,3,104934,8,Electrical Repair,Low,0,3,9,43.35
Mini Truck,7,263693,5,Battery Replacement,Medium,0,4,4,40.0
Van,10,457934,7,Oil Change,Low,0,3,6,50.3
Truck,4,126792,0,Engine Repair,Low,0,4,5,68.07
Mini Truck,8,217752,3,Suspension Repair,Medium,1,15,1,25.02
Mini Truck,7,212222,15,Electrical Repair,Medium,0,15,1,44.6
Bus,11,469088,6,Oil Change,Low,0,15,4,45.45
Bus,8,244728,7,Oil Change,Low,1,12,3,11.61
Truck,3,145802,4,Battery Replacement,Low,0,2,8,36.49
Van,11,344417,9,Oil Change,Medium,0,8,7,51.19
Mini Truck,12,353262,15,Battery Replacement,Medium,1,7,2,29.54
Van,5,131559,6,Electrical Repair,High,0,9,8,57.8
Mini Truck,11,352771,10,Clutch Repair,Low,0,3,6,55.71
Bus,7,278337,9,Transmission Repair,High,0,4,8,104.03
Van,8,350314,2,Tyre Replacement,Low,0,2,2,30.8
Truck,9,345033,16,Oil Change,Low,1,12,9,29.89
Mini Truck,12,326212,2,Battery Replacement,Low,1,5,1,14.7
Van,10,289597,11,Brake Repair,High,1,12,6,43.31
Van,10,333450,3,Battery Replacement,Low,0,3,3,41.47
Mini Truck,12,433445,7,Engine Repair,High,1,3,3,75.16
Truck,6,225828,2,Tyre Replacement,Low,1,3,7,20.1
Bus,11,411667,18,Suspension Repair,Low,0,12,1,59.29
Van,4,137997,4,Transmission Repair,Medium,0,5,9,100.53
Mini Truck,9,382082,10,Oil Change,Medium,1,1,3,26.85
Truck,6,248965,12,Clutch Repair,High,1,2,10,62.62
Bus,4,189374,7,Battery Replacement,Medium,0,7,7,38.85
Van,10,444269,10,Suspension Repair,Low,1,3,8,38.6
Mini Truck,8,283599,5,Tyre Replacement,Medium,0,1,7,43.09
Mini Truck,6,292275,1,Tyre Replacement,High,0,1,6,67.07
Van,3,112465,1,Brake Repair,Medium,1,4,1,14.99
Van,10,333295,10,Suspension Repair,Low,1,4,8,36.87
Van,11,489226,5,Transmission Repair,High,0,1,7,116.54
Truck,6,217950,9,Clutch Repair,Low,1,2,4,33.01
Van,12,356082,7,Clutch Repair,Low,0,5,10,71.45
Van,12,382331,2,Brake Repair,Low,0,2,3,41.02
Bus,12,455227,16,Brake Repair,High,1,9,3,49.22
Mini Truck,9,334355,17,Battery Replacement,Medium,1,15,1,19.76
Truck,10,278766,16,Electrical Repair,Medium,0,7,5,58.87
Van,11,275503,1,Suspension Repair,Low,1,8,9,31.55
Mini Truck,4,141114,8,Electrical Repair,High,1,11,7,39.84
Bus,7,256472,3,Suspension Repair,High,0,4,5,62.15
Truck,10,286938,13,Tyre Replacement,Low,0,4,3,34.2
Bus,12,333535,1,Transmission Repair,Low,1,9,4,61.47
Truck,5,221041,7,Clutch Repair,High,0,2,8,79.93
Van,7,329174,8,Clutch Repair,Low,0,9,4,45.66
Truck,1,32187,6,Suspension Repair,Medium,0,12,3,31.56
Truck,1,36397,3,Tyre Replacement,High,1,4,9,33.63
Mini Truck,4,112630,0,Electrical Repair,High,0,6,3,50.39
Van,9,286588,17,Oil Change,Medium,0,15,7,48.03
Truck,1,39781,6,Clutch Repair,High,1,3,8,52.37
Mini Truck,4,129771,2,Clutch Repair,Low,1,11,4,23.14
Van,8,306826,2,Clutch Repair,Medium,0,15,9,64.65
Van,7,294242,3,Engine Repair,Medium,1,13,2,50.44
Truck,2,62443,2,Clutch Repair,Low,0,15,4,37.37
Truck,11,541391,7,Electrical Repair,Low,1,12,10,34.07
Truck,9,350008,10,Oil Change,Medium,1,8,7,31.09
Truck,11,297779,13,Electrical Repair,High,0,1,9,84.54
Truck,11,414670,7,Brake Repair,High,0,8,10,73.77
Mini Truck,2,80188,8,Brake Repair,Medium,1,10,9,27.84
Van,9,406607,9,Electrical Repair,High,1,3,1,43.64
Van,12,504886,12,Electrical Repair,High,1,9,7,50.62
Van,10,478033,11,Brake Repair,Low,1,8,4,26.36
Bus,10,382967,18,Tyre Replacement,Medium,1,4,10,42.6
Bus,11,503146,0,Battery Replacement,High,1,15,3,31.31
Truck,8,270285,15,Tyre Replacement,High,1,7,10,49.95
Bus,2,78696,9,Suspension Repair,Medium,0,9,1,56.31
Mini Truck,5,214915,10,Battery Replacement,Medium,1,11,10,26.18
Bus,7,247299,2,Clutch Repair,Low,1,2,7,32.61
Mini Truck,4,137876,7,Clutch Repair,High,1,4,7,52.19
Truck,7,251799,0,Transmission Repair,Medium,1,1,10,76.16
Van,11,544887,12,Oil Change,Medium,0,2,1,45.29
Mini Truck,3,135120,0,Suspension Repair,Medium,1,9,10,34.06
Truck,1,42837,2,Transmission Repair,High,1,6,9,74.85
Truck,4,100071,8,Clutch Repair,High,0,14,1,63.29
Mini Truck,5,212393,13,Clutch Repair,High,0,10,10,83.41
Bus,12,355567,17,Electrical Repair,Medium,0,1,3,68.59
Bus,1,26548,0,Engine Repair,Low,1,12,7,45.35
Mini Truck,2,88808,9,Electrical Repair,High,0,1,6,62.85
Bus,2,86566,4,Engine Repair,Medium,1,7,8,52.97
Truck,9,424536,15,Oil Change,High,0,9,8,64.46
Mini Truck,11,293307,0,Brake Repair,High,0,7,6,54.96
Truck,4,135570,4,Transmission Repair,Medium,0,10,10,82.46
Mini Truck,8,271895,10,Suspension Repair,High,1,14,6,46.37
Van,5,248207,0,Suspension Repair,Low,0,2,6,44.64
Mini Truck,8,235894,10,Suspension Repair,Low,0,14,3,39.03
Truck,6,211842,3,Transmission Repair,Medium,0,5,8,90.44
Mini Truck,7,254580,9,Electrical Repair,Medium,0,10,7,52.76
Van,2,65188,8,Engine Repair,Medium,0,8,2,66.54
Bus,6,241146,3,Brake Repair,Low,0,1,4,41.0
Van,11,371906,2,Brake Repair,High,1,4,3,41.45
Mini Truck,8,241170,13,Transmission Repair,High,0,10,6,113.55
Bus,12,468416,17,Electrical Repair,Low,0,10,5,49.72
Bus,3,115976,1,Suspension Repair,Low,1,8,6,22.24
Truck,8,217448,1,Electrical Repair,Low,0,6,5,35.85
Bus,8,319041,9,Transmission Repair,Medium,0,13,6,89.83
Bus,3,114002,7,Clutch Repair,High,1,2,8,54.58
Truck,6,228716,11,Battery Replacement,Low,1,5,10,24.92
Van,1,35923,3,Battery Replacement,High,0,4,4,40.03
Van,7,196796,2,Engine Repair,Low,0,7,1,68.9
Mini Truck,9,365233,5,Clutch Repair,Low,1,13,3,28.4
Mini Truck,9,349575,6,Oil Change,Medium,1,3,6,34.19
Truck,6,197589,1,Battery Replacement,High,1,7,6,34.77
Van,6,209356,7,Clutch Repair,Low,0,9,10,50.09
Bus,7,300400,6,Transmission Repair,Medium,1,8,2,62.36
Mini Truck,8,394591,12,Tyre Replacement,High,1,10,2,36.91
Bus,4,127512,6,Tyre Replacement,High,1,15,7,32.67
Mini Truck,5,243755,5,Oil Change,High,0,12,1,41.54
Truck,9,381127,17,Electrical Repair,Medium,0,10,1,59.3
Van,11,453457,5,Brake Repair,High,0,9,10,73.98
Bus,5,147308,10,Transmission Repair,Medium,1,12,9,72.03
Bus,10,446891,14,Electrical Repair,Medium,0,9,6,64.84
Bus,11,457729,16,Tyre Replacement,High,0,14,10,58.34
Van,3,84366,7,Battery Replacement,High,0,14,3,45.58
Van,11,511901,2,Battery Replacement,Low,1,13,10,23.02
Bus,5,246299,5,Brake Repair,Medium,0,7,8,45.91
Mini Truck,9,252475,2,Tyre Replacement,High,0,11,1,52.6
Bus,7,315607,3,Brake Repair,High,0,10,8,70.39
Truck,5,248897,5,Oil Change,Low,0,14,2,33.36
Mini Truck,10,262319,11,Electrical Repair,Low,1,15,7,29.07
Van,4,148977,1,Electrical Repair,High,0,13,8,49.36
Bus,4,116585,10,Suspension Repair,Low,0,2,10,53.41
Truck,1,33146,8,Tyre Replacement,High,1,5,3,29.25
Bus,6,181788,3,Suspension Repair,Low,0,12,9,53.13
Truck,9,413004,3,Oil Change,Medium,1,1,3,22.07
Bus,4,193668,7,Engine Repair,Medium,0,15,6,81.38
Mini Truck,4,149691,12,Suspension Repair,Low,1,2,4,25.24
Bus,9,413907,12,Engine Repair,Low,1,4,10,65.85
Truck,12,303729,20,Electrical Repair,High,1,14,7,50.3
Truck,6,226519,7,Engine Repair,Low,1,14,7,49.23
Mini Truck,4,176648,7,Tyre Replacement,Medium,1,13,2,14.28
Truck,7,251068,7,Suspension Repair,High,0,11,3,71.06
Van,8,327443,5,Battery Replacement,Low,0,9,10,50.41
Mini Truck,7,176228,10,Engine Repair,Medium,0,9,2,74.87
Bus,5,134003,13,Suspension Repair,Low,0,15,2,46.55
Bus,11,382341,10,Clutch Repair,High,1,7,5,55.9
Truck,6,182621,0,Engine Repair,High,0,3,8,85.31
Truck,5,143705,7,Suspension Repair,Low,1,3,9,31.0
Truck,5,208068,4,Transmission Repair,Medium,0,9,10,89.86
Bus,4,102832,9,Suspension Repair,High,0,7,8,75.18
Bus,12,301884,18,Tyre Replacement,Low,1,10,9,33.18
Mini Truck,5,239185,5,Electrical Repair,Low,0,14,6,45.34
Mini Truck,3,139351,1,Battery Replacement,Medium,0,1,7,48.86
Truck,2,99647,6,Transmission Repair,High,0,4,5,96.54
Truck,9,354346,6,Clutch Repair,Medium,1,11,6,45.32
Van,12,422702,6,Suspension Repair,Medium,1,8,1,29.76
Bus,2,65240,0,Oil Change,High,0,6,4,49.29
Mini Truck,1,31104,8,Tyre Replacement,Medium,0,6,5,38.95
Truck,5,133889,10,Tyre Replacement,Low,0,10,1,34.42
Mini Truck,8,235114,0,Transmission Repair,Medium,0,1,1,88.91
Bus,2,87029,3,Tyre Replacement,Medium,1,13,4,14.04
Truck,1,45361,7,Transmission Repair,Low,0,3,5,81.78
Mini Truck,1,44247,8,Battery Replacement,Low,1,5,10,18.25
Mini Truck,4,124029,2,Electrical Repair,Low,1,14,5,15.0
Van,3,112960,0,Transmission Repair,High,0,3,7,94.28
Truck,9,442169,1,Oil Change,Low,1,7,9,20.99
Mini Truck,2,95058,6,Engine Repair,Low,1,1,3,45.22
Mini Truck,8,382048,5,Oil Change,Low,0,1,10,47.47
Van,7,283555,4,Brake Repair,High,1,4,7,42.45
Truck,1,36107,7,Battery Replacement,High,1,1,1,23.77
Truck,8,263804,4,Electrical Repair,High,0,1,8,64.22
Mini Truck,2,62419,0,Battery Replacement,Low,0,2,2,22.03
Mini Truck,10,260815,16,Battery Replacement,Low,1,8,3,22.61
Van,2,51635,4,Electrical Repair,High,1,12,7,36.13
Truck,8,229087,5,Clutch Repair,Low,1,14,1,24.42
Mini Truck,5,165159,3,Suspension Repair,Low,0,14,4,39.83
Bus,3,99073,5,Tyre Replacement,Low,1,1,3,9.49
Bus,3,103137,9,Transmission Repair,Low,0,12,1,81.83
Bus,5,222243,13,Battery Replacement,Medium,0,7,10,42.82
Van,11,370751,13,Electrical Repair,Medium,0,4,3,67.55
Mini Truck,2,92699,7,Transmission Repair,High,0,11,3,89.3
Bus,12,488266,18,Clutch Repair,Medium,0,7,1,64.91
Truck,2,87681,10,Brake Repair,Medium,0,3,7,58.37
Mini Truck,12,449702,19,Clutch Repair,Medium,1,8,9,56.66
Mini Truck,9,401806,13,Tyre Replacement,Low,1,7,1,22.74
Truck,9,362761,8,Transmission Repair,Medium,1,1,9,80.87
Van,8,372320,2,Brake Repair,High,0,8,5,69.2
Van,2,78651,4,Oil Change,Low,1,10,9,13.98
Van,7,334365,4,Engine Repair,Medium,0,5,9,85.09
Mini Truck,5,183857,0,Clutch Repair,Low,0,4,10,65.43
Mini Truck,6,221911,6,Tyre Replacement,Low,0,3,2,30.17
Van,12,557775,4,Oil Change,Medium,1,1,4,27.34
Van,1,26997,0,Oil Change,High,1,4,5,25.56
Mini Truck,8,262723,3,Oil Change,Low,0,2,5,31.63
Mini Truck,1,25758,9,Brake Repair,Medium,0,14,4,33.03
Mini Truck,4,159866,11,Clutch Repair,High,1,12,10,56.97
Truck,7,177334,10,Transmission Repair,High,0,14,9,108.56
Mini Truck,5,175922,3,Oil Change,Low,0,15,10,46.17
Bus,11,389880,7,Suspension Repair,Low,0,12,4,54.71
Truck,2,84300,1,Electrical Repair,Low,1,12,5,14.34
Bus,9,262099,9,Tyre Replacement,Low,0,11,5,26.93
Truck,6,203334,5,Engine Repair,Medium,1,7,1,48.62
Mini Truck,6,248320,9,Transmission Repair,Medium,1,14,7,69.71
Mini Truck,8,238868,1,Brake Repair,Low,0,5,1,32.99
Truck,12,565811,4,Tyre Replacement,High,0,9,8,65.07
Truck,3,126259,2,Oil Change,High,1,9,2,19.91
Mini Truck,5,215285,5,Tyre Replacement,Medium,0,13,6,39.49
Mini Truck,5,145941,3,Electrical Repair,Medium,0,1,5,39.79
Van,10,274825,17,Tyre Replacement,High,1,2,9,48.77
Truck,11,494505,2,Tyre Replacement,High,1,6,10,45.1
Truck,5,212236,13,Suspension Repair,Low,0,1,8,51.25
Van,1,33667,6,Suspension Repair,Low,0,2,3,47.03
Van,9,262571,14,Brake Repair,Low,0,12,3,35.51
Van,10,442677,13,Brake Repair,Medium,0,3,1,52.82
Bus,1,41310,6,Suspension Repair,Medium,0,14,5,46.66
Mini Truck,12,324119,9,Tyre Replacement,Low,1,7,4,24.04
Bus,7,181593,3,Brake Repair,Medium,0,1,6,53.04
Van,12,462071,15,Tyre Replacement,Medium,0,6,9,64.62
Truck,8,307435,5,Tyre Replacement,Medium,0,12,3,46.06
Van,7,293767,0,Clutch Repair,Medium,1,12,7,38.04
Bus,12,509814,4,Tyre Replacement,Medium,0,15,10,60.03
Mini Truck,9,340867,16,Transmission Repair,High,1,8,8,90.34
Truck,11,358699,18,Oil Change,High,0,6,1,53.45
Mini Truck,2,83440,4,Clutch Repair,High,1,5,3,43.25
Van,4,141052,4,Engine Repair,Medium,0,5,7,82.62
Van,2,59883,1,Electrical Repair,High,1,14,5,31.01
Bus,3,121781,4,Tyre Replacement,Low,1,11,5,12.3
Bus,11,321106,3,Brake Repair,High,1,13,4,37.68
Truck,9,263470,14,Engine Repair,Low,1,4,5,60.56
Van,6,225366,8,Clutch Repair,Low,0,9,9,57.97
Mini Truck,9,231081,12,Suspension Repair,Medium,0,6,2,46.99
Truck,3,86941,2,Electrical Repair,Medium,0,11,5,37.18
Van,4,103841,1,Suspension Repair,Low,1,10,9,25.83
Mini Truck,1,32855,7,Tyre Replacement,Low,1,1,1,7.64
Van,3,83189,11,Engine Repair,Low,1,9,10,53.17
Truck,2,55863,4,Oil Change,Low,0,5,8,30.15
Van,2,99165,7,Brake Repair,High,1,13,9,37.52
Mini Truck,1,49550,1,Suspension Repair,Low,1,11,10,22.79
Truck,12,565985,8,Brake Repair,High,1,14,8,48.68
Bus,6,152470,10,Brake Repair,Low,0,8,6,44.32
Bus,9,268423,3,Oil Change,Medium,0,9,9,55.63
Truck,8,236071,14,Oil Change,High,0,8,2,60.54
Truck,7,182206,3,Battery Replacement,Low,0,15,4,42.0
Mini Truck,5,188061,7,Brake Repair,High,0,8,6,54.92
Truck,8,309897,3,Oil Change,Low,1,9,1,11.49
Bus,6,272033,13,Clutch Repair,Low,0,3,5,61.94
Van,3,102955,6,Tyre Replacement,Low,0,7,10,32.19
Mini Truck,10,425345,12,Clutch Repair,Medium,1,5,7,47.66
Mini Truck,1,37744,7,Electrical Repair,Low,1,10,2,9.97
Van,10,472744,11,Tyre Replacement,Low,1,1,2,21.25
Mini Truck,5,232931,2,Suspension Repair,Low,0,8,1,33.86
Van,6,162168,13,Clutch Repair,Medium,0,5,4,54.38
Van,10,285901,9,Clutch Repair,Medium,0,4,1,48.25
Bus,2,98404,6,Brake Repair,Low,1,14,4,11.22
Truck,3,88229,5,Brake Repair,Medium,1,12,6,22.59
Mini Truck,12,452463,12,Engine Repair,Low,1,4,5,59.21
Truck,2,50205,5,Oil Change,Low,1,15,8,14.04
Mini Truck,5,225756,2,Battery Replacement,High,1,14,2,25.28
Bus,8,264692,10,Electrical Repair,High,0,3,9,66.61
Mini Truck,8,286380,3,Tyre Replacement,Low,1,13,10,20.25
Mini Truck,9,250811,10,Electrical Repair,Medium,0,7,1,54.92
Van,4,196252,6,Oil Change,Low,1,13,5,9.28
Mini Truck,12,493887,8,Suspension Repair,Medium,1,3,1,38.42
Bus,2,78936,1,Oil Change,Medium,0,1,9,48.53
Truck,6,250735,12,Transmission Repair,High,1,9,4,82.01
Mini Truck,11,307087,6,Brake Repair,Medium,1,5,4,27.72
Truck,3,132973,4,Brake Repair,Medium,1,12,8,21.54
Van,7,188057,5,Tyre Replacement,Medium,1,13,7,24.08
Mini Truck,3,134096,2,Clutch Repair,High,1,1,8,48.84
Mini Truck,7,240712,4,Oil Change,Medium,1,11,4,19.73
Van,8,217720,6,Electrical Repair,Low,1,8,7,22.74
Van,6,182867,3,Clutch Repair,Medium,1,10,1,31.13
Mini Truck,11,290838,8,Clutch Repair,High,1,10,4,50.44
Van,1,47738,5,Electrical Repair,Low,1,1,6,20.28
Truck,11,350911,15,Engine Repair,High,1,12,2,72.86
Bus,10,473806,14,Suspension Repair,Medium,0,6,4,61.14
Mini Truck,8,215144,15,Clutch Repair,High,1,8,6,57.82
Bus,5,145812,6,Brake Repair,High,0,4,9,63.08
Van,3,137502,3,Suspension Repair,High,0,8,4,53.2
Truck,12,392308,5,Tyre Replacement,Medium,0,2,2,50.81
Bus,11,531951,13,Brake Repair,Medium,0,7,3,42.79
Bus,3,146197,5,Brake Repair,Medium,1,14,9,25.16
Mini Truck,10,395085,7,Oil Change,Medium,0,2,7,58.62
Truck,4,176613,12,Tyre Replacement,Low,0,15,3,37.06
Truck,2,67441,2,Suspension Repair,Medium,1,14,2,17.75
Truck,7,318226,0,Brake Repair,Medium,1,15,1,17.44
Van,2,76218,3,Battery Replacement,Low,1,11,1,2.16
Truck,5,201454,3,Engine Repair,Low,1,14,8,47.66
Van,5,245169,4,Suspension Repair,High,0,14,2,62.92
Van,10,323043,14,Suspension Repair,Low,0,9,4,62.5
Truck,12,508508,10,Transmission Repair,Low,0,15,6,99.12
Bus,2,95801,9,Engine Repair,High,0,3,8,88.2
Mini Truck,3,145899,1,Tyre Replacement,High,0,14,7,44.79
Bus,11,300038,9,Suspension Repair,Low,0,14,7,58.31
Mini Truck,7,344314,10,Tyre Replacement,Medium,0,9,5,50.17
Van,10,378254,8,Electrical Repair,Low,1,12,1,18.25
Mini Truck,5,231963,0,Suspension Repair,High,1,6,7,42.53
Truck,3,80845,8,Oil Change,High,0,10,3,40.03
Van,3,85191,5,Transmission Repair,Low,0,5,5,86.98
Truck,10,309027,5,Tyre Replacement,Medium,0,4,4,43.86
Truck,3,107070,5,Brake Repair,Low,0,13,6,39.43
Bus,1,28719,9,Engine Repair,Medium,1,6,1,48.65
Van,7,327278,9,Engine Repair,High,0,13,4,82.75
Van,5,236385,3,Suspension Repair,Low,1,3,1,21.21
Truck,6,297935,11,Clutch Repair,High,0,2,3,75.04
Bus,2,60596,9,Oil Change,Medium,1,13,10,23.28
Mini Truck,6,185100,0,Brake Repair,Low,0,8,7,38.73
Truck,8,320530,9,Electrical Repair,Medium,0,2,1,56.63
Van,10,453128,8,Brake Repair,High,0,15,8,68.98
Truck,10,284718,5,Suspension Repair,Medium,0,12,4,47.25
Mini Truck,6,210848,11,Suspension Repair,Low,1,14,5,27.4
Mini Truck,6,189621,10,Clutch Repair,High,1,5,7,55.09
Truck,3,78329,9,Suspension Repair,Low,1,13,4,19.73
Truck,1,43713,9,Tyre Replacement,High,1,6,3,27.53
Bus,1,31260,2,Brake Repair,Low,1,12,4,11.64
Bus,6,152603,5,Brake Repair,Medium,0,12,3,33.29
Truck,5,156164,10,Oil Change,High,1,8,10,43.43
Mini Truck,11,348220,8,Battery Replacement,High,0,6,5,57.38
Van,2,82880,8,Engine Repair,High,1,11,6,61.03
Truck,10,297273,0,Transmission Repair,High,1,8,1,75.81
Mini Truck,8,366211,12,Engine Repair,Low,0,13,3,76.56
Mini Truck,6,174975,5,Oil Change,Low,1,8,9,20.8
Bus,7,247073,1,Clutch Repair,Medium,1,12,9,41.24
Van,12,583894,5,Electrical Repair,High,1,12,8,48.35
Van,7,220062,0,Clutch Repair,Medium,1,8,3,32.75
Van,6,229991,14,Engine Repair,High,1,12,6,75.01
Truck,10,352705,5,Clutch Repair,Low,0,3,6,49.62
Truck,9,273064,11,Suspension Repair,Low,1,8,3,26.01
Mini Truck,4,177199,12,Transmission Repair,Low,0,2,3,82.04
Van,5,136428,4,Tyre Replacement,High,0,13,1,53.39
Mini Truck,3,133115,0,Tyre Replacement,Medium,1,1,5,18.84
Bus,1,44028,5,Suspension Repair,Low,0,2,8,48.36
Truck,1,48500,3,Brake Repair,Low,0,10,4,31.67
Bus,4,170614,9,Tyre Replacement,Low,0,5,8,33.32
Truck,10,308246,12,Oil Change,High,0,7,1,62.61
Van,8,327363,1,Electrical Repair,Medium,1,7,2,26.44
Mini Truck,1,40532,6,Tyre Replacement,Medium,1,4,9,26.68
Bus,1,25482,9,Electrical Repair,Low,1,3,4,18.68
Bus,7,198627,14,Suspension Repair,High,0,14,4,57.43
Van,4,153787,1,Oil Change,High,1,5,2,29.81
Mini Truck,5,142985,3,Brake Repair,Medium,1,5,5,22.37
Truck,12,403089,14,Tyre Replacement,Medium,1,11,7,33.66
Bus,8,310159,1,Suspension Repair,High,0,13,5,62.99
Van,10,261797,8,Suspension Repair,Low,1,6,6,35.13
Truck,9,369304,14,Oil Change,Low,1,10,10,30.6
Van,3,114292,11,Tyre Replacement,Low,0,5,9,41.57
Mini Truck,5,159944,12,Transmission Repair,Low,1,3,4,64.53
Bus,6,262302,12,Electrical Repair,Low,1,10,5,24.01
Mini Truck,10,449453,0,Tyre Replacement,Medium,1,13,9,29.11
Bus,12,418171,12,Tyre Replacement,Medium,0,5,8,49.12
Van,9,338737,8,Brake Repair,High,0,1,10,72.59
Van,9,313399,10,Battery Replacement,High,1,3,2,37.22
Mini Truck,12,446028,7,Electrical Repair,High,0,14,1,66.96
Van,8,339888,2,Transmission Repair,High,1,1,5,83.67
Mini Truck,11,490254,3,Transmission Repair,Low,1,9,9,70.89
Bus,5,152823,7,Oil Change,Medium,1,2,9,31.44
Mini Truck,11,459236,13,Transmission Repair,Medium,1,3,7,84.94
Van,7,320084,2,Electrical Repair,High,1,15,2,31.47
Bus,9,420702,1,Oil Change,Low,1,8,3,14.31
Truck,1,41941,4,Electrical Repair,Low,1,11,9,18.37
Mini Truck,1,34504,3,Electrical Repair,Medium,1,1,6,23.14
Truck,4,192522,3,Battery Replacement,Medium,1,10,9,22.72
Van,4,103545,6,Battery Replacement,High,1,11,4,26.52
Truck,7,298470,3,Clutch Repair,Low,0,12,3,49.92
Mini Truck,8,350637,8,Brake Repair,High,0,13,9,71.65
Mini Truck,6,207155,8,Electrical Repair,High,0,7,8,63.73
Mini Truck,4,139935,10,Tyre Replacement,High,1,7,1,27.49
Bus,11,444163,0,Transmission Repair,High,0,3,2,108.43
Truck,5,209923,13,Clutch Repair,Medium,0,9,7,66.84
Truck,7,277433,6,Tyre Replacement,Low,0,7,3,45.98
Truck,8,250241,5,Clutch Repair,High,0,11,10,86.64
Van,8,231456,4,Suspension Repair,High,1,15,4,39.85
Van,8,223707,14,Oil Change,High,1,14,5,37.45
Bus,3,128113,9,Transmission Repair,Low,0,4,10,95.55
Van,2,94208,3,Electrical Repair,Medium,0,2,5,46.35
Mini Truck,8,207021,12,Tyre Replacement,Low,1,14,9,23.16
Mini Truck,4,100261,5,Transmission Repair,High,0,5,4,103.41
Bus,11,403638,1,Tyre Replacement,High,0,8,9,57.48
Mini Truck,8,331595,0,Suspension Repair,High,1,11,5,38.72
Van,11,334715,10,Clutch Repair,High,0,2,7,80.46
Van,11,542912,2,Electrical Repair,Low,0,8,1,35.76
Mini Truck,1,44630,2,Suspension Repair,High,1,1,8,41.73
Truck,4,104074,8,Clutch Repair,Low,0,8,3,50.46
Van,9,268412,13,Clutch Repair,Low,1,14,5,35.16
Bus,1,46643,0,Battery Replacement,Low,1,10,3,4.13
Mini Truck,11,419499,2,Brake Repair,Medium,0,7,10,52.94
Mini Truck,2,61238,7,Suspension Repair,Medium,0,1,9,46.71
Van,1,32867,9,Brake Repair,Medium,0,11,3,39.72
Van,11,413706,8,Transmission Repair,Low,1,13,10,70.65
Mini Truck,11,371406,8,Electrical Repair,High,1,15,1,36.84
Truck,3,76435,11,Transmission Repair,High,0,5,3,98.86
Van,7,331413,0,Brake Repair,Low,0,8,6,36.97
Truck,3,147262,4,Battery Replacement,Medium,0,4,10,46.68
Mini Truck,1,29320,4,Engine Repair,Medium,1,3,5,49.48
Truck,6,243024,3,Suspension Repair,Medium,0,12,9,59.99
Bus,5,214085,0,Engine Repair,Medium,1,14,9,55.43
Van,2,73086,9,Battery Replacement,Medium,0,9,6,37.92
Mini Truck,7,214916,6,Tyre Replacement,Low,1,1,7,21.62
Mini Truck,8,358418,16,Suspension Repair,Medium,0,3,6,70.73
Bus,10,464065,15,Tyre Replacement,Low,0,5,3,52.98
Mini Truck,3,96729,6,Tyre Replacement,Low,1,7,7,13.97
Truck,8,349211,13,Tyre Replacement,Low,1,7,10,30.74
Van,10,489812,17,Engine Repair,Low,1,13,9,60.33
Mini Truck,7,320746,14,Battery Replacement,Medium,0,6,7,41.79
Bus,2,66191,4,Clutch Repair,Low,0,9,5,44.76
Truck,6,202466,9,Clutch Repair,High,0,13,10,69.49
Van,3,127750,0,Oil Change,Low,0,5,5,28.56
Mini Truck,7,213481,2,Transmission Repair,High,0,14,1,92.13
Truck,4,139389,1,Oil Change,Low,1,6,3,6.59
Mini Truck,3,79347,9,Clutch Repair,Medium,1,14,7,35.0
Bus,3,92751,4,Oil Change,Medium,0,1,9,38.08
Van,6,210850,0,Battery Replacement,Medium,1,10,2,13.35
Bus,9,387644,12,Tyre Replacement,High,0,11,6,63.81
Van,1,27791,7,Electrical Repair,Low,0,8,10,49.21
Mini Truck,2,84484,6,Electrical Repair,Medium,0,13,5,31.65
Bus,4,140285,7,Transmission Repair,Low,0,6,4,72.67
Van,8,373139,10,Suspension Repair,Low,0,1,8,62.86
Mini Truck,4,184195,2,Brake Repair,Medium,1,1,4,26.32
Mini Truck,2,99648,9,Tyre Replacement,Low,0,12,6,42.45
Truck,10,301976,16,Battery Replacement,Low,0,8,1,40.78
Bus,12,396389,9,Transmission Repair,Medium,1,5,9,83.39
Truck,5,189668,6,Oil Change,Medium,1,14,3,16.16
Van,6,167219,14,Oil Change,High,1,7,6,39.21
Truck,10,268688,15,Oil Change,High,1,2,8,48.57
Van,11,362272,17,Electrical Repair,Low,1,6,7,31.77
Van,5,129854,9,Brake Repair,High,1,9,1,30.94
Bus,6,292765,11,Brake Repair,High,0,6,8,66.92
Bus,12,505730,11,Engine Repair,High,0,15,7,90.16
Mini Truck,8,200705,1,Transmission Repair,Low,0,15,1,70.4
Bus,5,140365,8,Transmission Repair,Low,0,10,9,81.0
Van,2,85365,0,Engine Repair,High,1,7,3,60.96
Truck,4,167337,5,Clutch Repair,High,1,11,5,47.97
Truck,11,508211,17,Clutch Repair,Low,0,7,6,62.26
Bus,2,75043,4,Suspension Repair,High,0,14,4,54.85
Bus,12,518902,4,Engine Repair,Low,0,10,8,79.46
Bus,1,41486,8,Oil Change,Medium,1,1,9,21.11
Mini Truck,1,44548,2,Oil Change,High,0,10,10,43.4
Bus,4,110336,1,Engine Repair,High,0,13,7,89.83
Truck,2,71973,8,Transmission Repair,High,1,9,1,69.47
Bus,3,127342,3,Tyre Replacement,High,0,2,10,61.89
Truck,5,184614,12,Tyre Replacement,Low,0,6,4,44.05
Truck,8,325149,8,Electrical Repair,High,1,5,8,51.86
Truck,9,402968,4,Engine Repair,Low,1,13,2,49.88
Bus,7,194248,10,Engine Repair,High,1,7,8,78.58
Mini Truck,7,209673,13,Tyre Replacement,Low,1,12,10,25.08
Mini Truck,1,36904,3,Oil Change,Low,1,2,9,16.16
Bus,1,29251,5,Battery Replacement,High,1,1,4,25.36
Mini Truck,9,330194,1,Electrical Repair,Low,1,4,1,21.66
Mini Truck,7,237575,13,Oil Change,Medium,0,3,9,44.64
Mini Truck,5,234762,0,Clutch Repair,High,0,1,4,77.58
Truck,10,281002,5,Oil Change,High,0,11,1,44.02
Bus,3,78054,9,Transmission Repair,Medium,0,12,4,86.9
Bus,10,372549,11,Engine Repair,Low,0,7,1,63.05
Mini Truck,1,29359,7,Electrical Repair,Medium,1,11,6,20.78
Bus,5,207596,9,Tyre Replacement,Low,1,5,9,22.2
Bus,12,449586,10,Engine Repair,High,0,2,9,94.9
Truck,12,587322,19,Suspension Repair,Medium,1,9,4,46.24
Bus,5,224888,5,Suspension Repair,Medium,0,14,3,45.84
Van,2,82330,9,Battery Replacement,Low,1,12,7,13.66
Mini Truck,1,32691,6,Brake Repair,Medium,0,5,9,53.26
Truck,8,202748,9,Battery Replacement,High,0,13,7,59.8
Truck,3,100787,5,Brake Repair,Medium,1,1,2,18.67
Bus,4,189246,0,Brake Repair,Medium,0,11,2,39.83
Mini Truck,2,70711,6,Oil Change,Medium,1,10,1,12.97
Bus,3,98493,4,Transmission Repair,Low,0,4,10,87.17
Bus,8,348679,8,Oil Change,High,1,5,6,38.62
Van,2,94565,5,Battery Replacement,High,0,6,8,49.01
Truck,11,483593,13,Transmission Repair,High,1,10,4,85.13
Mini Truck,6,251801,14,Brake Repair,High,0,4,6,72.88
Bus,11,516175,12,Clutch Repair,Low,1,11,8,44.78
Truck,3,106835,11,Battery Replacement,Medium,0,9,5,38.25
Truck,11,327565,18,Tyre Replacement,Low,0,10,6,51.2
Mini Truck,4,128444,3,Tyre Replacement,High,1,4,3,27.51
Van,10,475604,12,Transmission Repair,Medium,0,3,9,100.33
Bus,4,121478,6,Battery Replacement,Medium,0,5,3,45.77
Mini Truck,4,181520,11,Tyre Replacement,Low,1,11,3,11.74
Truck,3,106234,10,Tyre Replacement,Low,0,5,1,25.68
Mini Truck,10,299518,7,Tyre Replacement,High,1,5,3,33.22
Van,5,189833,10,Brake Repair,High,0,15,10,52.73
Mini Truck,6,234169,13,Brake Repair,Medium,1,12,6,28.58
Van,7,190093,14,Electrical Repair,Medium,0,4,9,55.78
Truck,1,25123,6,Transmission Repair,Low,0,11,3,66.68
Mini Truck,11,353930,4,Battery Replacement,Medium,1,8,4,23.0
Van,2,77142,8,Oil Change,Medium,1,15,5,15.46
Mini Truck,1,39514,0,Engine Repair,High,1,1,4,59.62
Mini Truck,1,35979,9,Electrical Repair,Low,1,3,5,14.48
Truck,12,319709,20,Battery Replacement,High,1,12,1,35.06
Van,8,270844,0,Suspension Repair,Medium,1,9,3,26.19
Mini Truck,8,310165,4,Electrical Repair,High,0,14,7,58.92
Truck,1,33031,6,Engine Repair,High,1,11,7,57.34
Bus,7,193605,9,Battery Replacement,Medium,1,10,8,25.44
Van,2,84256,3,Battery Replacement,High,1,14,10,30.29
Truck,5,203478,11,Clutch Repair,Medium,0,10,10,69.31
Bus,1,34243,9,Engine Repair,Low,1,13,7,44.77
Bus,4,116719,2,Engine Repair,High,1,15,7,63.23
Truck,3,88217,2,Clutch Repair,High,0,11,2,60.76
Bus,9,313980,7,Transmission Repair,Low,0,12,2,72.38
Mini Truck,7,217820,4,Engine Repair,High,1,8,5,68.61
Van,11,359733,10,Suspension Repair,High,1,12,9,54.73
Mini Truck,2,83645,8,Clutch Repair,Low,0,4,8,62.25
Mini Truck,1,35807,8,Transmission Repair,Low,1,9,1,58.71
Mini Truck,12,340388,6,Transmission Repair,High,1,7,5,81.54
Mini Truck,12,581270,8,Suspension Repair,Low,1,9,7,40.36
Mini Truck,10,320605,18,Suspension Repair,Low,0,1,10,70.23
Van,4,151769,12,Brake Repair,Low,0,10,3,42.19
Truck,7,280061,4,Oil Change,Low,1,6,6,17.71
Bus,12,535729,16,Suspension Repair,Medium,1,8,9,48.61
Mini Truck,6,235925,12,Electrical Repair,Medium,1,2,3,29.12
Bus,8,312971,8,Oil Change,Low,0,7,9,51.09
Bus,9,431280,13,Clutch Repair,Low,1,11,1,29.88
Bus,2,77179,6,Electrical Repair,Medium,1,2,3,23.97
Van,5,237928,4,Transmission Repair,Low,1,15,5,56.05
Truck,3,101439,3,Clutch Repair,Medium,1,1,9,37.95
Van,6,273195,13,Oil Change,High,0,8,1,50.23
Mini Truck,4,105974,9,Transmission Repair,Medium,0,15,4,92.47
Mini Truck,1,30680,0,Electrical Repair,High,0,9,10,64.44
Van,1,44946,4,Brake Repair,Low,1,11,10,18.57
Truck,10,451892,13,Brake Repair,High,1,10,8,47.96
Mini Truck,3,110748,5,Tyre Replacement,High,1,2,4,32.92
Bus,7,334748,8,Clutch Repair,Low,1,6,1,31.22
Mini Truck,4,146391,12,Suspension Repair,High,1,5,9,54.06
Truck,10,334375,15,Engine Repair,High,1,11,1,69.39
Bus,10,467156,17,Oil Change,Low,1,1,3,28.01
Bus,5,144285,10,Oil Change,Low,0,6,9,37.94
Bus,9,298496,0,Battery Replacement,Low,1,3,1,14.88
Van,2,86930,7,Battery Replacement,Medium,1,9,7,18.03
Mini Truck,6,245761,1,Transmission Repair,Low,1,12,5,58.95
Van,4,100484,8,Clutch Repair,High,0,14,10,73.22
Mini Truck,12,569642,8,Brake Repair,High,1,3,4,47.17
Van,3,131277,0,Electrical Repair,High,1,12,10,38.1
Bus,3,135194,6,Battery Replacement,Medium,0,2,8,42.86
Truck,7,280606,5,Engine Repair,High,0,6,2,92.87
Truck,8,341789,16,Tyre Replacement,Medium,0,15,7,53.35
Bus,10,331896,13,Clutch Repair,High,0,15,7,76.08
Van,3,135315,11,Tyre Replacement,Low,1,2,8,23.82
Truck,3,97447,3,Battery Replacement,High,0,1,7,57.31
Bus,12,584244,20,Battery Replacement,Low,1,13,8,31.73
Mini Truck,10,334662,8,Brake Repair,High,1,7,8,45.17
Bus,6,203090,9,Clutch Repair,Low,0,14,8,54.04
Mini Truck,9,242382,11,Brake Repair,Medium,1,10,1,26.18
Bus,6,283674,9,Suspension Repair,Low,1,14,9,33.18
Van,9,294094,17,Clutch Repair,Medium,1,4,9,51.53
Truck,3,77214,10,Battery Replacement,Medium,0,3,4,49.71
Mini Truck,11,332029,5,Brake Repair,High,0,11,6,52.74
Truck,3,149327,10,Clutch Repair,High,1,14,2,41.11
Van,1,46261,7,Oil Change,Medium,1,12,10,22.96
Truck,2,53085,7,Tyre Replacement,Low,1,13,3,6.4
Van,7,320038,7,Engine Repair,Medium,1,11,5,57.68
Mini Truck,1,32949,5,Oil Change,Medium,1,6,8,19.25
Mini Truck,9,430243,7,Engine Repair,Medium,1,12,8,63.25
Truck,8,315935,7,Brake Repair,Low,0,2,6,45.76
Bus,11,297391,10,Battery Replacement,High,0,6,3,52.44
Mini Truck,10,408204,7,Clutch Repair,Medium,1,5,1,32.9
Bus,6,283457,8,Engine Repair,Low,0,5,2,68.86
Mini Truck,1,46345,1,Tyre Replacement,Low,1,14,1,1.0
Van,7,315444,14,Brake Repair,Medium,1,14,9,36.27
Truck,12,319647,18,Battery Replacement,Medium,1,9,1,29.05
Van,4,183730,4,Transmission Repair,Medium,1,9,5,64.87
Bus,7,299001,9,Oil Change,Low,1,12,7,22.43
Bus,1,27175,6,Engine Repair,Low,1,8,4,40.17
Mini Truck,9,398514,6,Brake Repair,Medium,1,6,8,37.68
Van,10,488554,4,Battery Replacement,Low,0,9,7,53.25
Van,12,319789,4,Brake Repair,Medium,1,15,5,26.82
Van,4,129706,2,Transmission Repair,Low,1,14,6,57.97
Truck,9,315953,8,Clutch Repair,Low,1,13,7,34.05
Truck,8,254343,9,Transmission Repair,Medium,1,12,5,67.49
Mini Truck,3,91034,5,Electrical Repair,High,1,11,2,28.79
Mini Truck,5,222088,9,Brake Repair,Medium,0,8,1,41.76
Truck,3,96703,1,Clutch Repair,High,0,7,10,76.95
Truck,11,425302,3,Engine Repair,Medium,1,11,8,65.0
Mini Truck,12,330709,18,Transmission Repair,High,0,12,8,118.99
Bus,1,49115,2,Tyre Replacement,High,1,5,4,27.2
Van,1,29966,6,Electrical Repair,High,0,10,10,61.96
Van,2,86557,3,Suspension Repair,Medium,1,8,2,17.72
Mini Truck,7,283491,13,Brake Repair,Low,0,6,7,47.18
Bus,3,79203,2,Tyre Replacement,Low,0,5,10,44.37
Truck,2,63681,7,Suspension Repair,High,0,15,7,65.7
Bus,10,444083,0,Brake Repair,Medium,1,10,2,20.3
Bus,3,114902,4,Suspension Repair,Low,1,5,1,20.82
Van,4,132153,12,Electrical Repair,Low,1,5,7,27.44
Bus,7,255522,4,Suspension Repair,Low,0,9,7,46.87
Mini Truck,3,124756,3,Brake Repair,High,1,12,7,35.97
Bus,6,191405,10,Tyre Replacement,Medium,1,7,5,22.72
Truck,5,204672,0,Oil Change,Low,1,1,3,12.63
Bus,6,166658,11,Engine Repair,Medium,1,15,5,54.87
Mini Truck,8,236878,5,Clutch Repair,High,0,10,1,66.1
Mini Truck,4,130595,1,Transmission Repair,Medium,1,7,2,61.35
Bus,11,527812,9,Engine Repair,Low,1,2,2,57.84
Bus,12,540117,16,Clutch Repair,Medium,1,4,2,48.58
Van,12,304234,9,Oil Change,High,1,5,4,37.03
Mini Truck,8,370559,13,Suspension Repair,Low,0,1,9,60.99
Truck,1,28273,8,Battery Replacement,Low,0,5,4,40.04
Truck,6,174143,1,Transmission Repair,Low,1,8,9,63.73
Mini Truck,3,88616,0,Battery Replacement,High,0,9,8,42.83
Truck,10,426000,12,Clutch Repair,Medium,1,5,3,48.98
Bus,8,213861,13,Clutch Repair,High,0,3,7,91.97
Van,4,194566,1,Electrical Repair,Medium,0,12,4,33.25
Mini Truck,1,26729,2,Engine Repair,Low,0,9,7,65.71
Bus,12,309891,10,Tyre Replacement,Low,1,12,2,18.07
Truck,5,228318,2,Oil Change,Medium,1,8,1,11.48
Truck,6,169762,4,Electrical Repair,High,0,1,2,60.85
Mini Truck,4,126975,11,Clutch Repair,Low,0,3,3,51.19
Truck,1,35469,3,Tyre Replacement,Low,0,1,6,34.57
Van,11,289434,3,Oil Change,Low,0,13,4,35.86
Bus,4,129311,9,Brake Repair,Low,0,11,3,37.18
Van,9,324308,3,Engine Repair,Low,0,12,10,72.33
Bus,7,249267,10,Tyre Replacement,Low,1,3,9,24.87
Mini Truck,5,226255,12,Transmission Repair,High,1,7,1,75.94
Van,5,201500,8,Suspension Repair,Medium,0,5,3,46.69
Bus,4,157313,12,Battery Replacement,High,1,11,4,32.69
Bus,11,464017,5,Battery Replacement,Low,1,7,2,15.07
Bus,12,393094,12,Suspension Repair,Medium,1,10,2,37.1
Bus,8,302258,5,Electrical Repair,Low,0,10,7,46.93
Bus,2,67471,7,Electrical Repair,Low,0,7,10,49.14
Van,5,240101,7,Transmission Repair,Medium,1,12,6,65.96
Van,6,204625,8,Suspension Repair,Low,1,12,4,23.06
Van,5,151548,11,Suspension Repair,Medium,0,5,2,54.27
Mini Truck,2,60266,10,Battery Replacement,High,1,4,9,34.73
Van,6,221159,3,Transmission Repair,Medium,1,9,7,65.22
Van,11,288701,13,Brake Repair,Medium,0,5,10,67.02
Van,10,409493,17,Brake Repair,Medium,0,6,4,65.47
Truck,2,75798,8,Engine Repair,High,1,2,1,57.82
Van,1,41289,3,Battery Replacement,Low,1,1,8,9.05
Van,1,28126,4,Clutch Repair,High,1,14,8,42.98
Truck,9,261683,12,Transmission Repair,High,0,2,3,101.02
Bus,7,226500,9,Battery Replacement,Medium,0,6,5,42.87
Van,7,252735,11,Suspension Repair,Low,0,10,2,49.3
Van,12,457587,0,Engine Repair,Medium,1,9,2,54.35
Truck,3,129212,11,Suspension Repair,High,1,10,8,47.9
Truck,10,357478,14,Oil Change,Medium,0,4,6,48.04
Truck,1,28436,6,Brake Repair,Low,1,13,10,17.11
Truck,2,76303,3,Transmission Repair,High,0,13,2,85.64
Van,4,135674,4,Engine Repair,Medium,1,14,8,54.26
Van,11,418461,17,Brake Repair,Medium,0,14,10,68.86
Bus,2,97734,0,Brake Repair,Medium,1,10,4,15.85
Truck,2,66452,8,Brake Repair,Low,1,1,5,13.39
Truck,1,26558,4,Tyre Replacement,Low,0,9,9,37.85
Mini Truck,2,76489,8,Oil Change,High,0,15,10,47.27
Van,5,143924,1,Engine Repair,Medium,1,5,9,55.67
Bus,3,82853,3,Electrical Repair,Low,0,7,1,38.35
Truck,8,355104,3,Engine Repair,High,1,1,2,68.54
Bus,8,225921,2,Battery Replacement,Low,0,15,3,23.87
Bus,1,29435,4,Battery Replacement,High,0,3,9,62.94
Truck,5,137060,1,Tyre Replacement,High,1,14,5,25.85
Bus,3,138514,11,Brake Repair,High,0,7,8,68.47
Bus,8,299762,9,Suspension Repair,Low,0,4,9,51.22
Truck,11,536785,9,Brake Repair,High,1,2,10,55.18
Bus,3,107702,10,Tyre Replacement,Low,1,5,1,9.6
Truck,12,424501,2,Electrical Repair,Low,1,1,7,31.99
Mini Truck,11,372279,12,Brake Repair,Medium,1,14,6,34.15
Bus,3,117359,2,Battery Replacement,High,1,15,2,17.07
Truck,3,122616,4,Battery Replacement,High,0,15,8,62.34
Bus,9,362812,11,Suspension Repair,Medium,1,9,10,43.06
Van,1,26003,5,Brake Repair,High,1,7,8,36.01
Bus,11,485706,6,Electrical Repair,Medium,1,15,3,30.95
Van,8,367287,2,Battery Replacement,Low,1,7,3,11.43
Bus,7,271195,0,Transmission Repair,Medium,0,8,1,71.99
Truck,5,237593,10,Transmission Repair,Low,0,1,7,95.5
Mini Truck,3,109167,0,Clutch Repair,Medium,0,15,1,33.22
Mini Truck,7,316949,1,Transmission Repair,Low,1,3,9,71.24
Van,1,40457,6,Tyre Replacement,Low,0,2,6,29.49
Van,4,118720,8,Tyre Replacement,Low,0,9,3,31.58
Truck,9,297802,15,Electrical Repair,Low,0,6,10,66.69
Bus,1,25042,4,Brake Repair,Low,1,8,10,16.45
Truck,4,148893,12,Brake Repair,High,0,15,4,56.1
Truck,6,200918,5,Battery Replacement,Low,0,13,9,48.44
Van,1,39309,4,Brake Repair,High,1,8,9,35.03
Truck,10,449012,14,Clutch Repair,Low,0,3,9,59.8
Truck,1,34833,1,Transmission Repair,High,1,4,5,71.49
Truck,10,337272,4,Clutch Repair,Low,1,5,8,36.74
Mini Truck,8,275454,4,Clutch Repair,Low,0,2,9,69.7
Van,1,37632,3,Electrical Repair,Medium,0,11,4,46.99
Truck,11,351498,3,Engine Repair,High,1,5,4,71.05
Mini Truck,10,400918,0,Electrical Repair,Medium,1,6,8,34.46
Bus,10,399989,9,Oil Change,High,1,3,10,49.69
Truck,7,333005,13,Oil Change,High,1,6,3,34.39
Mini Truck,1,37362,1,Oil Change,Medium,1,7,8,20.68
Van,4,159290,12,Transmission Repair,Medium,1,15,1,60.5
Truck,7,258452,4,Battery Replacement,Medium,0,15,4,45.65
Truck,5,202037,8,Oil Change,Low,1,4,1,10.25
Bus,4,162771,11,Suspension Repair,High,0,11,10,76.56
Bus,5,164491,7,Battery Replacement,Low,1,13,1,8.8
Bus,11,371566,7,Tyre Replacement,Medium,0,4,5,59.02
Truck,1,33975,1,Battery Replacement,High,0,5,2,44.71
Bus,4,152208,9,Brake Repair,Medium,1,6,8,28.73
Bus,10,493313,0,Suspension Repair,Low,1,10,7,32.43
Truck,3,111379,2,Electrical Repair,Medium,0,4,4,41.39
Van,10,458359,10,Transmission Repair,Medium,0,15,4,80.85
Bus,11,348033,16,Suspension Repair,Low,0,5,1,45.35
Mini Truck,7,223187,2,Battery Replacement,Low,0,8,5,30.76
Van,3,78465,4,Brake Repair,Medium,1,9,3,18.1
Truck,6,213108,9,Tyre Replacement,Medium,1,10,4,21.52
Mini Truck,1,37983,3,Tyre Replacement,Medium,0,4,2,34.12
Van,9,236837,9,Clutch Repair,Medium,0,3,3,49.87
Mini Truck,2,94002,9,Oil Change,Low,0,11,4,28.13
Bus,10,309164,15,Battery Replacement,Low,0,1,1,29.86
Van,12,479092,13,Brake Repair,Medium,0,3,6,65.01
Bus,12,558069,2,Clutch Repair,High,1,6,10,62.59
Bus,1,48825,7,Tyre Replacement,Low,0,5,6,32.43
Van,12,422857,2,Suspension Repair,High,1,8,9,51.6
Truck,5,168450,6,Transmission Repair,Medium,1,14,4,64.84
Mini Truck,1,49251,1,Transmission Repair,Medium,0,11,10,81.48
Truck,11,511642,15,Suspension Repair,Medium,1,6,1,39.48
Bus,3,136725,10,Suspension Repair,Low,0,1,10,50.11
Truck,12,468376,15,Clutch Repair,Low,1,11,2,39.14
Truck,3,92307,3,Brake Repair,High,0,7,8,64.01
Mini Truck,1,37660,7,Suspension Repair,Low,1,4,3,20.69
Van,4,189647,7,Brake Repair,High,1,10,3,35.8
Truck,3,124617,10,Clutch Repair,High,1,11,9,54.09
Bus,7,232847,15,Brake Repair,Low,1,14,3,18.27
Bus,4,102827,0,Oil Change,High,0,8,6,48.55
Van,4,192148,11,Brake Repair,Low,0,5,7,44.14
Mini Truck,7,335590,6,Tyre Replacement,Medium,1,2,8,31.7
Van,11,535535,13,Electrical Repair,High,0,15,6,67.36
Van,1,28088,1,Transmission Repair,High,0,14,7,90.34
Van,12,524379,12,Transmission Repair,Low,1,8,4,68.52
Bus,2,59469,7,Tyre Replacement,Medium,1,6,4,16.93
Van,8,295795,12,Electrical Repair,Medium,1,7,5,32.46
Mini Truck,9,301940,13,Tyre Replacement,Low,1,14,10,24.7
Bus,12,492732,3,Oil Change,Medium,1,11,3,24.31
Bus,1,38542,9,Tyre Replacement,High,1,6,7,33.89
Bus,2,59371,10,Oil Change,Medium,0,13,8,45.01
Mini Truck,3,105332,11,Electrical Repair,High,0,10,8,69.84
Van,5,214760,4,Tyre Replacement,Low,0,10,2,32.85
Mini Truck,11,469640,0,Tyre Replacement,Low,0,5,8,54.21
Truck,5,244368,5,Battery Replacement,High,1,14,3,26.28
Bus,2,84062,4,Oil Change,Medium,0,4,4,42.82
Van,2,69176,7,Clutch Repair,High,0,13,4,60.77
Mini Truck,11,356820,1,Transmission Repair,Medium,0,12,7,97.45
Mini Truck,12,533448,0,Suspension Repair,Low,1,11,4,27.46
Van,9,336762,6,Oil Change,Low,0,3,3,31.75
Truck,12,571577,9,Clutch Repair,Medium,0,7,5,72.7
Van,4,198662,3,Suspension Repair,Medium,1,1,9,38.62
Van,12,583250,19,Suspension Repair,Medium,0,12,4,67.48
Truck,6,216373,9,Transmission Repair,Medium,0,1,9,98.94
Mini Truck,5,199482,11,Oil Change,Low,0,3,5,41.62
Truck,10,493932,6,Electrical Repair,Low,0,2,2,47.66
Bus,7,203763,15,Electrical Repair,High,0,9,1,53.38
Truck,5,158460,10,Brake Repair,Low,1,1,5,25.67
Van,2,72843,6,Suspension Repair,High,1,2,4,39.81
Bus,4,168477,10,Brake Repair,Medium,0,8,5,52.07
Bus,6,282562,0,Engine Repair,Low,0,2,7,81.83
Bus,7,248880,14,Brake Repair,Medium,1,9,5,27.95
Truck,2,89858,0,Tyre Replacement,Medium,0,7,10,50.65
Van,8,383953,3,Suspension Repair,Low,0,6,9,56.5
Mini Truck,9,335728,3,Brake Repair,High,1,14,7,41.25
Mini Truck,6,286659,3,Engine Repair,Low,1,2,8,50.51
Truck,12,468216,0,Electrical Repair,High,0,6,4,62.88
Bus,11,310113,18,Electrical Repair,Medium,1,8,3,34.4
Bus,4,147807,3,Engine Repair,High,0,5,3,86.94
Mini Truck,11,349462,3,Battery Replacement,High,1,6,9,44.03
Truck,2,94650,5,Clutch Repair,Medium,1,7,9,36.53
Mini Truck,10,477804,6,Oil Change,Low,0,3,9,48.85
Van,3,135558,2,Battery Replacement,Medium,1,10,9,20.23
Van,5,166504,1,Electrical Repair,High,0,3,6,52.97
Bus,5,180898,1,Engine Repair,Low,1,14,4,43.59
Truck,9,372928,15,Tyre Replacement,High,0,11,8,63.69
Van,8,324548,15,Battery Replacement,High,0,2,9,63.23
Van,6,183625,11,Battery Replacement,High,1,4,1,31.09
Truck,1,39502,1,Tyre Replacement,Low,0,14,3,20.92
Van,4,138692,10,Transmission Repair,Medium,0,15,1,78.62
Mini Truck,12,534375,15,Brake Repair,High,1,15,2,40.57
Mini Truck,2,74654,5,Suspension Repair,Medium,1,7,8,30.67
Mini Truck,5,130333,9,Suspension Repair,High,0,4,5,67.36
Truck,1,45152,5,Tyre Replacement,Low,1,3,7,15.28
Bus,4,160148,9,Engine Repair,High,0,3,2,93.49
Truck,5,156965,9,Oil Change,Medium,0,6,5,50.08
Van,7,188125,3,Electrical Repair,Medium,0,2,6,42.06
Truck,1,27268,6,Tyre Replacement,Medium,0,1,9,35.98
Van,7,266396,6,Transmission Repair,Medium,1,10,8,69.36
Van,4,141765,4,Clutch Repair,High,0,6,8,61.11
Van,2,68591,9,Suspension Repair,Medium,0,14,5,48.91
Van,12,564952,13,Suspension Repair,Medium,0,13,3,50.77
Van,2,82430,2,Suspension Repair,Medium,1,3,9,31.73
Van,5,176491,8,Electrical Repair,Medium,0,12,8,44.53
Bus,1,26290,0,Tyre Replacement,Low,1,11,1,1.0
Truck,5,212364,11,Suspension Repair,Low,1,2,10,37.04
Truck,9,425721,10,Transmission Repair,Low,0,8,2,85.22
Van,12,329894,20,Engine Repair,Low,1,15,7,63.55
Van,7,331833,6,Oil Change,Low,0,1,1,42.81
Truck,9,440156,7,Brake Repair,High,1,9,2,36.6
Truck,5,236884,13,Clutch Repair,Low,0,9,4,51.54
Bus,2,71961,8,Tyre Replacement,High,0,10,4,40.52
Bus,12,415671,20,Battery Replacement,Medium,1,2,4,38.11
Mini Truck,7,219667,0,Clutch Repair,Low,0,3,7,62.73
Truck,6,299966,4,Battery Replacement,High,1,13,8,36.96
Truck,6,207747,1,Brake Repair,Low,1,11,9,21.72
Van,11,403192,0,Suspension Repair,Medium,0,10,8,63.02
Bus,3,87407,8,Brake Repair,High,1,3,7,38.51
Van,8,307005,11,Oil Change,High,0,7,8,66.01
Mini Truck,12,351534,16,Battery Replacement,Medium,1,14,3,30.08
Van,7,236915,13,Clutch Repair,High,1,1,2,50.28
Mini Truck,11,359654,14,Suspension Repair,Low,0,3,7,66.08
Mini Truck,8,334931,16,Oil Change,High,0,8,7,59.44
Mini Truck,6,194304,2,Clutch Repair,High,0,8,5,80.7
Van,6,298268,8,Brake Repair,Low,1,6,10,27.56
Mini Truck,8,321858,4,Suspension Repair,Medium,1,7,5,34.74
Truck,9,444835,6,Clutch Repair,Medium,0,6,1,56.11
Bus,2,78889,1,Suspension Repair,Medium,1,9,10,29.05
Van,10,268342,4,Electrical Repair,Medium,1,13,2,21.01
Mini Truck,2,92486,1,Transmission Repair,High,1,1,1,66.16
Bus,1,25142,9,Tyre Replacement,Medium,1,10,3,15.88
Mini Truck,9,443961,15,Electrical Repair,High,1,1,4,46.17
Truck,3,100713,0,Brake Repair,Low,0,6,1,21.56
Mini Truck,11,293941,15,Transmission Repair,Low,0,7,10,101.31
Van,3,96240,3,Engine Repair,Medium,0,14,2,73.23
Truck,7,219079,1,Oil Change,Medium,0,1,3,40.64
Van,7,345710,13,Tyre Replacement,Medium,1,6,4,27.8
Mini Truck,12,451141,0,Electrical Repair,Medium,0,13,5,52.97
Mini Truck,11,467664,13,Battery Replacement,Medium,0,12,7,59.37
Mini Truck,4,147433,10,Transmission Repair,Medium,1,4,5,67.22
Bus,12,334384,8,Suspension Repair,High,1,15,9,51.1
Mini Truck,6,284771,3,Transmission Repair,High,0,13,5,107.11
Van,11,460164,17,Suspension Repair,High,0,14,7,84.2
Van,7,277665,9,Clutch Repair,Medium,0,3,1,63.88
Mini Truck,6,287501,7,Oil Change,High,1,4,3,35.84
Mini Truck,10,397024,6,Transmission Repair,Medium,0,14,7,92.11
Truck,6,156233,12,Transmission Repair,Medium,0,6,1,85.6
Bus,7,296498,5,Oil Change,Low,1,4,5,21.01
Van,10,448832,6,Oil Change,High,1,8,4,38.96
Mini Truck,3,116252,4,Electrical Repair,High,0,4,9,57.23
Truck,7,211099,10,Clutch Repair,Medium,0,6,1,48.3
Truck,5,170022,0,Tyre Replacement,High,0,5,4,50.85
Van,2,59127,7,Transmission Repair,High,0,14,4,96.82
Bus,4,110311,12,Brake Repair,Low,0,4,6,53.95
Truck,5,238893,2,Suspension Repair,Medium,0,15,8,47.69
Van,9,338804,12,Tyre Replacement,High,1,2,1,39.6
Bus,8,258574,16,Engine Repair,High,1,6,5,77.83
Bus,2,67009,10,Suspension Repair,Low,0,10,4,43.86
Truck,2,81236,10,Transmission Repair,Medium,1,6,4,64.78
Mini Truck,12,316384,13,Tyre Replacement,Medium,0,9,2,50.29
Mini Truck,4,132433,7,Transmission Repair,Medium,0,14,3,72.63
Bus,8,298186,13,Tyre Replacement,Medium,1,15,2,23.98
Van,7,182535,8,Clutch Repair,Low,1,7,3,32.08
Truck,10,412905,1,Suspension Repair,High,0,2,10,79.75
Van,1,32696,9,Electrical Repair,Low,1,12,8,18.39
Truck,5,168986,0,Electrical Repair,High,0,15,3,50.54
Mini Truck,4,188696,12,Brake Repair,Low,0,5,4,46.15
Truck,5,190808,5,Brake Repair,High,1,11,3,35.73
Truck,3,123404,9,Engine Repair,Medium,1,6,1,46.47
Van,9,271059,7,Brake Repair,Low,1,3,8,28.99
Bus,6,265753,6,Battery Replacement,Low,0,2,6,42.47
Truck,12,449546,20,Transmission Repair,Low,0,9,4,92.19
Van,7,336228,11,Engine Repair,Low,0,11,3,80.33
Mini Truck,8,231117,3,Electrical Repair,Low,1,3,10,31.89
Truck,11,520209,19,Tyre Replacement,Medium,1,13,2,29.93
Mini Truck,4,121197,8,Brake Repair,Medium,0,11,10,48.75
Truck,12,563936,15,Engine Repair,High,0,3,2,104.8
Van,7,323688,2,Electrical Repair,Medium,0,11,8,56.95
Mini Truck,2,51763,5,Tyre Replacement,High,1,8,1,23.37
Mini Truck,11,428101,11,Brake Repair,Medium,0,1,5,58.22
Bus,1,25339,2,Oil Change,Low,1,12,9,11.84
Van,9,354595,17,Oil Change,Low,1,11,6,23.18
Truck,3,116446,8,Suspension Repair,Medium,1,1,4,30.82
Truck,5,126115,9,Engine Repair,Medium,1,11,8,54.05
Bus,5,206976,1,Clutch Repair,High,0,4,7,80.28
Truck,1,27474,3,Clutch Repair,High,0,8,3,53.87
Truck,6,176248,3,Engine Repair,Medium,1,1,2,53.54
Bus,3,94516,0,Brake Repair,Low,0,6,4,31.26
Truck,9,419047,6,Brake Repair,High,1,9,2,38.13
Mini Truck,4,154438,0,Engine Repair,High,0,11,8,84.04
Mini Truck,10,253310,14,Clutch Repair,High,1,11,8,57.77
Mini Truck,8,248283,1,Oil Change,Low,1,3,2,11.36
Bus,12,352283,1,Battery Replacement,Low,1,2,7,26.3
Van,5,198482,5,Oil Change,High,1,2,3,34.46
Van,8,201682,16,Electrical Repair,Low,0,15,10,44.94
Bus,11,434348,11,Transmission Repair,Medium,1,10,8,79.14
Van,10,353659,11,Electrical Repair,Medium,0,10,3,55.13
Mini Truck,8,220512,7,Battery Replacement,Medium,0,12,9,57.35
Mini Truck,3,130791,3,Electrical Repair,Medium,0,3,7,52.44
Mini Truck,9,282346,0,Electrical Repair,Medium,1,4,8,36.71
Truck,4,171364,8,Battery Replacement,High,1,14,1,22.86
Van,12,373290,6,Transmission Repair,High,1,2,5,87.28
Bus,7,274945,5,Battery Replacement,Medium,0,12,4,31.71
Bus,11,332907,2,Battery Replacement,Medium,0,11,5,41.52
Truck,6,198645,4,Clutch Repair,Low,0,10,7,60.46
Mini Truck,4,154481,4,Battery Replacement,Low,1,7,6,12.0
Mini Truck,9,373210,12,Clutch Repair,Medium,0,4,7,79.19
Van,1,25927,4,Clutch Repair,Low,1,11,10,31.1
Van,7,234510,2,Electrical Repair,High,0,12,3,47.21
Van,8,215112,12,Electrical Repair,High,0,5,2,56.86
Bus,1,37357,2,Brake Repair,Low,1,3,3,13.21
Van,5,187890,1,Clutch Repair,Low,0,2,9,50.55
Mini Truck,12,509966,20,Oil Change,Medium,1,11,8,38.86
Bus,10,375059,9,Battery Replacement,High,0,6,3,54.86
Truck,8,232568,3,Transmission Repair,High,1,13,6,77.1
Mini Truck,6,285471,11,Brake Repair,High,0,15,1,57.51
Truck,8,255380,10,Suspension Repair,Low,0,7,4,39.05
Van,10,370847,11,Electrical Repair,Medium,0,12,7,52.26
Mini Truck,10,329977,13,Engine Repair,Medium,0,2,10,86.88
Truck,7,314041,5,Oil Change,Low,0,11,1,40.15
Truck,7,304434,11,Engine Repair,High,0,2,7,94.78
Van,7,206597,7,Brake Repair,Medium,1,5,10,33.74
Truck,1,35173,9,Oil Change,Low,1,11,3,5.9
Bus,12,455112,11,Clutch Repair,Medium,0,6,7,68.78
Truck,3,138154,4,Engine Repair,High,0,3,6,91.22
Truck,8,271389,2,Tyre Replacement,Medium,0,11,5,43.24
Mini Truck,3,88932,11,Tyre Replacement,High,0,7,1,45.84
Mini Truck,4,174900,9,Transmission Repair,Medium,1,2,4,68.53
Bus,6,211277,1,Electrical Repair,Medium,0,13,1,34.1
Truck,8,356713,12,Clutch Repair,High,1,13,10,57.62
Truck,11,499735,9,Electrical Repair,High,1,3,5,52.95
Truck,9,421413,5,Brake Repair,Medium,1,11,4,24.82
Bus,11,323731,13,Suspension Repair,High,0,2,4,68.63
Mini Truck,4,156202,7,Oil Change,Medium,0,2,8,47.14
Bus,1,48145,2,Transmission Repair,Low,0,11,3,70.46
Truck,12,575361,7,Oil Change,Medium,0,3,4,53.98
Bus,5,243199,0,Brake Repair,High,0,11,5,53.97
Bus,3,113866,8,Transmission Repair,Low,0,3,5,77.79
Bus,1,47862,9,Transmission Repair,Medium,1,6,2,62.18
Truck,11,544879,13,Brake Repair,Medium,1,5,1,34.17
Bus,2,70245,7,Electrical Repair,Low,0,15,4,40.07
Truck,6,231538,13,Tyre Replacement,Medium,1,2,10,35.54
Truck,9,441177,5,Suspension Repair,Low,0,1,4,56.43
Mini Truck,6,220036,2,Tyre Replacement,Low,0,4,8,43.8
Mini Truck,7,327852,13,Tyre Replacement,Low,1,4,4,19.61
Mini Truck,2,87269,4,Brake Repair,Low,0,10,1,27.67
Bus,3,111758,10,Tyre Replacement,Medium,0,7,7,44.99
Van,5,178754,3,Engine Repair,Medium,0,4,5,70.16
Mini Truck,6,176876,11,Clutch Repair,Medium,1,15,10,42.35
Bus,12,319546,16,Suspension Repair,Medium,1,3,5,44.93
Van,12,594660,5,Suspension Repair,High,0,9,6,74.14
Truck,8,270513,6,Electrical Repair,Low,1,3,9,28.64
Bus,10,321297,15,Oil Change,Low,1,13,10,30.76
Mini Truck,5,167828,3,Electrical Repair,High,0,14,8,66.62
Bus,1,33474,7,Brake Repair,High,0,1,1,59.93
Bus,5,142874,8,Clutch Repair,Medium,0,15,5,53.12
Mini Truck,11,472809,16,Suspension Repair,Medium,1,10,9,44.13
Bus,8,204299,13,Brake Repair,Medium,0,14,7,60.96
Truck,2,67095,9,Battery Replacement,Low,0,1,4,43.78
Bus,12,534897,3,Electrical Repair,Medium,1,14,6,33.6
Mini Truck,7,260404,0,Electrical Repair,Low,1,1,2,18.4
Mini Truck,8,373588,9,Transmission Repair,High,0,4,5,102.36
Bus,10,482676,13,Clutch Repair,Medium,0,15,5,63.64
Truck,11,450701,13,Suspension Repair,High,0,8,6,77.08
Truck,3,109641,2,Clutch Repair,Medium,0,8,9,68.82
Van,6,266838,1,Transmission Repair,Low,0,6,1,70.78
Bus,12,557164,13,Tyre Replacement,Medium,1,9,2,32.85
Mini Truck,4,167803,10,Transmission Repair,High,0,13,7,109.93
Truck,11,477040,6,Electrical Repair,High,1,4,1,45.07
Truck,1,27603,2,Battery Replacement,High,1,10,6,23.19
Truck,10,420006,6,Oil Change,Medium,1,3,8,29.67
Mini Truck,6,287410,6,Battery Replacement,Low,0,7,6,42.38
Van,1,31366,6,Engine Repair,Medium,1,11,5,49.22
Van,11,410352,12,Clutch Repair,High,1,12,4,58.9
Van,2,85207,1,Tyre Replacement,Low,0,6,8,40.36
Truck,8,387187,1,Battery Replacement,Low,0,15,8,37.69
Bus,6,270844,7,Suspension Repair,Low,1,15,3,18.86
Mini Truck,4,151434,7,Clutch Repair,Medium,0,9,10,73.07
Mini Truck,8,269459,15,Electrical Repair,High,1,11,5,42.77
Van,5,235010,8,Electrical Repair,Low,1,14,4,21.21
Mini Truck,12,541012,8,Oil Change,Low,1,7,8,28.04
Mini Truck,9,349602,9,Oil Change,Medium,0,1,8,61.38
Mini Truck,6,171107,4,Battery Replacement,Medium,0,5,2,32.47
Bus,8,254446,6,Oil Change,High,0,13,1,40.77
Bus,12,317562,13,Electrical Repair,Medium,1,12,9,39.14
Van,4,197630,4,Transmission Repair,Medium,0,9,6,89.69
Bus,4,144820,2,Engine Repair,High,0,7,7,79.8
Truck,1,33527,7,Oil Change,High,0,2,1,44.29
Bus,10,447516,11,Suspension Repair,Low,0,10,10,65.79
Mini Truck,6,171063,1,Clutch Repair,Low,1,9,4,26.28
Mini Truck,5,177663,6,Brake Repair,Medium,1,8,8,28.13
Mini Truck,2,83470,10,Suspension Repair,High,1,11,1,30.08
Bus,12,541989,18,Suspension Repair,Medium,1,9,3,43.24
Truck,12,495488,4,Electrical Repair,Medium,1,10,10,37.6
Bus,1,42260,9,Brake Repair,Medium,0,12,4,34.82
Truck,12,394623,18,Tyre Replacement,Medium,1,15,5,28.67
Truck,6,222938,13,Battery Replacement,High,0,10,9,62.64
Van,3,83793,4,Oil Change,Medium,0,4,2,40.53
Mini Truck,7,183449,9,Battery Replacement,Medium,1,14,4,18.12
Van,9,379869,2,Transmission Repair,Medium,1,3,5,75.21
Mini Truck,5,238343,4,Tyre Replacement,Low,0,6,10,40.93
Bus,2,51093,10,Tyre Replacement,High,0,13,9,61.97
Van,6,171518,8,Suspension Repair,Medium,1,15,8,33.72
Mini Truck,5,137518,3,Brake Repair,Low,1,2,9,24.04
Van,1,29631,5,Clutch Repair,Medium,0,5,7,56.54
Truck,6,205060,9,Clutch Repair,High,1,11,3,44.46
Truck,8,344278,10,Electrical Repair,High,0,13,10,79.54
Bus,12,339833,5,Clutch Repair,Medium,1,6,9,52.41
Truck,7,295773,11,Tyre Replacement,Low,0,14,2,40.69
Van,5,194794,12,Brake Repair,High,0,12,1,48.4
Truck,5,238527,6,Engine Repair,Medium,0,12,10,76.03
Bus,3,88473,11,Electrical Repair,High,1,12,4,33.26
Truck,10,442808,3,Tyre Replacement,Low,1,3,8,27.14
Van,5,136885,1,Transmission Repair,High,1,2,4,74.81
Van,2,71780,10,Electrical Repair,Medium,0,14,1,35.35
Bus,4,105110,3,Oil Change,Medium,1,1,8,26.13
Mini Truck,9,248055,3,Oil Change,High,1,6,10,42.21
Bus,11,439029,10,Battery Replacement,Medium,1,4,5,33.14
Bus,5,140686,12,Clutch Repair,High,0,10,10,73.62
Van,7,335923,8,Electrical Repair,Low,0,7,5,37.53
Truck,1,38741,1,Suspension Repair,High,1,12,10,38.25
Truck,1,26929,8,Tyre Replacement,Low,1,3,2,9.63
Mini Truck,9,262065,13,Clutch Repair,Low,0,11,2,61.24
Bus,11,485820,5,Suspension Repair,High,1,3,1,46.54
Van,11,417076,15,Brake Repair,High,0,1,6,78.72
Van,3,121097,7,Tyre Replacement,Low,1,1,4,13.31
Van,3,78998,0,Battery Replacement,Medium,1,10,8,17.44
Van,5,230521,3,Clutch Repair,Medium,0,3,10,66.45
Truck,5,168866,2,Oil Change,Medium,0,12,3,45.73
Mini Truck,1,37455,0,Transmission Repair,High,0,3,3,87.1
Truck,7,269008,9,Battery Replacement,Medium,1,13,7,25.7
Bus,1,48527,9,Oil Change,Medium,0,11,9,54.06
Bus,7,277797,8,Engine Repair,Low,0,15,7,78.02
Bus,7,210268,7,Clutch Repair,High,1,9,9,54.49
Mini Truck,12,499710,11,Suspension Repair,High,0,2,4,79.48
Truck,7,344647,4,Tyre Replacement,High,0,15,2,44.79
Van,9,325188,0,Transmission Repair,Medium,1,11,8,70.84
Truck,10,411323,0,Engine Repair,High,0,4,6,87.12
Bus,9,378842,10,Engine Repair,High,0,12,10,100.06
Bus,2,88608,1,Transmission Repair,Medium,0,6,4,75.72
Mini Truck,3,148504,3,Electrical Repair,Low,1,8,4,16.75
Truck,10,336869,7,Tyre Replacement,High,1,8,1,34.22
Bus,9,424003,16,Suspension Repair,High,1,14,6,51.2
Mini Truck,12,378249,18,Tyre Replacement,Medium,0,14,3,61.78
Van,12,581291,0,Brake Repair,High,0,3,4,65.06
Van,1,39312,8,Clutch Repair,Medium,1,9,5,31.29
Mini Truck,8,307349,15,Clutch Repair,Low,1,5,6,44.76
Van,8,270464,8,Electrical Repair,High,1,6,3,38.94
Truck,4,146846,10,Engine Repair,Low,1,6,6,49.97
Bus,10,414759,5,Clutch Repair,High,1,5,9,60.05
Mini Truck,5,136401,10,Brake Repair,High,1,9,7,41.55
Van,7,291329,10,Brake Repair,High,0,13,10,72.73
Mini Truck,5,168862,3,Transmission Repair,High,1,6,6,76.0
Truck,6,264250,4,Brake Repair,High,1,8,9,40.88
Mini Truck,4,194715,0,Oil Change,High,0,6,9,50.23
Truck,2,75952,3,Oil Change,Low,1,10,8,12.11
Van,3,111802,2,Tyre Replacement,High,1,13,9,32.87
Van,5,226226,10,Tyre Replacement,Medium,1,7,9,30.0
Truck,10,414739,16,Transmission Repair,Medium,0,2,9,94.5
Bus,1,31684,3,Transmission Repair,High,0,2,6,96.74
Mini Truck,12,426883,11,Clutch Repair,Medium,1,12,8,49.47
Truck,6,235536,4,Transmission Repair,Medium,0,6,4,98.72
Van,7,185722,13,Battery Replacement,Medium,1,11,3,22.35
Mini Truck,3,81301,10,Electrical Repair,High,0,7,5,70.12
Truck,2,89275,2,Clutch Repair,Medium,1,8,3,29.13
Bus,12,322320,5,Brake Repair,Medium,1,12,4,30.42
Van,1,47071,7,Battery Replacement,Medium,1,9,3,14.12
Truck,3,125630,2,Suspension Repair,Medium,0,10,6,50.26
Mini Truck,11,543434,8,Transmission Repair,High,1,1,8,98.78
Truck,8,290018,2,Brake Repair,High,0,8,8,66.28
Bus,2,60038,9,Transmission Repair,Medium,0,13,5,80.15
Bus,4,188104,1,Suspension Repair,Medium,0,9,4,50.63
Bus,11,524492,8,Battery Replacement,Medium,1,6,7,30.17
Bus,10,485376,1,Battery Replacement,Low,1,6,5,20.04
Bus,11,385229,9,Engine Repair,Medium,1,11,8,65.44
Truck,6,257617,12,Tyre Replacement,Low,0,14,10,42.55
Truck,8,306146,7,Transmission Repair,Low,1,4,6,67.44
Mini Truck,8,232765,1,Oil Change,Low,0,6,5,44.5
Mini Truck,4,137714,9,Transmission Repair,Low,0,14,5,88.37
Mini Truck,3,97668,5,Electrical Repair,Medium,1,7,5,21.29
Truck,4,144906,4,Battery Replacement,Medium,0,7,9,45.33
Bus,8,256097,10,Tyre Replacement,Low,0,9,6,42.55
Bus,9,229627,11,Battery Replacement,High,1,14,8,39.02
Bus,9,250616,13,Suspension Repair,Low,0,13,9,53.88
Truck,4,153810,2,Engine Repair,Low,1,8,1,38.88
Bus,1,40237,1,Transmission Repair,Medium,1,11,2,51.39
Bus,12,558316,18,Battery Replacement,High,0,5,2,73.53
Bus,12,467427,18,Electrical Repair,Low,0,8,5,56.45
Mini Truck,1,29019,7,Oil Change,Low,1,2,1,1.23
Truck,8,291208,0,Oil Change,Low,1,12,1,11.92
Mini Truck,8,350150,8,Oil Change,Medium,1,12,10,32.28
Van,9,306946,10,Brake Repair,Medium,0,2,6,63.52
Van,11,497413,14,Suspension Repair,High,0,6,4,78.61
Mini Truck,4,148236,10,Electrical Repair,High,1,1,8,43.34
Truck,8,233577,4,Clutch Repair,High,0,5,2,68.73
Van,6,177910,12,Engine Repair,High,0,2,5,94.07
Truck,10,372708,9,Tyre Replacement,Medium,1,10,4,26.74
Mini Truck,7,233986,10,Battery Replacement,High,1,8,2,34.39
Bus,9,230858,6,Oil Change,High,0,15,8,56.26
Bus,11,504089,11,Clutch Repair,Low,1,14,1,30.37
Van,6,197572,10,Suspension Repair,Low,1,13,10,30.75
Bus,12,335813,4,Clutch Repair,High,1,7,10,61.42
Truck,2,58274,10,Tyre Replacement,Low,0,2,5,31.97
Bus,3,124494,1,Brake Repair,High,1,13,9,34.21
Van,6,230251,6,Electrical Repair,Medium,1,11,5,26.02
Mini Truck,6,206300,2,Electrical Repair,High,1,5,5,38.2
Truck,2,84129,1,Clutch Repair,High,1,2,4,43.45
Mini Truck,8,249173,16,Oil Change,High,1,3,1,34.87
Van,9,441407,17,Brake Repair,High,0,8,7,76.58
Bus,2,85196,4,Battery Replacement,Low,1,7,3,4.98
Van,1,27441,4,Clutch Repair,Low,0,4,6,49.23
Truck,2,57293,2,Battery Replacement,Low,0,15,7,16.06
Van,1,41651,7,Suspension Repair,Medium,1,15,8,29.42
Truck,12,305540,13,Battery Replacement,Medium,0,9,4,57.53
Mini Truck,3,123912,0,Battery Replacement,Medium,1,12,2,8.83
Mini Truck,3,87295,7,Tyre Replacement,Low,1,9,9,12.67
Mini Truck,9,237930,9,Brake Repair,High,1,14,10,44.76
Van,1,32411,2,Suspension Repair,Medium,1,13,7,23.9
Bus,10,362564,14,Transmission Repair,Low,0,7,1,85.1
Van,10,428711,0,Suspension Repair,Medium,0,10,8,47.66
Van,5,142129,5,Brake Repair,High,1,11,1,31.88
Truck,9,243127,11,Clutch Repair,High,0,4,7,88.96
Van,10,352566,14,Oil Change,Medium,1,3,2,26.08
Bus,4,108779,9,Engine Repair,High,1,12,3,58.69
Bus,3,127629,0,Tyre Replacement,Low,0,7,10,28.22
Mini Truck,6,222442,8,Oil Change,Low,0,4,6,47.8
Van,9,441938,9,Engine Repair,High,0,1,7,102.81
Mini Truck,4,142765,1,Battery Replacement,Medium,1,15,5,12.56
Mini Truck,10,307061,11,Brake Repair,Low,0,12,2,42.39
Truck,2,59865,8,Engine Repair,Low,0,10,6,72.87
Mini Truck,10,401568,0,Engine Repair,Medium,1,2,8,65.25
Mini Truck,2,81846,0,Engine Repair,Low,1,7,9,47.22
Mini Truck,1,43780,4,Brake Repair,Low,1,15,7,11.97
Truck,6,174437,6,Transmission Repair,High,0,13,9,111.33
Bus,4,131335,7,Suspension Repair,High,1,2,9,51.27
Mini Truck,7,294932,14,Suspension Repair,Low,0,7,5,48.99
Bus,6,269287,10,Engine Repair,Low,1,13,4,48.58
Truck,4,129595,2,Transmission Repair,High,1,12,8,77.2
Bus,8,269213,10,Brake Repair,Low,1,9,5,21.99
Truck,10,329552,14,Engine Repair,Low,0,6,7,70.25
Bus,5,146259,7,Oil Change,Medium,1,14,10,25.01
Bus,8,308411,3,Brake Repair,Low,0,8,10,53.66
Mini Truck,5,240489,7,Electrical Repair,Medium,1,7,6,29.91
Mini Truck,3,142074,9,Battery Replacement,Low,0,7,10,37.45
Bus,9,313566,8,Oil Change,Low,0,10,9,46.48
Mini Truck,9,449990,11,Suspension Repair,Low,1,7,10,37.65
Van,11,488764,2,Engine Repair,High,0,15,7,104.21
Mini Truck,1,45473,7,Battery Replacement,Medium,1,10,6,13.06
Mini Truck,1,49801,3,Suspension Repair,Low,1,4,8,24.47
Mini Truck,10,298165,14,Brake Repair,High,0,1,8,71.93
Bus,2,58520,8,Suspension Repair,Low,0,11,1,38.49
Van,5,151439,2,Engine Repair,Low,0,1,3,64.86
Van,5,161690,6,Oil Change,Medium,0,14,7,52.68
Bus,12,418785,0,Suspension Repair,High,1,11,3,38.85
Van,6,264726,8,Suspension Repair,Medium,0,10,5,46.95
Van,9,315081,7,Battery Replacement,High,0,1,7,57.56
Bus,9,442062,17,Electrical Repair,Medium,1,13,6,34.79
Van,2,57631,9,Clutch Repair,Low,1,3,6,34.53
Bus,5,243556,2,Clutch Repair,Low,1,4,8,33.07
Mini Truck,5,142303,5,Electrical Repair,Low,1,9,7,19.08
Mini Truck,9,329041,0,Tyre Replacement,Low,0,12,10,37.29
Van,2,66325,1,Battery Replacement,Low,0,10,6,41.7
Mini Truck,7,229748,4,Clutch Repair,Medium,1,3,9,40.73
Mini Truck,4,191706,1,Transmission Repair,Low,1,10,6,55.31
Mini Truck,3,89824,7,Suspension Repair,Medium,1,2,7,36.09
Truck,4,125519,12,Tyre Replacement,High,0,8,1,45.27
Bus,2,95978,0,Tyre Replacement,High,1,5,6,29.15
Truck,3,77779,2,Tyre Replacement,High,0,2,8,55.3
Bus,6,221195,1,Suspension Repair,Medium,1,10,3,29.6
Truck,1,33816,6,Suspension Repair,Low,1,6,1,18.23
Truck,6,194857,6,Battery Replacement,Medium,1,3,1,19.21
Van,12,508794,1,Battery Replacement,High,1,5,9,43.26
Van,4,101755,9,Electrical Repair,High,1,3,4,38.62
Van,7,315223,0,Suspension Repair,Low,0,14,5,43.33
Mini Truck,10,290246,7,Tyre Replacement,Medium,1,2,5,29.76
Bus,9,409469,3,Battery Replacement,Low,0,6,1,31.6
Mini Truck,8,359725,15,Tyre Replacement,Low,0,6,2,52.46
Van,1,28904,8,Tyre Replacement,High,1,3,4,27.93
Van,12,378325,18,Battery Replacement,Low,1,10,4,28.34
Mini Truck,10,339251,16,Tyre Replacement,High,0,6,9,73.32
Bus,2,55067,6,Engine Repair,High,1,2,5,66.22
Van,1,40291,5,Battery Replacement,Medium,0,13,5,32.94
Bus,9,437520,14,Engine Repair,High,1,3,7,78.25
Van,6,170900,8,Clutch Repair,Low,0,3,5,63.74
Mini Truck,12,535684,7,Suspension Repair,High,1,8,3,48.09
Bus,5,150070,10,Transmission Repair,Low,1,14,5,56.26
Mini Truck,9,354868,5,Suspension Repair,Medium,1,2,6,38.94
Mini Truck,12,461158,7,Clutch Repair,High,0,14,3,87.03
Truck,4,135417,8,Oil Change,High,1,3,5,30.17
Mini Truck,10,476530,13,Oil Change,High,0,12,1,65.7
Bus,1,44706,1,Suspension Repair,High,1,8,4,35.03
Mini Truck,7,208408,9,Tyre Replacement,Medium,1,12,3,20.53
Van,6,218602,9,Tyre Replacement,Low,0,7,10,43.46
Truck,10,449353,2,Transmission Repair,High,0,15,2,95.5
Van,8,263367,3,Brake Repair,Medium,0,14,3,45.3
Bus,2,66949,7,Electrical Repair,Medium,0,15,1,27.56
Bus,3,104199,3,Electrical Repair,High,1,8,5,29.86
Van,3,145609,10,Engine Repair,High,1,10,7,70.35
Mini Truck,12,552339,15,Brake Repair,Medium,0,14,10,55.94
Van,3,131528,2,Transmission Repair,Medium,0,7,6,75.82
Truck,12,406321,4,Oil Change,High,0,12,1,57.62
Bus,8,306582,2,Transmission Repair,Medium,0,8,9,102.11
Van,12,470333,10,Transmission Repair,High,0,12,5,104.45
Van,2,76250,9,Battery Replacement,High,0,12,1,50.17
Mini Truck,6,220160,9,Engine Repair,High,0,5,4,98.11
Mini Truck,10,255039,8,Electrical Repair,Low,0,13,6,44.77
Mini Truck,9,406905,7,Electrical Repair,Medium,0,4,9,54.51
Van,4,102581,7,Engine Repair,Medium,1,4,4,53.71
Truck,3,105146,6,Transmission Repair,Low,0,3,5,84.21
Bus,1,45759,9,Clutch Repair,Medium,0,12,8,52.93
Truck,4,130166,5,Oil Change,Medium,0,7,1,27.84
Van,3,117815,1,Oil Change,Medium,0,6,6,38.2
Mini Truck,1,44259,4,Oil Change,Medium,0,3,5,36.91
Mini Truck,5,134333,1,Tyre Replacement,Medium,1,14,2,9.71
Van,6,210966,8,Oil Change,Medium,0,10,2,40.76
Bus,1,36445,3,Transmission Repair,High,1,15,2,67.93
Mini Truck,2,71835,7,Electrical Repair,Medium,1,2,7,31.96
Mini Truck,4,122764,8,Tyre Replacement,Medium,1,4,1,14.68
Mini Truck,2,98823,6,Tyre Replacement,Low,1,15,7,11.83
Van,6,184451,0,Oil Change,Medium,1,2,6,19.06
Truck,5,145164,0,Electrical Repair,High,1,9,6,34.26
Mini Truck,10,366756,14,Brake Repair,Medium,0,11,4,54.63
Truck,9,236018,1,Brake Repair,Low,0,15,5,44.04
Truck,1,49008,3,Tyre Replacement,Medium,0,9,10,38.4
Truck,5,229759,6,Brake Repair,Medium,0,9,9,46.53
Mini Truck,9,349028,17,Electrical Repair,Low,1,15,7,31.5
Truck,6,159223,10,Suspension Repair,Medium,1,13,9,40.5
Van,7,300470,5,Clutch Repair,Low,0,8,3,53.85
Van,1,48724,8,Brake Repair,High,1,8,3,32.51
Van,8,255254,11,Suspension Repair,Medium,0,8,9,62.25
Truck,9,283181,1,Suspension Repair,High,1,15,9,44.29
Bus,2,92044,4,Electrical Repair,Medium,0,7,8,42.13
Bus,7,301040,8,Oil Change,Medium,1,9,9,29.38
Mini Truck,8,297668,2,Clutch Repair,Medium,1,15,2,30.52
Truck,7,254776,11,Suspension Repair,Low,1,11,10,32.6
Bus,7,229323,9,Engine Repair,Low,0,15,8,69.36
Van,1,48585,0,Tyre Replacement,Medium,1,7,6,19.39
Van,4,161567,11,Battery Replacement,Medium,0,1,4,38.12
Mini Truck,8,380227,15,Brake Repair,High,0,14,7,61.77
Bus,5,196762,7,Tyre Replacement,Low,0,3,5,29.19
Van,6,226040,5,Electrical Repair,Low,0,6,5,50.1
Truck,9,420133,1,Clutch Repair,Low,1,7,8,39.67
Van,9,358693,15,Tyre Replacement,Medium,1,2,7,32.89
Van,1,31625,4,Engine Repair,High,0,13,1,64.39
Truck,10,270832,9,Engine Repair,Medium,0,10,5,78.78
Truck,8,381309,8,Brake Repair,Medium,1,6,5,30.54
Mini Truck,7,215004,15,Engine Repair,Medium,0,9,10,90.29
Van,3,119148,2,Battery Replacement,Medium,1,1,1,14.28
Van,3,107743,0,Tyre Replacement,Low,1,1,6,15.26
Mini Truck,12,545418,14,Brake Repair,Low,1,2,6,36.52
Truck,5,138407,8,Tyre Replacement,High,0,6,2,53.61
Mini Truck,7,186388,3,Tyre Replacement,Low,0,8,9,48.9
Bus,5,188689,10,Oil Change,High,1,13,4,33.28
Mini Truck,2,71389,2,Battery Replacement,Medium,1,14,9,19.2
Bus,5,164705,2,Oil Change,Low,0,13,5,36.2
Van,5,195345,8,Suspension Repair,Low,0,4,8,50.46
Mini Truck,2,69674,5,Oil Change,Low,0,14,2,28.84
Truck,12,379953,12,Suspension Repair,High,0,15,5,64.99
Van,11,489310,0,Suspension Repair,Low,0,5,8,51.89
Truck,2,88021,9,Tyre Replacement,High,1,14,7,29.58
Van,5,220195,7,Suspension Repair,High,0,5,2,51.63
Van,5,135288,4,Brake Repair,Low,0,9,2,28.88
Truck,5,126272,5,Brake Repair,High,0,3,6,50.28
Mini Truck,10,425247,0,Transmission Repair,Medium,1,1,9,76.29
Bus,7,175357,8,Oil Change,Medium,1,2,5,26.25
Mini Truck,9,280752,2,Oil Change,Low,0,5,6,41.54
Bus,6,274204,2,Tyre Replacement,Medium,1,11,8,23.07
Bus,1,39909,4,Oil Change,Low,0,14,8,31.49
Bus,10,414465,18,Clutch Repair,Medium,0,10,4,66.19
Truck,12,419935,12,Transmission Repair,Low,0,14,7,92.83
Truck,1,37625,0,Engine Repair,Low,1,13,8,41.7
Bus,4,108567,11,Clutch Repair,Low,1,8,7,34.43
Van,2,94921,0,Brake Repair,Low,1,11,6,11.7
Bus,7,199804,5,Electrical Repair,Low,1,1,7,27.71
Bus,1,27013,4,Battery Replacement,Medium,1,8,10,19.88
Bus,9,324240,16,Transmission Repair,High,1,9,2,83.08
Mini Truck,1,46287,3,Suspension Repair,Low,0,1,8,48.78
Truck,2,79131,7,Engine Repair,High,1,6,10,70.42
Bus,10,301713,6,Oil Change,Medium,0,2,2,48.2
Truck,10,434414,13,Oil Change,Low,1,10,1,15.92
Van,2,67566,4,Transmission Repair,Low,1,6,10,63.39
Mini Truck,8,273221,7,Engine Repair,Low,1,11,10,57.66
Mini Truck,12,479538,11,Tyre Replacement,Low,0,8,1,40.56
Van,6,213911,14,Oil Change,Low,1,10,10,24.08
Van,7,339235,12,Electrical Repair,Low,1,12,2,21.61
Mini Truck,11,514265,7,Brake Repair,Medium,0,10,5,58.04
Van,5,191396,7,Tyre Replacement,Low,1,14,9,19.4
Mini Truck,6,213858,13,Tyre Replacement,Medium,1,9,8,27.59
Truck,5,216920,1,Engine Repair,Medium,0,13,2,73.37
Mini Truck,8,208749,13,Oil Change,Medium,1,9,2,22.72
Mini Truck,4,141868,7,Tyre Replacement,Low,0,7,3,34.23
Truck,7,328995,6,Electrical Repair,Medium,1,5,7,28.82
Van,10,390277,14,Oil Change,Low,1,11,6,24.62
Bus,8,201285,7,Engine Repair,Medium,0,8,2,86.74
Mini Truck,7,327880,4,Electrical Repair,Medium,0,10,1,43.46
Truck,10,492199,5,Suspension Repair,Low,0,1,2,43.17
Truck,2,71410,6,Brake Repair,Medium,0,14,10,51.46
Van,9,292612,8,Clutch Repair,Low,0,2,4,49.15
Truck,11,543432,4,Engine Repair,High,1,11,7,77.32
Truck,11,487273,15,Tyre Replacement,Low,0,2,1,42.16
Bus,9,257733,15,Battery Replacement,High,0,11,7,66.44
Bus,12,519671,2,Tyre Replacement,Low,0,13,9,55.48
Van,3,77751,6,Engine Repair,Low,1,14,5,42.79
Truck,8,300769,2,Engine Repair,Low,0,4,7,74.59
Truck,12,528779,19,Engine Repair,Medium,0,6,10,109.05
Truck,7,296226,13,Transmission Repair,Low,0,3,4,98.81
Truck,12,599664,7,Tyre Replacement,Medium,0,13,9,48.31
Mini Truck,8,226659,5,Suspension Repair,High,0,8,10,72.61
Bus,3,99444,5,Tyre Replacement,High,1,13,5,28.07
Bus,5,214626,8,Transmission Repair,Low,1,13,9,64.79
Mini Truck,9,254613,3,Brake Repair,Medium,0,4,1,48.09
Bus,1,44824,8,Oil Change,Medium,1,8,2,12.35
Bus,6,241152,9,Oil Change,High,1,12,3,33.19
Mini Truck,9,350543,1,Tyre Replacement,Medium,0,12,3,31.14
Bus,7,236703,14,Tyre Replacement,Low,1,3,7,23.63
Mini Truck,12,311789,6,Tyre Replacement,Low,1,9,5,20.83
Truck,9,433746,0,Tyre Replacement,High,1,6,10,43.49
Mini Truck,8,259605,14,Engine Repair,High,1,8,10,82.25
Bus,6,167681,9,Tyre Replacement,Medium,1,5,2,21.78
Truck,2,81423,10,Engine Repair,Medium,1,1,4,52.51
Mini Truck,3,121549,6,Battery Replacement,Medium,0,2,3,45.69
Bus,12,384078,6,Engine Repair,Low,0,9,1,73.67
Mini Truck,4,104203,11,Clutch Repair,High,0,10,3,68.19
Van,9,347247,7,Tyre Replacement,Low,0,15,8,49.27
Van,2,61256,10,Battery Replacement,Low,1,6,5,14.38
Bus,3,99103,0,Battery Replacement,Low,0,2,10,45.27
Truck,9,302313,4,Clutch Repair,Medium,1,14,2,35.66
Mini Truck,11,358972,15,Suspension Repair,Low,1,6,2,34.2
Van,10,441723,10,Electrical Repair,Medium,0,11,1,42.06
Bus,2,52120,8,Brake Repair,High,1,12,9,36.39
Bus,12,367579,4,Suspension Repair,Low,0,12,1,34.63
Van,7,177814,14,Tyre Replacement,Low,0,6,1,32.94
Van,1,48114,3,Transmission Repair,High,0,15,5,89.15
Mini Truck,6,203663,9,Brake Repair,Medium,0,14,9,40.99
Truck,7,278912,7,Brake Repair,Medium,1,10,7,31.12
Mini Truck,12,460195,0,Engine Repair,Low,0,5,6,78.91
Bus,2,51236,6,Brake Repair,Medium,1,5,10,26.28
Mini Truck,1,26003,8,Transmission Repair,Medium,1,9,1,55.09
Truck,6,174899,7,Suspension Repair,Medium,0,10,7,49.87
Truck,10,283972,9,Brake Repair,Low,1,1,6,29.35
Truck,11,488880,19,Suspension Repair,Low,0,2,6,58.14
Bus,6,191889,11,Engine Repair,High,0,3,9,92.42
Bus,9,444533,17,Engine Repair,Medium,1,11,5,65.09
Van,6,221044,11,Oil Change,High,1,8,7,38.49
Van,6,202029,9,Electrical Repair,Low,0,2,2,40.25
Van,6,233713,8,Suspension Repair,Low,1,8,9,29.01
Van,7,185584,7,Brake Repair,Medium,1,9,10,32.92
Truck,4,102604,4,Electrical Repair,High,0,12,10,63.16
Truck,9,338184,2,Transmission Repair,Low,0,10,4,85.81
Bus,12,454673,11,Tyre Replacement,Low,1,12,6,25.33
Mini Truck,8,284194,14,Battery Replacement,High,0,2,4,73.13
Van,1,48220,4,Electrical Repair,Medium,1,3,8,31.1
Bus,6,177283,1,Suspension Repair,Low,1,9,10,28.11
Mini Truck,1,49789,1,Electrical Repair,High,0,3,2,46.99
Van,7,311757,12,Oil Change,Low,0,5,8,52.11
Truck,3,141530,10,Clutch Repair,High,0,1,8,78.22
Mini Truck,2,98527,1,Engine Repair,High,1,10,10,62.81
Van,8,227559,10,Suspension Repair,Low,0,4,9,59.2
Bus,3,142287,5,Clutch Repair,High,1,9,2,40.08
Bus,4,175416,7,Suspension Repair,High,0,1,10,64.22
Truck,8,262183,15,Transmission Repair,High,1,13,5,84.82
Bus,8,379304,8,Transmission Repair,Medium,0,14,1,92.03
Mini Truck,10,487404,5,Suspension Repair,Low,1,11,6,28.37
Bus,11,396770,9,Battery Replacement,Medium,0,12,7,36.94
Bus,4,144680,9,Clutch Repair,Low,1,11,10,37.46
Truck,8,358851,13,Electrical Repair,High,1,8,9,49.33
Van,11,535507,10,Suspension Repair,High,0,7,8,80.72
Bus,4,140184,10,Oil Change,Medium,0,1,8,42.89
Mini Truck,8,301693,3,Engine Repair,Medium,0,11,1,78.4
Van,7,328057,5,Tyre Replacement,Low,0,12,9,43.04
Bus,1,32742,3,Suspension Repair,High,1,3,9,42.21
Bus,11,297658,5,Engine Repair,Low,0,15,7,75.06
Van,3,135109,3,Electrical Repair,High,1,13,2,27.91
Bus,10,368093,4,Transmission Repair,High,0,4,3,95.28
Van,5,188186,7,Brake Repair,Medium,1,13,10,27.75
Bus,1,44174,3,Electrical Repair,Medium,1,6,8,25.78
Truck,3,79816,0,Suspension Repair,Low,1,5,2,16.44
Van,7,256046,8,Electrical Repair,High,1,13,8,43.7
Mini Truck,2,60493,1,Clutch Repair,High,0,15,10,57.71
Van,8,377471,0,Suspension Repair,Medium,0,8,7,48.71
Van,3,94585,8,Engine Repair,High,0,6,7,84.69
Bus,7,321134,11,Engine Repair,High,0,15,5,92.17
Bus,6,239157,9,Electrical Repair,Low,0,7,4,46.95
Mini Truck,1,41374,7,Battery Replacement,High,1,15,4,20.97
Van,11,346774,15,Suspension Repair,Low,0,5,7,50.7
Truck,9,271646,7,Suspension Repair,High,1,12,3,43.17
Mini Truck,10,254553,5,Tyre Replacement,Low,0,10,8,47.95
Bus,11,287249,12,Brake Repair,Medium,0,7,8,48.38
Truck,6,178262,2,Oil Change,Low,0,10,4,29.4
Bus,10,258693,14,Suspension Repair,High,1,15,3,41.55
Truck,7,222794,2,Clutch Repair,High,0,11,4,64.83
Truck,12,382602,18,Suspension Repair,High,0,2,1,79.01
Van,1,40741,1,Tyre Replacement,Low,1,1,1,6.16
Van,3,141965,3,Battery Replacement,Medium,1,3,8,22.48
Truck,6,224992,9,Clutch Repair,Medium,1,12,9,43.09
Mini Truck,3,146762,2,Oil Change,Medium,0,3,3,43.55
Truck,2,60971,6,Clutch Repair,Low,1,5,7,28.68
Mini Truck,6,281929,9,Electrical Repair,Low,1,8,7,27.67
Truck,10,359302,0,Suspension Repair,Medium,1,3,5,35.34
Bus,3,122420,7,Engine Repair,Medium,1,12,5,50.86
Mini Truck,8,343512,8,Oil Change,Medium,0,13,10,47.68
Mini Truck,6,275449,7,Battery Replacement,Low,1,2,3,18.76
Mini Truck,3,146533,4,Tyre Replacement,Medium,0,13,10,39.99
Van,7,193664,12,Transmission Repair,Low,1,1,1,61.33
Bus,4,164578,1,Clutch Repair,Medium,0,6,7,62.05
Truck,4,109734,11,Suspension Repair,Medium,1,8,10,36.6
Bus,11,308608,4,Battery Replacement,High,0,15,2,45.92
Bus,3,147960,10,Electrical Repair,Low,1,11,5,17.46
Truck,7,179720,2,Brake Repair,High,1,9,1,26.56
Mini Truck,1,48017,1,Battery Replacement,Low,1,8,2,4.12
Bus,3,80165,7,Battery Replacement,High,0,12,1,46.54
Bus,1,34338,3,Engine Repair,Medium,1,12,8,47.79
Mini Truck,8,383340,4,Transmission Repair,Medium,0,11,1,80.98
Truck,2,52292,9,Oil Change,Low,1,1,2,10.65
Mini Truck,9,418176,11,Oil Change,High,0,1,6,56.98
Van,6,225775,9,Battery Replacement,Low,0,12,10,38.1
Truck,2,50783,10,Tyre Replacement,High,1,6,10,36.62
Mini Truck,5,209989,7,Electrical Repair,High,0,14,10,65.66
Bus,10,477296,14,Transmission Repair,Medium,0,6,3,100.2
Bus,11,361907,1,Transmission Repair,Low,1,5,2,60.42
Bus,12,410723,14,Transmission Repair,Low,1,2,4,73.74
Van,8,360591,7,Battery Replacement,Medium,1,12,10,27.94
Mini Truck,7,314873,3,Suspension Repair,Low,1,6,8,30.61
Truck,8,278952,1,Electrical Repair,High,1,10,7,43.4
Truck,5,160765,9,Oil Change,High,0,4,6,65.48
Mini Truck,3,112125,11,Oil Change,High,1,8,5,31.5
Bus,6,157027,9,Clutch Repair,Medium,0,3,5,63.68
Van,6,188104,7,Brake Repair,Low,0,2,1,44.2
Bus,12,337130,17,Transmission Repair,Medium,1,15,9,81.19
Bus,10,308293,5,Brake Repair,Low,1,14,10,26.33
Mini Truck,2,82773,10,Engine Repair,Low,1,12,4,43.5
Bus,12,578854,0,Oil Change,Low,0,11,7,42.51
Van,6,279850,10,Tyre Replacement,Low,1,14,6,15.81
Bus,9,441592,5,Clutch Repair,Medium,0,12,10,60.28
Truck,5,186666,10,Transmission Repair,High,1,8,5,77.39
Mini Truck,1,34656,2,Engine Repair,Medium,0,8,9,69.45
Mini Truck,3,85564,4,Suspension Repair,Low,1,3,8,24.02
Bus,9,237430,8,Electrical Repair,Low,0,7,8,54.49
Mini Truck,10,392018,16,Battery Replacement,Medium,1,5,5,30.63
Bus,9,292628,14,Transmission Repair,Low,0,5,1,80.45
Van,12,411688,13,Oil Change,High,1,10,7,45.39
Van,12,537858,10,Brake Repair,High,0,5,7,66.14
Truck,2,60039,4,Clutch Repair,Medium,1,8,10,39.31
Van,7,266612,13,Brake Repair,Low,1,7,9,31.29
Mini Truck,3,92342,11,Engine Repair,Low,1,1,7,51.54
Bus,10,316145,16,Oil Change,Medium,0,2,7,49.3
Van,12,368438,14,Transmission Repair,Low,0,1,4,97.37
Van,11,532980,2,Clutch Repair,Medium,0,5,5,69.83
Bus,7,224296,2,Brake Repair,Low,0,4,9,34.41
Mini Truck,9,447150,5,Clutch Repair,Medium,0,15,7,62.69
Truck,6,228330,5,Clutch Repair,Medium,1,7,4,35.22
Bus,7,260486,9,Brake Repair,High,0,3,9,74.96
Van,6,186571,1,Tyre Replacement,High,1,7,10,37.57
Truck,6,221436,6,Clutch Repair,Medium,0,9,9,56.75
Bus,8,209438,10,Tyre Replacement,Low,0,2,4,37.09
Mini Truck,2,98076,2,Engine Repair,High,0,15,1,71.42
Mini Truck,7,312089,13,Transmission Repair,Low,1,15,8,67.53
Mini Truck,3,131030,8,Electrical Repair,Low,1,3,9,26.58
Mini Truck,12,498557,0,Engine Repair,Low,0,9,8,82.05
Van,5,182361,1,Oil Change,Medium,0,11,9,42.97
Van,5,208588,10,Electrical Repair,High,1,8,4,36.73
Bus,7,220477,6,Tyre Replacement,Medium,1,11,1,17.68
Truck,5,168331,3,Electrical Repair,High,1,12,10,43.75
Mini Truck,4,107981,2,Battery Replacement,Low,0,3,9,41.74
Mini Truck,1,35229,2,Transmission Repair,Low,0,6,6,77.15
Bus,7,311631,7,Battery Replacement,Medium,0,5,2,34.76
Mini Truck,8,346254,2,Electrical Repair,High,1,11,5,41.03
Mini Truck,11,516295,7,Clutch Repair,Medium,1,7,10,48.82
Truck,5,161508,8,Transmission Repair,High,1,8,4,75.67
Van,3,98372,9,Brake Repair,High,0,5,9,62.79
Bus,9,346961,14,Oil Change,Low,1,15,3,20.04
Van,11,412243,10,Transmission Repair,Low,1,5,1,65.98
Mini Truck,7,181299,10,Engine Repair,Low,0,3,1,65.58
Van,10,384126,0,Brake Repair,Low,1,2,7,25.52
Van,9,283679,7,Electrical Repair,Medium,0,6,9,49.61
Truck,9,401595,0,Brake Repair,Medium,0,4,8,50.6
Van,6,255827,7,Oil Change,Low,1,8,3,15.52
Mini Truck,2,70890,6,Electrical Repair,High,1,11,10,37.17
Bus,8,382671,9,Electrical Repair,Medium,1,10,6,35.74
Bus,6,156663,14,Electrical Repair,Medium,0,12,7,49.32
Truck,8,230076,9,Clutch Repair,Medium,1,15,2,35.98
Van,10,340432,5,Electrical Repair,Low,1,3,1,21.08
Mini Truck,11,537470,5,Brake Repair,Medium,1,2,2,30.17
Van,2,69619,5,Battery Replacement,Medium,1,6,3,11.43
Truck,4,105290,12,Tyre Replacement,Medium,1,13,10,26.0
Bus,8,253079,0,Clutch Repair,High,0,5,1,63.22
Bus,11,401863,5,Brake Repair,Low,1,15,5,24.41
Truck,12,390634,18,Engine Repair,Medium,0,5,1,91.59
Bus,2,61536,1,Clutch Repair,Low,1,12,3,19.08
Bus,8,349860,10,Oil Change,High,0,5,8,63.0
Truck,3,106020,2,Electrical Repair,Medium,1,1,2,17.87
Truck,2,63365,4,Engine Repair,Medium,1,8,2,46.82
Van,4,178751,12,Suspension Repair,High,0,15,8,68.94
Mini Truck,2,62166,7,Engine Repair,Medium,0,2,2,65.13
Truck,3,86313,11,Engine Repair,High,0,4,1,75.56
Bus,10,475259,9,Clutch Repair,Low,0,10,9,54.37
Truck,10,349574,13,Transmission Repair,Medium,0,4,2,102.98
Truck,11,293926,16,Tyre Replacement,Low,0,4,6,52.51
Van,2,78984,2,Engine Repair,Medium,1,8,1,42.75
Bus,12,336283,15,Brake Repair,Low,0,12,9,61.91
Truck,10,280186,16,Battery Replacement,Medium,0,6,1,41.34
Van,12,407974,5,Oil Change,Low,1,13,5,22.79
Bus,7,182291,15,Brake Repair,Medium,1,13,7,31.1
Bus,1,48447,7,Battery Replacement,Medium,0,6,8,38.78
Van,2,74728,3,Brake Repair,Medium,0,14,4,39.67
Truck,2,92750,10,Oil Change,Medium,1,14,1,11.54
Van,10,410445,12,Engine Repair,Low,1,7,8,59.51
Truck,1,36317,9,Transmission Repair,Medium,1,7,10,66.91
Van,12,371788,7,Engine Repair,High,1,1,1,70.24
Mini Truck,2,98640,10,Electrical Repair,High,0,13,1,62.07
Mini Truck,2,67979,10,Oil Change,High,1,4,4,32.78
Van,4,139091,3,Oil Change,Medium,1,15,9,20.28
Mini Truck,5,162396,11,Clutch Repair,High,0,10,3,62.96
Mini Truck,6,151364,13,Battery Replacement,Low,0,9,6,47.62
Van,11,470996,17,Electrical Repair,High,1,6,6,54.01
Truck,4,181291,12,Brake Repair,High,1,13,1,31.46
Van,5,193076,13,Tyre Replacement,Low,1,8,9,20.24
Van,9,411236,15,Engine Repair,Medium,0,3,4,92.03
Truck,1,33457,3,Suspension Repair,Medium,1,6,9,29.81
Bus,7,285386,8,Clutch Repair,Medium,1,12,5,39.23
Truck,7,235525,15,Brake Repair,Low,0,7,4,34.46
Mini Truck,6,240493,14,Tyre Replacement,High,1,8,7,40.78
Truck,2,67049,5,Clutch Repair,Medium,0,9,2,43.06
Bus,5,229759,1,Electrical Repair,Medium,0,9,2,42.5
Van,12,498833,2,Brake Repair,Medium,1,2,2,30.77
Bus,7,183138,6,Suspension Repair,Low,0,9,10,50.0
Mini Truck,12,311605,10,Electrical Repair,Medium,1,7,6,35.12
Bus,3,127197,8,Engine Repair,Medium,1,15,4,45.06
Mini Truck,8,223463,8,Oil Change,Low,1,15,5,14.35
Bus,5,169297,13,Electrical Repair,High,1,13,7,44.1
Truck,1,32565,0,Brake Repair,Low,1,11,3,9.41
Van,8,239278,7,Clutch Repair,Medium,1,15,5,38.21
Van,12,351896,20,Battery Replacement,High,0,7,9,71.88
Bus,11,304021,18,Electrical Repair,High,1,1,10,60.2
Van,5,128850,12,Brake Repair,Medium,1,1,9,33.48
Truck,2,62384,6,Transmission Repair,Low,0,5,9,82.66
Bus,4,197714,7,Battery Replacement,Low,0,12,7,35.32
Mini Truck,10,336696,18,Electrical Repair,High,0,5,3,69.38
Bus,5,205354,11,Suspension Repair,Medium,1,5,3,34.68
Truck,12,549550,11,Suspension Repair,Low,1,6,3,33.45
Truck,1,28678,6,Brake Repair,High,1,4,5,35.64
Bus,8,352032,9,Electrical Repair,High,0,4,6,58.81
Mini Truck,12,411599,17,Engine Repair,Low,1,5,9,69.09
Mini Truck,12,347760,1,Oil Change,Low,1,1,8,24.1
Truck,3,112207,10,Electrical Repair,Medium,1,2,4,24.09
Truck,5,239551,12,Transmission Repair,High,1,2,5,84.53
Van,11,403567,10,Electrical Repair,Low,0,11,4,55.65
Van,11,522396,11,Suspension Repair,High,1,10,9,55.53
Truck,11,384114,1,Tyre Replacement,Medium,1,7,5,22.84
Mini Truck,12,547649,3,Brake Repair,Medium,0,15,2,52.99
Mini Truck,1,47122,8,Transmission Repair,Low,0,8,10,77.9
Truck,7,206263,2,Transmission Repair,Medium,1,5,7,70.86
Truck,2,88176,8,Engine Repair,Low,1,6,5,48.48
Van,12,458321,15,Engine Repair,High,1,12,3,74.66
Van,8,389166,15,Transmission Repair,High,1,8,1,85.6
Truck,8,346883,3,Tyre Replacement,Medium,0,3,6,42.42
Van,2,99215,10,Clutch Repair,Low,0,13,3,47.6
Mini Truck,10,403499,1,Suspension Repair,High,1,7,1,37.81
Van,9,337820,11,Engine Repair,High,0,14,10,99.95
Mini Truck,2,76861,4,Suspension Repair,High,0,2,1,46.2
Van,11,522666,0,Oil Change,Medium,0,13,4,50.95
Truck,9,390547,16,Suspension Repair,High,1,13,10,57.83
Van,3,79795,7,Oil Change,High,0,5,9,54.04
Van,11,503167,15,Transmission Repair,High,1,14,7,91.18
Van,10,357438,11,Oil Change,Medium,1,11,5,28.52
Bus,7,258011,14,Tyre Replacement,Medium,1,7,6,32.24
Bus,2,89195,8,Tyre Replacement,High,0,8,10,59.07
Mini Truck,8,351360,11,Oil Change,Low,0,5,6,40.74
Van,1,31091,6,Tyre Replacement,Medium,0,1,4,34.03
Mini Truck,11,409054,11,Tyre Replacement,Medium,1,4,4,31.77
Truck,10,488687,1,Battery Replacement,Medium,0,12,7,47.19
Bus,2,78356,8,Electrical Repair,Low,0,5,8,44.12
Mini Truck,6,182026,2,Electrical Repair,High,0,8,10,72.72
Truck,1,48596,5,Engine Repair,Medium,1,10,4,45.44
Van,3,139561,6,Engine Repair,Low,1,3,3,46.25
Bus,12,509844,5,Clutch Repair,Low,1,3,4,41.66
Mini Truck,11,367648,5,Electrical Repair,High,0,2,1,59.28
Van,12,547220,1,Oil Change,High,1,3,4,34.79
Bus,1,31698,7,Oil Change,Medium,0,4,4,33.39
Truck,11,544818,6,Clutch Repair,Medium,1,7,2,42.88
Van,6,277628,14,Clutch Repair,High,0,5,8,79.05
Mini Truck,2,88826,8,Electrical Repair,High,0,8,7,69.24
Mini Truck,9,229341,12,Transmission Repair,Medium,1,5,5,73.43
Van,2,74094,7,Clutch Repair,Low,1,10,3,21.18
Mini Truck,5,128947,5,Engine Repair,High,0,11,8,86.82
Mini Truck,9,363757,11,Engine Repair,Medium,0,9,9,82.77
Truck,4,179066,7,Battery Replacement,High,0,11,4,47.66
Bus,1,32799,2,Brake Repair,High,1,13,10,35.07
Mini Truck,6,245107,12,Brake Repair,High,0,3,6,54.69
Mini Truck,7,288875,12,Oil Change,Medium,1,4,5,26.17
Mini Truck,7,298478,2,Transmission Repair,High,1,4,3,77.7
Bus,12,346675,0,Engine Repair,High,1,3,5,71.89
Van,8,299911,5,Tyre Replacement,Low,1,6,10,27.73
Mini Truck,4,188736,7,Transmission Repair,Low,1,4,10,68.36
Bus,10,338294,9,Oil Change,Low,1,6,5,20.52
Mini Truck,6,264158,12,Electrical Repair,Low,0,8,1,51.32
Mini Truck,4,104104,0,Tyre Replacement,High,0,1,3,54.84
Van,7,273577,7,Tyre Replacement,Medium,1,11,8,28.37
Van,12,397458,5,Engine Repair,Medium,1,5,10,67.86
Van,10,267121,13,Suspension Repair,Low,0,10,2,41.5
Truck,5,196921,8,Suspension Repair,Medium,0,12,8,52.19
Van,7,256144,9,Battery Replacement,High,0,11,8,62.88
Bus,10,345175,8,Brake Repair,Medium,1,13,1,27.58
Truck,10,301859,15,Brake Repair,Medium,1,15,6,34.9
Truck,1,34357,5,Battery Replacement,Low,1,7,7,11.15
Bus,5,244821,7,Engine Repair,High,0,9,8,97.54
Truck,12,470698,4,Clutch Repair,High,0,11,6,80.4
Mini Truck,6,173036,8,Engine Repair,Medium,1,12,8,58.3
Mini Truck,2,88890,8,Clutch Repair,High,0,8,5,65.5
Bus,6,161376,9,Suspension Repair,High,1,10,4,42.5
Truck,7,216351,10,Oil Change,Low,0,1,9,57.08
Mini Truck,5,176548,12,Tyre Replacement,Medium,0,5,4,49.86
Bus,9,331351,10,Tyre Replacement,Low,0,14,2,39.65
Mini Truck,1,32704,8,Battery Replacement,Low,0,9,9,26.13
Van,6,231354,6,Transmission Repair,Medium,1,1,5,72.94
Truck,4,162513,6,Transmission Repair,Medium,1,8,7,71.01
Truck,11,317948,13,Brake Repair,Low,0,2,6,50.78
Van,12,512368,10,Electrical Repair,High,1,12,9,50.38
Truck,11,298285,1,Transmission Repair,Low,1,9,10,70.17
Van,4,128400,5,Tyre Replacement,High,1,12,7,28.12
Truck,2,64642,8,Electrical Repair,Medium,0,13,1,34.45
Bus,8,250599,16,Oil Change,Low,0,2,3,41.91
Bus,8,224818,2,Electrical Repair,High,0,7,2,60.3
Truck,4,152582,10,Electrical Repair,Low,1,6,2,16.38
Truck,11,391712,18,Suspension Repair,High,1,2,9,59.24
Mini Truck,11,533188,2,Battery Replacement,Low,0,11,5,34.29
Van,12,385425,17,Electrical Repair,Low,1,15,2,22.6
Mini Truck,2,60072,9,Engine Repair,Low,0,2,4,68.6
Bus,3,92664,0,Transmission Repair,Low,0,14,4,73.8
Truck,8,330030,11,Clutch Repair,High,1,7,3,52.36
Mini Truck,5,195897,0,Suspension Repair,Medium,0,2,3,47.9
Van,12,317209,20,Engine Repair,Low,1,10,6,61.93
Truck,7,258362,15,Brake Repair,Low,0,2,9,60.87
Truck,11,308277,17,Brake Repair,Low,0,14,4,45.7
Van,1,30967,5,Electrical Repair,High,1,10,3,27.78
Truck,7,214490,7,Brake Repair,Medium,1,10,7,28.28
Truck,1,44093,6,Brake Repair,High,1,14,9,34.38
Truck,5,172095,0,Electrical Repair,Low,0,2,3,30.77
Van,7,176542,3,Suspension Repair,Medium,0,12,9,43.03
Bus,5,222930,12,Suspension Repair,Low,0,12,10,60.61
Truck,5,129999,12,Clutch Repair,Low,1,7,10,34.09
Bus,5,161764,9,Electrical Repair,Low,1,1,10,29.46
Bus,9,234104,13,Tyre Replacement,High,1,5,6,41.86
Mini Truck,7,330745,7,Clutch Repair,Medium,0,8,5,56.97
Bus,2,69991,2,Oil Change,Medium,1,8,8,18.55
Mini Truck,3,116444,3,Clutch Repair,Medium,1,7,7,32.55
Truck,10,461398,11,Engine Repair,Low,0,7,5,82.84
Van,9,390154,12,Brake Repair,Medium,1,11,7,34.2
Bus,10,487669,0,Tyre Replacement,High,1,3,10,45.52
Mini Truck,7,197230,3,Suspension Repair,Medium,0,13,9,56.41
Mini Truck,1,31214,4,Clutch Repair,Low,1,13,7,24.05
Mini Truck,8,370515,1,Brake Repair,Medium,1,7,3,25.1
Mini Truck,12,557462,9,Oil Change,Low,0,15,6,49.44
Van,4,111368,11,Tyre Replacement,Medium,0,5,3,38.54
Bus,3,119770,11,Suspension Repair,Low,0,9,6,57.64
Bus,10,352361,2,Battery Replacement,Low,0,6,1,32.58
Van,1,45510,5,Engine Repair,Medium,0,13,2,57.45
Truck,9,296354,11,Suspension Repair,Low,1,10,10,38.23
Van,5,212016,2,Engine Repair,Low,0,12,2,51.56
Truck,3,110503,4,Engine Repair,High,0,13,5,74.17
Bus,1,42637,7,Clutch Repair,Low,1,12,4,21.56
Mini Truck,8,355121,4,Transmission Repair,Low,0,2,2,86.23
Van,4,112154,3,Battery Replacement,High,0,9,2,40.02
Truck,11,475732,4,Transmission Repair,Low,1,6,8,73.16
Mini Truck,4,189034,5,Electrical Repair,High,1,8,5,38.61
Bus,3,129658,3,Transmission Repair,High,0,4,8,93.16
Bus,5,163722,11,Tyre Replacement,Low,1,4,6,18.03
Truck,2,80535,8,Clutch Repair,Low,0,6,1,36.63
Bus,6,245819,3,Clutch Repair,High,0,9,8,66.94
Truck,5,182852,6,Battery Replacement,Medium,1,15,7,21.84
Truck,9,258686,17,Clutch Repair,Medium,1,6,9,52.62
Mini Truck,2,97379,10,Tyre Replacement,Low,1,6,4,12.93
Truck,11,387799,12,Clutch Repair,Medium,0,2,6,65.63
Mini Truck,3,87488,10,Oil Change,Medium,1,12,2,12.7
Bus,5,153818,0,Brake Repair,Low,1,2,5,17.65
Bus,6,187312,9,Suspension Repair,Medium,1,12,8,36.3
Bus,5,247103,3,Engine Repair,Low,1,2,2,42.54
Bus,4,129764,3,Transmission Repair,High,1,3,10,84.4
Mini Truck,10,372526,0,Brake Repair,Low,0,12,4,40.99
Van,5,164521,9,Battery Replacement,Medium,1,14,9,23.42
Mini Truck,11,311081,16,Clutch Repair,High,0,14,8,90.11
Mini Truck,1,48283,2,Brake Repair,Medium,0,8,10,49.71
Van,8,314584,7,Clutch Repair,Low,1,15,5,31.34
Truck,4,128100,1,Tyre Replacement,Low,0,4,10,42.17
Bus,9,235736,14,Oil Change,Medium,1,4,2,24.08
Bus,12,575440,6,Suspension Repair,High,1,5,8,57.12
Mini Truck,12,560240,8,Oil Change,Medium,0,4,7,59.62
Mini Truck,6,255438,0,Oil Change,High,1,7,3,28.84
Van,9,448477,4,Brake Repair,Low,0,2,10,47.85
Mini Truck,9,268262,15,Clutch Repair,Medium,1,3,7,49.7
Bus,12,412980,19,Engine Repair,Low,0,15,5,85.65
Mini Truck,10,293542,1,Suspension Repair,Medium,1,1,5,36.43
Bus,4,112386,2,Engine Repair,Medium,1,4,6,55.45
Bus,10,480236,17,Brake Repair,Low,1,14,7,30.33
Bus,2,60093,4,Tyre Replacement,Low,0,14,7,31.2
Mini Truck,9,403837,2,Battery Replacement,High,0,5,9,61.5
Mini Truck,5,207040,8,Brake Repair,Low,1,12,6,17.17
Bus,6,294830,12,Electrical Repair,High,1,3,2,41.79
Van,8,350420,6,Brake Repair,Low,1,4,7,24.42
Bus,10,380166,5,Battery Replacement,Medium,1,7,9,29.94
Mini Truck,8,327956,11,Engine Repair,Medium,1,2,4,61.96
Bus,2,81819,4,Brake Repair,High,1,4,9,39.11
Truck,9,396011,17,Transmission Repair,Low,1,13,8,70.48
Van,4,126277,9,Oil Change,High,1,14,7,34.57
Truck,6,157226,0,Brake Repair,Low,0,4,10,39.92
Bus,5,193903,0,Transmission Repair,Medium,0,12,4,83.93
Bus,8,362129,5,Brake Repair,Medium,0,2,1,49.95
Mini Truck,2,75196,4,Battery Replacement,High,0,5,10,65.06
Truck,6,276145,3,Clutch Repair,High,0,7,8,81.77
Mini Truck,8,374668,7,Suspension Repair,Medium,0,1,10,68.47
Truck,1,30938,3,Battery Replacement,Low,1,5,4,7.08
Van,1,36922,8,Suspension Repair,High,1,3,5,36.45
Bus,10,372938,3,Electrical Repair,Medium,1,10,4,27.65
Van,8,322396,0,Brake Repair,Low,1,5,10,26.01
Truck,8,377190,15,Engine Repair,High,0,12,7,89.24
Mini Truck,9,314215,13,Clutch Repair,High,1,13,2,48.85
Truck,9,314921,15,Engine Repair,Medium,1,8,10,73.01
Bus,4,191338,3,Suspension Repair,Medium,1,15,8,25.19
Truck,3,125158,3,Tyre Replacement,Medium,1,14,8,21.57
Mini Truck,6,253208,12,Transmission Repair,High,1,9,8,85.68
Mini Truck,7,337272,8,Transmission Repair,Medium,0,6,6,93.09
Bus,8,266254,10,Oil Change,High,0,5,1,56.52
Van,8,329801,5,Oil Change,High,1,11,9,41.78
Mini Truck,6,209504,10,Transmission Repair,Medium,0,4,8,96.92
Bus,9,233529,15,Clutch Repair,Low,1,4,9,42.94
Van,4,195603,8,Electrical Repair,Medium,0,3,10,52.8
Van,7,332505,12,Transmission Repair,High,0,12,5,94.4
Mini Truck,4,160109,3,Oil Change,Medium,0,6,1,37.64
Van,3,108759,0,Electrical Repair,Low,0,13,3,37.66
Bus,9,285413,17,Battery Replacement,High,1,4,4,40.09
Bus,7,297494,8,Suspension Repair,Medium,1,14,7,35.27
Truck,4,128627,2,Battery Replacement,Low,1,5,2,6.91
Bus,10,288439,1,Transmission Repair,Low,0,15,2,67.72
Van,11,531499,13,Oil Change,Medium,0,11,10,59.36
Truck,7,253388,8,Battery Replacement,Medium,1,4,9,27.23
Van,4,102847,6,Brake Repair,Medium,1,4,6,23.87
Mini Truck,11,469618,8,Battery Replacement,High,0,14,6,54.4
Bus,11,371166,13,Oil Change,Low,1,1,7,31.48
Mini Truck,6,263433,12,Battery Replacement,Low,1,2,9,26.21
Truck,3,98898,3,Suspension Repair,Low,0,10,2,31.98
Van,8,321037,8,Electrical Repair,High,1,11,2,37.22
Van,4,165303,6,Clutch Repair,Medium,0,6,9,55.87
Mini Truck,10,267337,1,Suspension Repair,High,1,2,1,41.27
Mini Truck,5,130351,7,Oil Change,Medium,0,13,9,44.77
Mini Truck,9,416562,8,Clutch Repair,Low,0,4,5,68.56
Bus,8,255854,13,Electrical Repair,High,1,12,1,36.4
Bus,5,206289,2,Battery Replacement,Low,0,10,1,27.48
Truck,8,345249,16,Engine Repair,High,1,13,5,70.09
Van,12,343362,13,Battery Replacement,High,1,12,10,50.99
Bus,5,160016,0,Clutch Repair,High,1,12,10,49.05
Van,1,31550,2,Oil Change,Medium,1,7,1,8.13
Bus,3,130486,9,Oil Change,Low,1,3,4,10.42
Truck,3,127717,6,Engine Repair,Low,0,10,3,60.67
Bus,7,267438,8,Oil Change,Low,0,8,10,51.99
Truck,6,222136,12,Oil Change,Low,1,4,3,16.11
Truck,2,59566,10,Electrical Repair,Low,0,9,6,31.12
Truck,5,141780,3,Brake Repair,High,0,12,1,53.33
Van,1,34861,8,Brake Repair,High,0,10,4,43.76
Bus,5,194558,4,Battery Replacement,Low,1,8,8,17.76
Mini Truck,4,176927,12,Clutch Repair,High,0,5,6,72.58
Van,9,442544,3,Electrical Repair,Low,0,8,3,38.06
Van,7,246955,4,Electrical Repair,Low,1,3,6,28.27
Bus,11,519862,13,Clutch Repair,High,0,6,6,90.43
Truck,4,107030,8,Brake Repair,High,1,12,10,43.78
Bus,5,159314,11,Clutch Repair,Medium,1,2,6,41.61
Truck,12,454230,16,Clutch Repair,Medium,0,15,6,59.95
Van,11,408854,9,Suspension Repair,High,1,1,4,54.33
Bus,1,39536,6,Electrical Repair,Medium,1,10,4,21.94
Bus,6,283248,8,Brake Repair,Low,0,11,3,42.91
Mini Truck,6,228649,7,Battery Replacement,High,1,15,8,34.21
Bus,6,197164,5,Transmission Repair,High,0,3,4,107.16
Mini Truck,3,112808,11,Engine Repair,Medium,1,10,1,49.0
Truck,8,216285,9,Electrical Repair,Medium,1,9,5,31.75
Mini Truck,8,269507,3,Suspension Repair,Medium,0,4,10,62.0
Mini Truck,11,531156,3,Tyre Replacement,Medium,1,10,4,27.05
Bus,1,30529,7,Suspension Repair,Medium,1,10,1,23.18
Mini Truck,5,141243,12,Tyre Replacement,Low,1,3,8,24.38
Mini Truck,6,201732,12,Brake Repair,Medium,1,2,4,29.84
Bus,2,82534,10,Oil Change,Low,1,5,6,12.19
Bus,9,288087,9,Electrical Repair,Medium,1,15,6,25.12
Mini Truck,3,91125,6,Clutch Repair,High,0,4,6,76.29
Mini Truck,7,308424,1,Clutch Repair,High,1,13,1,41.09
Bus,12,348055,0,Clutch Repair,Medium,0,5,4,53.25
Mini Truck,2,74284,5,Battery Replacement,High,1,13,3,24.03
Truck,11,514490,18,Engine Repair,Low,1,9,7,64.32
Truck,10,428690,7,Brake Repair,High,1,1,9,53.34
Bus,11,287815,2,Oil Change,Medium,1,13,9,27.35
Van,10,270520,2,Brake Repair,Medium,0,3,1,39.31
Mini Truck,5,131355,0,Engine Repair,High,0,12,4,91.69
Mini Truck,4,165506,9,Oil Change,Low,0,11,4,40.72
Mini Truck,9,269449,2,Clutch Repair,High,0,9,5,71.85
Mini Truck,9,251041,13,Battery Replacement,Medium,1,4,5,28.16
Van,12,304142,17,Engine Repair,Medium,0,3,5,84.14
Mini Truck,7,251572,15,Transmission Repair,Low,1,5,5,68.28
Truck,5,185699,10,Clutch Repair,Low,0,13,8,59.08
Mini Truck,4,157978,9,Electrical Repair,High,0,11,9,70.54
Mini Truck,5,160733,9,Tyre Replacement,Medium,1,9,8,25.37
Truck,5,247193,4,Suspension Repair,High,0,13,10,64.6
Van,2,71432,5,Suspension Repair,Medium,1,11,3,21.45
Van,10,323177,0,Tyre Replacement,High,1,13,10,41.62
Truck,9,373202,12,Transmission Repair,High,1,7,7,88.64
Truck,2,93338,8,Tyre Replacement,Low,0,4,3,31.34
Mini Truck,9,353619,4,Tyre Replacement,Low,0,8,4,38.71
Mini Truck,12,592551,8,Oil Change,Medium,0,4,9,61.2
Mini Truck,5,217647,8,Electrical Repair,Medium,0,1,5,49.19
Bus,10,350936,10,Battery Replacement,High,1,11,6,39.59
Mini Truck,9,326023,17,Oil Change,Low,1,6,2,20.19
Van,7,342038,15,Suspension Repair,Medium,1,10,5,35.09
Van,7,233770,5,Battery Replacement,Low,1,7,2,11.89
Bus,7,268095,6,Transmission Repair,Medium,0,1,1,88.16
Van,2,94892,8,Suspension Repair,Medium,1,8,2,23.93
Bus,3,81646,3,Electrical Repair,Low,0,10,9,44.03
Truck,6,257177,5,Brake Repair,Low,0,6,9,50.8
Truck,9,247961,8,Engine Repair,Low,0,12,10,85.19
Mini Truck,7,282677,6,Tyre Replacement,Medium,0,13,5,38.28
Van,4,171823,1,Oil Change,Medium,0,15,9,32.1
Mini Truck,1,26250,5,Tyre Replacement,Low,0,9,5,30.77
Mini Truck,11,429912,18,Suspension Repair,Medium,0,6,3,67.43
Truck,12,394471,11,Suspension Repair,Low,0,13,5,49.39
Bus,9,440385,6,Oil Change,Medium,0,11,8,56.32
Bus,2,64472,0,Suspension Repair,Low,0,10,3,34.84
Truck,7,319116,14,Transmission Repair,Medium,0,14,8,88.16
Bus,8,262706,4,Oil Change,Medium,0,2,10,46.39
Mini Truck,5,157625,12,Brake Repair,Low,1,7,7,23.75
Bus,7,186333,5,Engine Repair,Low,1,2,7,55.05
Bus,6,283743,0,Suspension Repair,Low,1,8,6,24.76
Bus,6,189266,6,Battery Replacement,Low,0,11,4,39.06
Mini Truck,12,330116,4,Battery Replacement,High,1,2,1,30.55
Truck,6,264458,8,Battery Replacement,Low,1,10,1,5.97
Bus,8,219926,2,Tyre Replacement,Low,0,14,7,41.11
Van,3,106578,5,Engine Repair,High,0,13,4,74.16
Bus,5,194432,4,Electrical Repair,Low,1,6,8,20.81
Truck,8,352484,9,Engine Repair,Low,0,12,9,70.31
Truck,3,110574,2,Suspension Repair,High,1,7,9,44.55
Bus,11,448496,3,Oil Change,Low,0,5,2,31.87
Bus,12,459793,17,Clutch Repair,Low,1,2,1,39.02
Van,4,137281,6,Electrical Repair,High,0,4,7,57.1
Van,1,35345,7,Electrical Repair,High,1,4,8,37.51
Truck,1,43928,8,Transmission Repair,Low,1,13,5,54.76
Van,8,317695,1,Tyre Replacement,Low,1,1,5,17.92
Mini Truck,1,28647,2,Electrical Repair,High,0,9,4,48.67
Mini Truck,2,79430,10,Clutch Repair,Medium,1,9,2,24.69
Mini Truck,7,333631,14,Electrical Repair,Low,1,10,2,20.82
Mini Truck,12,424127,18,Engine Repair,Low,0,1,6,86.99
Truck,7,334010,6,Engine Repair,High,0,8,10,93.23
Mini Truck,5,209355,7,Oil Change,High,1,12,5,30.22
Truck,7,266851,9,Electrical Repair,Low,1,10,4,23.56
Bus,8,205624,15,Suspension Repair,Medium,0,10,5,56.74
Van,1,40367,8,Electrical Repair,Medium,0,11,3,44.79
Truck,10,423444,5,Suspension Repair,Low,0,15,7,44.95
Truck,9,339323,16,Oil Change,High,0,1,10,73.91
Mini Truck,1,44255,1,Transmission Repair,High,0,14,9,86.88
Mini Truck,1,26605,3,Tyre Replacement,Medium,1,11,3,11.71
Truck,6,287332,7,Battery Replacement,Medium,1,13,1,11.67
Truck,5,212952,9,Battery Replacement,Low,1,9,3,8.15
Truck,2,86907,5,Suspension Repair,High,1,5,7,43.76
Truck,8,317859,6,Electrical Repair,High,1,7,10,48.77
Truck,10,464285,5,Tyre Replacement,Low,1,14,2,17.5
Van,6,255190,3,Battery Replacement,Medium,0,6,1,26.01
Mini Truck,6,177745,6,Battery Replacement,High,1,15,9,36.32
Mini Truck,11,522927,6,Electrical Repair,High,0,9,3,62.07
Mini Truck,12,560381,8,Clutch Repair,Medium,1,8,8,51.24
Van,6,237318,10,Clutch Repair,Medium,0,9,4,61.33
Mini Truck,10,401699,18,Battery Replacement,Low,0,6,3,37.53
Truck,10,302467,1,Suspension Repair,Medium,1,11,10,34.98
Truck,3,125007,7,Brake Repair,High,0,10,7,68.96
Van,4,148439,3,Oil Change,Low,0,4,9,44.06
Van,1,35516,6,Clutch Repair,Low,1,6,4,25.96
Van,6,236896,2,Suspension Repair,High,0,1,3,58.54
Mini Truck,5,187921,8,Brake Repair,Low,0,9,3,37.82
Van,5,222780,5,Brake Repair,Medium,0,10,3,39.5
Van,10,307941,2,Battery Replacement,High,1,9,7,36.88
Bus,1,33005,9,Transmission Repair,High,1,6,1,73.44
Bus,6,276446,11,Battery Replacement,High,1,13,10,40.71
Truck,8,278815,6,Brake Repair,Low,1,4,5,19.4
Bus,4,145841,3,Clutch Repair,High,0,2,6,77.94
Bus,1,44254,2,Battery Replacement,Low,0,10,5,33.56
Truck,12,398616,12,Electrical Repair,Medium,1,7,3,36.08
Bus,4,126144,9,Brake Repair,Medium,1,15,8,25.41
Truck,9,365799,10,Electrical Repair,Low,1,10,5,23.27
Van,10,418615,8,Transmission Repair,Low,0,13,2,73.91
Bus,3,138803,11,Battery Replacement,Medium,0,6,5,55.78
Van,2,50091,1,Clutch Repair,Low,1,10,10,30.59
Truck,4,120397,12,Engine Repair,Medium,1,6,4,55.09
Bus,9,391241,2,Brake Repair,Low,1,12,8,25.86
Truck,4,139264,7,Electrical Repair,Medium,0,11,2,45.71
Bus,11,359605,12,Tyre Replacement,Medium,1,15,6,29.62
Bus,7,217642,0,Tyre Replacement,Low,0,6,5,36.69
Van,3,107762,9,Transmission Repair,Low,1,14,2,53.45
Mini Truck,4,187347,4,Engine Repair,Medium,1,7,1,49.64
Bus,5,186903,10,Oil Change,High,0,7,1,46.7
Truck,1,39466,9,Electrical Repair,Low,1,4,6,22.74
Van,2,67023,10,Brake Repair,High,0,1,3,51.59
Bus,11,330938,15,Electrical Repair,Medium,0,7,9,53.73
Bus,7,241346,2,Clutch Repair,High,1,5,2,47.61
Van,4,188357,3,Suspension Repair,Medium,1,12,1,20.51
Van,9,314271,2,Electrical Repair,Medium,1,9,2,25.86
Mini Truck,11,326854,11,Battery Replacement,High,0,10,1,56.29
Van,12,459392,18,Tyre Replacement,Low,0,14,10,48.47
Truck,11,423447,5,Transmission Repair,High,0,5,2,104.12
Truck,2,64181,8,Electrical Repair,High,1,15,10,39.82
Van,10,281718,9,Tyre Replacement,Medium,1,3,1,20.43
Truck,3,79001,1,Battery Replacement,Medium,0,3,1,37.55
Bus,12,461073,13,Clutch Repair,High,1,7,6,63.57
Bus,9,244425,17,Tyre Replacement,Medium,0,13,10,49.68
Van,11,477157,14,Electrical Repair,High,0,15,7,69.62
Bus,12,364882,10,Engine Repair,Low,0,9,1,64.23
Truck,4,108078,8,Electrical Repair,Low,0,2,6,45.12
Van,4,137987,2,Clutch Repair,Medium,0,12,3,40.64
Bus,7,220653,12,Battery Replacement,Low,0,13,3,26.3
Van,6,214722,14,Transmission Repair,Low,0,9,7,92.25
Truck,8,324279,12,Oil Change,Medium,0,10,4,52.91
Mini Truck,11,498664,12,Battery Replacement,Medium,0,9,8,61.45
Van,2,52602,7,Electrical Repair,Low,1,14,1,10.05
Truck,4,128660,11,Oil Change,Medium,0,1,10,61.77
Van,5,229631,7,Tyre Replacement,Medium,1,3,7,23.67
Bus,5,241046,1,Suspension Repair,High,0,10,3,66.13
Mini Truck,12,422648,18,Clutch Repair,Medium,0,4,9,73.87
Van,9,376141,6,Suspension Repair,High,0,11,3,67.9
Mini Truck,9,230594,15,Oil Change,Medium,0,11,4,49.21
Mini Truck,11,396102,2,Clutch Repair,High,1,10,4,50.05
Truck,2,97544,6,Tyre Replacement,High,0,11,4,49.75
Van,5,217682,7,Oil Change,Medium,0,14,8,37.5
Mini Truck,8,298292,0,Clutch Repair,High,1,10,5,49.09
Mini Truck,4,145416,7,Suspension Repair,High,1,12,7,43.47
Van,2,65576,8,Oil Change,Medium,1,2,10,25.6
Bus,9,298262,11,Transmission Repair,High,0,3,6,115.31
Bus,6,176429,3,Engine Repair,High,0,12,6,78.65
Bus,5,137617,9,Suspension Repair,Low,1,2,2,26.09
Truck,10,357668,15,Transmission Repair,Medium,0,11,4,95.82
Van,7,268187,0,Electrical Repair,High,0,5,2,59.77
Van,8,237319,4,Engine Repair,Medium,0,7,8,88.63
Mini Truck,1,48244,3,Tyre Replacement,Low,0,3,9,28.31
Mini Truck,2,84493,9,Engine Repair,Medium,1,11,8,53.36
Bus,3,90729,1,Tyre Replacement,Medium,1,10,7,17.06
Van,8,257005,2,Brake Repair,Medium,0,4,2,32.24
Mini Truck,3,106553,0,Suspension Repair,High,1,13,10,39.32
Bus,11,288813,0,Engine Repair,High,0,9,1,83.79
Mini Truck,5,196714,5,Brake Repair,High,0,15,1,41.15
Truck,9,265125,9,Brake Repair,High,1,1,9,46.46
Truck,8,211938,4,Clutch Repair,Medium,1,2,7,41.56
Mini Truck,9,341815,6,Tyre Replacement,Low,1,10,10,27.08
Mini Truck,1,31868,2,Oil Change,Medium,0,11,5,38.82
Bus,4,194927,3,Transmission Repair,Medium,0,2,1,85.22
Bus,2,52948,0,Transmission Repair,Medium,0,2,1,77.72
Truck,4,115985,3,Electrical Repair,Medium,1,12,8,21.97
Bus,3,81202,11,Battery Replacement,Low,0,11,4,35.5
Mini Truck,12,543402,4,Brake Repair,Medium,1,13,2,27.2
Mini Truck,12,590311,14,Battery Replacement,Medium,1,12,8,35.28
Bus,2,64269,8,Battery Replacement,Medium,0,3,4,49.25
Truck,9,375407,7,Battery Replacement,High,0,1,5,66.3
Mini Truck,4,105090,4,Electrical Repair,Low,1,6,6,21.91
Mini Truck,9,436940,2,Battery Replacement,High,0,5,2,62.48
Truck,8,351712,12,Transmission Repair,High,0,4,2,105.24
Mini Truck,6,283693,5,Engine Repair,High,0,13,9,92.6
Van,11,480152,4,Oil Change,Medium,1,14,5,24.29
Van,4,176484,2,Battery Replacement,Low,1,5,1,9.71
Mini Truck,4,167706,5,Suspension Repair,Medium,0,3,1,49.32
Truck,6,201699,7,Clutch Repair,High,1,3,1,44.89
Bus,6,241289,11,Electrical Repair,Low,1,5,5,27.29
Truck,8,398926,16,Suspension Repair,Medium,1,12,9,42.1
Van,11,346001,3,Oil Change,High,0,8,3,48.26
Bus,1,49775,9,Transmission Repair,Medium,0,2,3,87.3
Mini Truck,2,95094,7,Electrical Repair,High,1,9,1,28.95
Bus,2,51506,4,Clutch Repair,Medium,1,8,2,28.88
Mini Truck,5,249654,4,Tyre Replacement,Medium,0,13,5,37.49
Mini Truck,1,47796,4,Clutch Repair,Medium,1,2,2,30.59
Truck,2,82904,7,Battery Replacement,Low,0,4,3,32.63
Mini Truck,1,47706,4,Transmission Repair,Low,0,8,4,70.22
Bus,7,347859,13,Clutch Repair,High,1,11,5,52.39
Truck,4,183766,12,Oil Change,Medium,0,9,2,40.72
Mini Truck,10,405923,16,Tyre Replacement,Medium,1,14,10,37.47
Van,5,186225,0,Transmission Repair,High,0,2,4,85.14
Truck,9,336674,9,Engine Repair,Low,0,2,5,79.13
Mini Truck,6,175401,8,Brake Repair,Low,1,6,10,29.04
Truck,8,214907,0,Engine Repair,Medium,0,15,8,75.33
Van,12,381032,11,Suspension Repair,High,1,5,1,52.11
Bus,4,149799,2,Electrical Repair,Low,0,4,2,30.75
Bus,5,139315,10,Brake Repair,Low,0,11,3,26.59
Mini Truck,1,41017,1,Engine Repair,High,1,11,10,64.36
Van,1,26082,5,Tyre Replacement,Low,0,11,5,28.57
Van,11,497209,14,Engine Repair,High,1,14,4,71.21
Bus,11,346349,10,Suspension Repair,Low,0,14,7,45.88
Bus,11,438097,8,Tyre Replacement,Medium,0,9,5,49.96
Bus,4,157486,12,Electrical Repair,High,0,7,9,57.6
Bus,1,42493,1,Transmission Repair,High,1,1,3,71.32
Van,3,100539,5,Clutch Repair,Medium,0,14,6,59.61
Truck,12,408136,20,Electrical Repair,High,0,9,9,66.44
Bus,1,41247,5,Oil Change,Medium,0,10,8,36.92
Bus,5,228332,12,Transmission Repair,Low,1,3,5,67.02
Mini Truck,8,328098,15,Transmission Repair,Medium,1,10,7,76.74
Bus,10,314299,1,Transmission Repair,Medium,1,13,1,61.09
Truck,7,177283,12,Clutch Repair,High,0,7,5,83.26
Mini Truck,3,134962,5,Electrical Repair,Low,1,8,10,25.41
Van,9,317179,9,Suspension Repair,Low,0,3,2,40.89
Bus,1,40328,2,Electrical Repair,Medium,1,12,4,14.95
Mini Truck,1,28033,6,Oil Change,High,0,3,5,55.93
Truck,8,347761,4,Suspension Repair,Low,1,11,2,24.47
Mini Truck,5,151383,1,Suspension Repair,Low,0,3,6,36.42
Van,12,455790,7,Clutch Repair,High,1,5,3,59.75
Mini Truck,9,375262,11,Tyre Replacement,High,0,7,2,63.2
Bus,10,358564,8,Electrical Repair,Medium,1,12,10,37.85
Bus,8,392163,16,Brake Repair,Low,1,12,4,23.38
Truck,8,386025,9,Tyre Replacement,Medium,0,9,4,41.81
Van,11,421727,0,Tyre Replacement,Low,0,7,3,40.63
Mini Truck,2,80255,6,Transmission Repair,High,0,13,5,84.61
Bus,12,504178,10,Electrical Repair,Low,0,3,9,59.96
Van,9,245828,3,Oil Change,Medium,0,3,3,51.13
Van,1,40624,4,Electrical Repair,High,1,3,9,41.7
Van,8,310100,15,Battery Replacement,Medium,0,4,10,55.69
Bus,12,438933,6,Engine Repair,High,1,4,3,68.55
Mini Truck,9,281609,13,Tyre Replacement,Low,1,2,1,24.1
Truck,3,124722,0,Battery Replacement,Medium,0,2,5,35.94
Bus,12,573639,12,Suspension Repair,Medium,0,14,8,56.58
Bus,6,274886,3,Brake Repair,Low,1,3,1,15.46
Van,2,86445,7,Engine Repair,Low,1,1,8,52.32
Van,4,161220,7,Engine Repair,Low,0,10,8,67.38
Bus,2,98632,4,Clutch Repair,Medium,0,15,3,52.88
Bus,10,417484,0,Clutch Repair,Low,1,9,1,26.66
Truck,10,265412,15,Tyre Replacement,Low,0,9,8,41.15
Van,2,84239,9,Transmission Repair,Medium,0,4,10,92.97
Mini Truck,1,29305,3,Engine Repair,Low,1,13,10,43.53
Mini Truck,6,180143,7,Electrical Repair,Medium,0,4,3,44.69
Truck,9,362828,17,Oil Change,Medium,0,15,10,56.5
Truck,8,288138,0,Tyre Replacement,High,1,2,4,35.71
Truck,1,39539,8,Clutch Repair,Medium,1,11,6,34.24
Mini Truck,6,239305,10,Clutch Repair,Medium,0,10,6,70.64
Truck,5,168942,0,Transmission Repair,High,1,3,4,74.62
Mini Truck,7,338060,9,Suspension Repair,Low,1,3,9,37.66
Mini Truck,6,177363,8,Brake Repair,Medium,0,1,5,44.96
Bus,11,444844,1,Transmission Repair,Medium,0,2,8,99.55
Bus,11,376386,9,Engine Repair,High,1,2,7,77.44
Mini Truck,8,267216,1,Battery Replacement,High,1,10,9,39.43
Bus,9,307487,14,Transmission Repair,High,0,13,2,95.56
Mini Truck,11,503985,14,Tyre Replacement,Medium,1,2,9,41.71
Mini Truck,10,311905,18,Battery Replacement,High,1,4,8,51.06
Mini Truck,1,27375,2,Transmission Repair,High,0,15,2,87.92
Bus,6,286717,2,Transmission Repair,Low,1,9,1,55.06
Bus,8,200719,9,Oil Change,Medium,0,7,6,39.66
Mini Truck,6,253261,12,Tyre Replacement,Medium,0,13,1,39.13
Van,8,254615,10,Battery Replacement,Low,0,6,7,49.42
Van,2,60112,3,Oil Change,Low,1,8,9,13.43
Bus,10,280182,11,Engine Repair,Low,1,3,6,59.98
Mini Truck,7,180169,0,Clutch Repair,High,0,15,6,73.95
Van,7,346275,1,Engine Repair,Low,0,15,5,58.73
Van,11,487683,10,Engine Repair,Low,1,7,9,63.45
Bus,10,483314,14,Battery Replacement,Low,1,13,1,15.82
Mini Truck,1,25815,7,Transmission Repair,Medium,0,14,5,73.46
Van,8,208227,1,Transmission Repair,High,0,12,8,101.98
Bus,4,150792,8,Battery Replacement,Low,1,4,9,22.03
Mini Truck,7,223878,2,Electrical Repair,Medium,1,13,5,24.66
Truck,12,470411,8,Electrical Repair,High,1,7,2,40.2
Van,5,224655,8,Battery Replacement,Medium,0,5,3,46.44
Bus,4,182282,1,Transmission Repair,Low,1,3,7,56.99
Van,12,435391,18,Tyre Replacement,Low,0,3,4,51.69
Van,2,70581,9,Oil Change,Low,1,12,2,4.43
Van,3,75880,4,Transmission Repair,High,1,15,6,75.47
Mini Truck,8,326609,2,Electrical Repair,High,1,2,8,48.16
Mini Truck,7,176852,9,Electrical Repair,Medium,0,10,2,37.67
Mini Truck,11,437590,11,Battery Replacement,High,1,8,8,43.61
Mini Truck,6,274212,11,Suspension Repair,Medium,1,14,5,32.64
Mini Truck,7,187286,11,Tyre Replacement,Low,1,14,3,12.58
Mini Truck,5,168192,5,Tyre Replacement,Low,1,6,1,10.29
Bus,10,413369,17,Clutch Repair,Medium,0,10,9,79.37
Mini Truck,3,136344,5,Transmission Repair,High,1,3,3,71.4
Truck,7,195186,11,Oil Change,Medium,0,10,9,50.29
Van,11,501384,8,Oil Change,Low,1,13,8,25.47
Van,5,179379,13,Suspension Repair,Low,0,4,3,39.47
Bus,4,107288,3,Brake Repair,High,0,10,4,48.87
Truck,2,57110,1,Clutch Repair,Medium,0,7,6,53.06
Bus,6,287119,7,Electrical Repair,Medium,0,12,5,52.22
Van,10,352942,3,Electrical Repair,Low,1,4,7,27.98
Mini Truck,5,170408,7,Clutch Repair,Low,1,2,8,36.12
Van,11,538020,14,Brake Repair,High,0,6,6,75.58
Mini Truck,10,363253,7,Engine Repair,High,1,12,9,73.32
Mini Truck,11,406248,2,Battery Replacement,High,0,6,7,54.01
Truck,10,411147,18,Brake Repair,High,1,3,5,51.52
Mini Truck,10,330352,15,Suspension Repair,High,0,10,4,75.36
Bus,3,131572,8,Electrical Repair,Low,1,10,8,18.24
Van,7,301192,1,Brake Repair,Low,0,11,8,33.59
Truck,11,439001,4,Oil Change,Low,1,3,2,16.83
Van,2,73942,10,Brake Repair,High,0,11,5,56.64
Mini Truck,3,114943,11,Transmission Repair,Medium,0,3,1,79.11
Mini Truck,6,261417,6,Engine Repair,High,0,10,4,91.61
Truck,9,265805,9,Engine Repair,High,0,7,3,90.47
Van,11,322890,8,Oil Change,Low,0,11,8,45.03
Bus,10,448368,16,Transmission Repair,Low,1,15,3,68.68
Truck,3,112104,8,Transmission Repair,Low,1,1,8,66.11
Bus,6,153796,12,Engine Repair,High,0,3,9,92.37
Mini Truck,1,29578,4,Transmission Repair,Low,1,15,4,50.87
Truck,1,45307,0,Battery Replacement,Medium,0,11,9,31.24
Van,11,447252,7,Tyre Replacement,Medium,1,11,4,23.91
Mini Truck,7,267955,10,Transmission Repair,Medium,1,2,8,73.78
Van,8,293576,15,Engine Repair,Medium,1,5,9,69.86
Truck,5,186361,1,Tyre Replacement,Medium,1,7,2,17.54
Bus,11,404532,18,Engine Repair,High,0,10,5,99.04
Mini Truck,12,326740,4,Brake Repair,Medium,0,15,2,43.15
Bus,4,183438,3,Oil Change,Medium,0,8,10,55.66
Bus,9,272431,9,Battery Replacement,Medium,0,4,10,46.66
Van,10,476720,1,Engine Repair,Medium,0,12,10,76.15
Van,8,290868,7,Electrical Repair,Medium,1,11,2,26.71
Bus,3,86046,11,Brake Repair,Medium,0,3,1,45.7
Bus,10,273289,1,Oil Change,High,1,14,5,32.35
Van,7,240846,6,Suspension Repair,Medium,1,5,4,32.98
Van,12,595398,13,Brake Repair,Medium,0,3,1,47.8
Mini Truck,11,353772,5,Battery Replacement,Medium,0,6,3,52.91
Truck,11,540956,14,Clutch Repair,Medium,1,2,1,48.3
Van,4,170832,12,Electrical Repair,Low,0,1,1,50.9
Truck,1,46810,6,Engine Repair,High,0,6,9,94.26
Mini Truck,8,286692,9,Suspension Repair,Medium,1,2,8,42.4
Van,9,397509,9,Battery Replacement,High,0,4,5,59.65
Mini Truck,11,388559,7,Tyre Replacement,High,1,14,7,42.2
Bus,11,491588,16,Transmission Repair,Low,1,5,7,74.03
Van,6,181742,7,Electrical Repair,Medium,0,6,2,54.43
Bus,2,97781,7,Suspension Repair,High,1,6,10,44.29
Bus,10,357056,10,Suspension Repair,Low,0,13,4,48.14
Mini Truck,12,465033,4,Tyre Replacement,High,1,12,5,37.26
Bus,11,348228,2,Oil Change,High,0,3,3,59.09
Truck,12,439232,10,Electrical Repair,Medium,1,14,4,32.52
Mini Truck,11,343399,7,Battery Replacement,Medium,1,1,5,26.64
Truck,5,143864,6,Transmission Repair,Low,0,3,10,96.08
Truck,9,245310,7,Battery Replacement,Low,0,10,9,37.7
Truck,1,45313,3,Electrical Repair,High,0,5,4,49.72
Van,10,417237,11,Oil Change,Low,1,10,7,24.78
Van,9,293236,0,Battery Replacement,Medium,1,4,10,30.32
Truck,9,347640,17,Engine Repair,High,1,13,8,76.46
Mini Truck,8,380102,0,Oil Change,Medium,0,5,5,45.52
Mini Truck,7,273903,9,Clutch Repair,Low,1,15,1,25.22
Bus,4,167900,6,Clutch Repair,Low,1,15,1,22.89
Bus,6,197387,5,Suspension Repair,Low,1,13,3,23.33
Mini Truck,7,323259,4,Engine Repair,Low,1,8,3,45.92
Mini Truck,4,182838,4,Suspension Repair,High,0,8,1,57.28
Mini Truck,3,100223,10,Engine Repair,Medium,1,15,7,49.16
Mini Truck,7,202618,1,Electrical Repair,Low,1,10,7,18.84
Truck,9,237634,12,Clutch Repair,Medium,0,9,9,69.76
Mini Truck,10,294409,8,Transmission Repair,High,1,15,1,73.54
Van,11,463862,2,Clutch Repair,Medium,1,7,2,35.07
Van,11,432126,8,Oil Change,High,0,12,4,53.35
Van,9,232250,3,Suspension Repair,High,0,5,8,73.99
Truck,3,101671,7,Battery Replacement,High,0,11,10,65.28
Truck,2,94135,2,Tyre Replacement,Low,0,7,4,25.32
Bus,3,79073,0,Tyre Replacement,Low,0,6,3,26.22
Truck,4,131767,6,Engine Repair,High,0,5,1,92.13
Van,2,61007,7,Oil Change,Low,0,2,9,43.47
Mini Truck,3,79582,1,Tyre Replacement,High,1,10,1,19.62
Van,2,93456,7,Battery Replacement,High,1,7,10,38.35
Truck,1,47909,0,Brake Repair,High,0,8,7,52.0
Van,3,113538,4,Clutch Repair,Low,1,4,9,31.76
Mini Truck,2,74426,1,Electrical Repair,Medium,1,5,7,23.59
Truck,2,80487,10,Oil Change,High,1,1,3,29.08
Mini Truck,3,144866,2,Oil Change,Medium,0,1,10,43.61
Truck,9,415602,6,Transmission Repair,High,0,3,4,102.04
Truck,7,349605,0,Oil Change,Medium,0,3,5,37.09
Van,3,120914,2,Battery Replacement,Medium,0,6,3,25.31
Van,2,64433,1,Brake Repair,Medium,1,10,6,17.57
Bus,3,144354,11,Engine Repair,Low,1,8,1,45.59
Truck,12,343747,12,Battery Replacement,High,0,2,7,74.33
Mini Truck,12,371145,19,Oil Change,Low,1,2,6,35.96
Van,9,329065,8,Tyre Replacement,Medium,1,4,1,25.55
Van,3,80347,9,Transmission Repair,Low,1,11,6,61.39
Van,11,287140,9,Oil Change,Medium,0,2,10,61.6
Bus,2,53974,10,Electrical Repair,Low,1,6,6,22.07
Truck,9,293015,16,Electrical Repair,Low,1,7,8,33.62
Mini Truck,1,32624,7,Clutch Repair,Medium,1,8,10,37.32
Mini Truck,1,49046,0,Clutch Repair,High,0,1,8,71.63
Bus,11,429201,1,Electrical Repair,High,0,6,6,58.88
Truck,8,242839,14,Tyre Replacement,Medium,1,4,3,28.13
Van,10,256762,3,Clutch Repair,Low,0,1,6,50.71
Truck,3,83285,3,Transmission Repair,Low,1,15,4,53.42
Mini Truck,9,233135,2,Oil Change,Medium,0,3,5,35.56
Mini Truck,6,166833,1,Battery Replacement,High,1,14,8,32.2
Truck,12,346512,14,Oil Change,High,1,5,9,49.16
Bus,8,348567,13,Clutch Repair,High,1,4,2,52.95
Van,5,233718,0,Battery Replacement,High,0,5,5,61.37
Truck,4,171094,10,Clutch Repair,Low,0,15,2,37.43
Bus,6,256659,7,Suspension Repair,Medium,1,7,2,32.56
Bus,3,110123,9,Suspension Repair,High,0,2,8,56.96
Van,2,79481,6,Transmission Repair,Medium,0,15,8,88.6
Truck,3,94997,10,Engine Repair,High,0,5,6,87.89
Bus,8,332330,5,Battery Replacement,Medium,0,6,4,40.19
Truck,10,490492,11,Tyre Replacement,High,1,9,10,48.6
Mini Truck,4,147285,11,Clutch Repair,Medium,0,8,3,52.76
Van,11,452969,15,Oil Change,Low,1,1,10,36.25
Van,10,381866,12,Suspension Repair,Low,1,13,7,33.26
Bus,9,299972,8,Tyre Replacement,High,1,4,10,49.39
Van,6,252996,12,Electrical Repair,Low,0,10,2,50.61
Mini Truck,11,513013,12,Tyre Replacement,Low,1,4,6,30.88
Van,4,140860,0,Suspension Repair,High,0,1,2,59.88
Mini Truck,4,132223,4,Oil Change,Low,1,12,3,7.46
Truck,6,254427,11,Engine Repair,Medium,1,3,7,62.14
Van,7,219912,13,Tyre Replacement,Low,0,6,8,36.29
Bus,5,159910,5,Electrical Repair,High,0,12,5,54.52
Bus,5,247423,2,Brake Repair,Low,0,8,6,37.0
Bus,5,199400,5,Battery Replacement,High,1,3,2,31.2
Bus,3,114355,6,Engine Repair,High,0,15,6,74.2
Van,10,279161,3,Suspension Repair,Medium,1,11,10,42.33
Van,5,211589,6,Transmission Repair,Low,1,3,5,60.62
Mini Truck,12,407110,10,Engine Repair,High,1,6,10,83.71
Truck,6,212879,13,Oil Change,Low,1,6,2,17.21
Bus,6,169737,12,Clutch Repair,Low,1,8,10,39.16
Van,11,398002,1,Electrical Repair,Medium,0,5,6,52.78
Truck,1,48731,8,Brake Repair,Low,1,7,5,12.53
Van,12,550819,17,Suspension Repair,Low,1,4,1,38.21
Truck,5,207824,6,Oil Change,Medium,1,12,10,25.31
Mini Truck,2,97539,0,Suspension Repair,High,1,4,8,40.18
Bus,10,276853,4,Brake Repair,High,1,10,1,33.47
Mini Truck,6,152347,6,Brake Repair,Medium,1,2,6,29.94
Truck,2,57043,2,Electrical Repair,Low,0,12,4,24.4
Mini Truck,1,25053,4,Oil Change,Low,1,3,9,14.05
Mini Truck,9,284463,4,Brake Repair,Low,0,9,7,37.1
Bus,12,587307,9,Tyre Replacement,Medium,0,14,8,55.42
Mini Truck,10,408468,14,Clutch Repair,Medium,0,1,1,61.63
Bus,2,68236,4,Tyre Replacement,Medium,1,1,8,22.15
Van,8,244454,7,Clutch Repair,Medium,0,12,6,71.01
Bus,3,143002,11,Electrical Repair,High,1,8,6,40.35
Mini Truck,12,529017,6,Battery Replacement,High,0,10,4,49.12
Bus,6,280786,7,Battery Replacement,High,0,7,8,63.7
Truck,8,281758,3,Oil Change,Medium,0,10,5,51.79
Truck,6,151164,12,Transmission Repair,Low,0,4,6,91.14
Truck,3,144565,5,Clutch Repair,High,1,10,7,49.83
Mini Truck,12,307905,19,Suspension Repair,Low,1,5,8,44.62
Mini Truck,1,40930,5,Brake Repair,Low,0,1,2,41.75
Bus,3,126042,2,Tyre Replacement,Medium,1,14,5,13.64
Truck,9,231118,4,Transmission Repair,Medium,1,1,9,74.65
Bus,10,415990,7,Electrical Repair,Medium,1,4,6,34.63
Van,5,209005,3,Battery Replacement,Medium,1,1,8,25.98
Mini Truck,11,465065,10,Battery Replacement,Low,1,15,5,22.04
Bus,12,381112,10,Brake Repair,Low,0,6,9,50.37
Mini Truck,8,355340,1,Brake Repair,High,1,13,6,37.04
Van,3,137953,9,Tyre Replacement,High,1,10,7,34.7
Bus,3,102397,9,Suspension Repair,Medium,1,11,10,33.97
Truck,3,82893,3,Clutch Repair,Medium,1,1,8,41.31
Truck,1,43358,4,Brake Repair,Medium,0,3,5,37.38
Mini Truck,10,443933,10,Battery Replacement,Medium,0,14,9,56.16
Truck,12,405757,19,Battery Replacement,Medium,0,6,3,53.23
Mini Truck,2,70466,2,Suspension Repair,High,0,1,5,54.28
Bus,3,77938,6,Engine Repair,Low,1,15,7,48.55
Truck,2,84551,9,Battery Replacement,High,1,4,8,38.37
Van,9,272070,12,Electrical Repair,High,0,11,4,68.54
Truck,5,138423,11,Brake Repair,Medium,0,13,7,39.28
Van,4,196729,12,Engine Repair,Low,1,5,5,50.98
Truck,9,395421,9,Engine Repair,Medium,1,1,3,62.13
Truck,11,379446,2,Engine Repair,Medium,0,12,3,70.07
Truck,10,312991,13,Battery Replacement,High,1,8,8,43.15
Mini Truck,8,262958,13,Electrical Repair,Medium,1,5,6,35.47
Bus,5,168361,9,Oil Change,Low,1,15,9,13.84
Truck,10,336723,8,Engine Repair,Medium,0,2,1,76.75
Mini Truck,10,303560,18,Electrical Repair,Medium,0,4,1,61.71
Van,4,190590,3,Engine Repair,High,0,4,6,80.92
Bus,11,547641,10,Electrical Repair,High,0,8,1,58.76
Mini Truck,5,127275,6,Tyre Replacement,Medium,0,7,8,48.16
Truck,6,182321,11,Transmission Repair,Medium,1,7,3,61.55
Truck,7,249881,7,Transmission Repair,High,0,8,10,113.37
Van,1,30710,9,Transmission Repair,Low,1,10,6,57.2
Mini Truck,3,120203,2,Oil Change,Low,0,12,6,36.69
Van,8,321135,3,Tyre Replacement,Medium,0,9,5,54.46
Truck,10,425609,18,Transmission Repair,High,1,2,7,93.78
Bus,10,402666,2,Transmission Repair,Medium,1,11,5,70.67
Bus,7,240908,10,Tyre Replacement,Low,0,1,5,36.82
Bus,3,114735,2,Clutch Repair,Medium,1,9,6,35.27
Bus,5,189711,0,Brake Repair,High,1,13,8,33.76
Bus,1,29093,4,Suspension Repair,Medium,0,12,10,46.82
Mini Truck,8,237552,10,Oil Change,High,0,15,9,53.67
Truck,12,462312,2,Battery Replacement,Medium,0,14,8,47.87
Bus,12,521961,1,Engine Repair,Low,1,2,4,52.63
Bus,1,49462,7,Tyre Replacement,High,0,7,5,51.42
Mini Truck,6,196527,7,Electrical Repair,Medium,0,12,9,49.94
Van,9,422772,12,Battery Replacement,High,1,15,2,35.7
Bus,11,302383,13,Suspension Repair,High,0,6,6,78.37
Truck,12,470446,11,Suspension Repair,High,1,2,7,52.28
Mini Truck,9,377637,9,Oil Change,High,0,7,4,62.92
Bus,7,342569,0,Electrical Repair,High,1,6,2,32.79
Mini Truck,2,54702,3,Engine Repair,High,1,7,4,56.01
Van,3,109183,5,Brake Repair,High,0,6,7,55.03
Truck,10,283727,2,Tyre Replacement,High,1,15,10,41.47
Mini Truck,12,463520,17,Suspension Repair,High,1,9,5,55.89
Mini Truck,10,447568,16,Suspension Repair,High,0,2,10,87.22
Van,1,36387,2,Battery Replacement,High,0,5,4,52.14
Van,3,120553,9,Brake Repair,Medium,1,3,4,25.38
Truck,2,58791,7,Transmission Repair,Medium,0,2,8,96.52
Van,2,99358,9,Brake Repair,High,1,4,8,37.11
Truck,9,320111,11,Engine Repair,Medium,0,7,3,75.93
Van,1,38540,3,Electrical Repair,Medium,1,4,6,19.65
Mini Truck,8,297966,12,Transmission Repair,Low,1,13,2,60.32
Truck,5,240326,0,Oil Change,Low,0,8,4,21.91
Van,3,115440,8,Tyre Replacement,High,1,5,7,36.91
Van,12,470329,4,Engine Repair,Medium,1,2,2,60.19
Van,1,32957,8,Oil Change,High,1,14,10,33.78
Bus,9,399639,13,Tyre Replacement,High,0,9,6,62.3
Truck,12,353988,3,Tyre Replacement,High,0,8,8,59.15
Van,11,480157,13,Suspension Repair,Medium,0,7,10,68.67
Mini Truck,3,141469,1,Engine Repair,Low,1,14,6,40.63
Bus,6,152666,3,Engine Repair,High,1,10,1,59.62
Van,11,420793,0,Engine Repair,Medium,1,4,6,59.6
Van,11,331442,6,Tyre Replacement,High,1,12,6,42.08
Van,12,534993,10,Suspension Repair,Medium,0,10,6,54.18
Van,1,37096,6,Clutch Repair,Medium,0,8,2,42.44
Mini Truck,6,189783,4,Transmission Repair,High,0,9,6,94.96
Van,9,356802,5,Oil Change,High,0,6,2,54.9
Mini Truck,8,330194,13,Transmission Repair,High,0,4,7,103.39
Mini Truck,6,265464,6,Electrical Repair,Low,0,3,7,40.07
Bus,11,415977,18,Oil Change,Low,1,9,5,30.19
Bus,4,187936,11,Transmission Repair,High,1,8,8,82.07
Mini Truck,7,195139,7,Clutch Repair,High,1,6,6,52.52
Truck,12,317806,18,Brake Repair,High,1,10,6,50.88
Mini Truck,12,532574,16,Engine Repair,Low,0,10,6,89.46
Van,7,179001,3,Transmission Repair,Low,0,11,8,75.85
Mini Truck,7,202807,10,Engine Repair,Medium,0,12,9,86.42
Truck,8,235602,0,Tyre Replacement,Low,0,15,4,41.6
Truck,2,60350,0,Suspension Repair,Medium,1,7,4,20.68
Mini Truck,3,77287,3,Battery Replacement,Low,1,13,5,9.36
Van,7,269790,13,Battery Replacement,Low,1,11,2,17.21
Truck,6,256333,10,Electrical Repair,Medium,1,14,4,27.69
Mini Truck,8,325387,1,Electrical Repair,Medium,1,14,8,29.46
Van,10,313960,2,Suspension Repair,Medium,0,10,6,53.48
Mini Truck,9,396390,17,Battery Replacement,High,0,12,1,58.01
Mini Truck,9,257640,1,Tyre Replacement,Medium,0,2,3,55.32
Van,7,284988,4,Electrical Repair,Medium,1,13,9,29.55
Truck,11,292126,18,Electrical Repair,High,0,5,1,57.95
Bus,7,207020,10,Battery Replacement,High,0,1,1,48.9
Truck,1,39770,3,Clutch Repair,High,1,5,7,44.21
Mini Truck,12,421526,20,Transmission Repair,High,1,5,4,91.12
Mini Truck,10,310811,18,Oil Change,High,1,2,4,41.62
Truck,10,389232,10,Suspension Repair,Medium,0,9,4,51.53
Truck,4,101739,5,Transmission Repair,Low,1,11,3,54.05
Bus,11,310527,3,Brake Repair,High,0,4,6,65.09
Truck,10,327019,5,Transmission Repair,Low,0,6,10,100.27
Truck,12,419678,4,Engine Repair,High,1,11,7,75.55
Mini Truck,7,287775,1,Suspension Repair,Low,1,15,2,17.2
Van,5,127188,10,Engine Repair,High,1,9,4,65.48
Mini Truck,5,163036,10,Engine Repair,Low,0,9,4,74.25
Van,3,149511,10,Engine Repair,High,1,12,1,61.94
Van,7,275107,7,Clutch Repair,Low,0,8,2,52.5
Bus,9,245930,17,Electrical Repair,Low,0,4,2,40.22
Mini Truck,9,333779,1,Electrical Repair,Medium,1,7,8,30.65
Mini Truck,2,88857,2,Clutch Repair,High,0,13,1,51.7
Truck,3,144555,7,Electrical Repair,Medium,1,1,6,30.08
Van,4,189073,0,Engine Repair,Medium,0,7,8,82.85
Mini Truck,2,88969,10,Tyre Replacement,Medium,1,11,3,17.14
Mini Truck,6,239549,12,Battery Replacement,Low,0,15,7,39.04
Mini Truck,8,267833,11,Brake Repair,High,1,6,4,44.19
Mini Truck,6,196582,5,Battery Replacement,High,1,13,5,29.6
Van,6,186568,11,Suspension Repair,High,0,12,2,69.88
Bus,2,99931,1,Brake Repair,Medium,1,8,4,17.02
Van,9,315261,2,Electrical Repair,Medium,1,5,7,31.24
Mini Truck,1,46266,5,Oil Change,High,1,13,9,31.45
Truck,10,392762,6,Clutch Repair,High,0,2,10,82.95
Bus,7,259832,1,Tyre Replacement,Medium,1,9,7,23.91
Truck,4,181999,4,Electrical Repair,Medium,0,12,4,39.58
Van,4,139407,9,Electrical Repair,Low,1,13,6,19.62
Mini Truck,1,36108,1,Electrical Repair,Medium,1,14,9,26.54
Van,7,225430,0,Engine Repair,Low,1,11,3,45.72
Mini Truck,2,74742,1,Clutch Repair,High,1,13,3,38.99
Mini Truck,10,495242,14,Transmission Repair,Medium,1,12,3,73.28
Van,11,521097,0,Engine Repair,High,1,11,5,72.13
Mini Truck,9,423554,14,Tyre Replacement,Medium,0,10,4,44.67
Van,3,149961,4,Brake Repair,High,0,15,4,45.15
Truck,7,223609,11,Engine Repair,High,1,14,2,63.73
Bus,5,169790,5,Transmission Repair,Low,0,6,9,93.34
Van,2,67123,0,Oil Change,Low,1,7,4,1.0
Truck,4,120776,8,Tyre Replacement,Medium,1,4,6,24.03
Bus,10,252378,9,Battery Replacement,High,1,6,8,42.05
Truck,7,307053,13,Tyre Replacement,Low,0,3,6,40.96
Mini Truck,3,145765,6,Clutch Repair,Medium,1,5,4,34.1
Bus,8,301345,1,Clutch Repair,High,0,4,1,73.24
Van,6,292704,7,Tyre Replacement,High,1,7,8,39.73
Van,7,229876,2,Suspension Repair,Low,0,1,9,51.11
Mini Truck,1,28379,7,Tyre Replacement,High,1,15,3,24.43
Truck,4,127195,11,Suspension Repair,Medium,0,9,5,58.45
Bus,10,271164,2,Suspension Repair,Low,1,14,4,25.23
Truck,4,112454,0,Brake Repair,Medium,1,4,7,22.24
Mini Truck,3,93832,8,Transmission Repair,Medium,1,5,2,62.01
Bus,1,42479,5,Battery Replacement,High,1,3,3,23.69
Bus,2,56821,10,Oil Change,High,1,9,7,34.07
Truck,1,37538,6,Oil Change,High,0,3,7,45.11
Bus,7,329963,0,Brake Repair,Medium,1,10,6,25.69
Van,9,442398,3,Suspension Repair,Low,1,5,2,25.73
Truck,7,276937,15,Clutch Repair,High,1,6,8,60.7
Van,3,84981,6,Electrical Repair,Low,0,15,5,33.96
Van,9,375008,6,Electrical Repair,Medium,1,14,1,23.08
Mini Truck,2,54434,10,Oil Change,High,1,13,3,26.12
Bus,1,30535,3,Oil Change,Medium,0,14,7,36.93
Mini Truck,2,66553,8,Electrical Repair,Low,0,11,4,28.33
Mini Truck,2,66693,7,Electrical Repair,Medium,1,12,2,17.76
Van,10,490939,17,Tyre Replacement,Medium,0,3,1,49.72
Truck,6,197447,0,Clutch Repair,High,1,3,2,43.66
Mini Truck,7,318535,0,Brake Repair,Low,1,10,7,19.41
Van,6,161924,13,Electrical Repair,Low,1,12,4,20.51
Van,5,223282,9,Brake Repair,Low,1,4,1,15.36
Van,12,388481,11,Oil Change,High,0,8,5,66.87
Van,4,173551,3,Clutch Repair,Medium,1,1,4,32.24
Mini Truck,11,481037,11,Transmission Repair,Low,1,3,9,80.17
Bus,12,575012,0,Engine Repair,Low,0,9,7,75.52
Truck,5,197957,6,Engine Repair,Low,0,9,6,62.62
Bus,1,49705,4,Clutch Repair,Medium,0,6,10,47.36
Bus,2,86509,2,Engine Repair,Medium,1,3,2,48.2
Truck,10,263627,15,Transmission Repair,Medium,1,8,10,83.28
Van,10,278107,2,Battery Replacement,Low,1,5,1,13.85
Truck,4,193064,4,Electrical Repair,Medium,1,15,9,24.84
Mini Truck,6,277602,12,Engine Repair,Medium,1,13,5,57.38
Mini Truck,7,273838,0,Battery Replacement,Low,0,7,7,27.27
Bus,8,269026,3,Tyre Replacement,Low,0,9,1,28.78
Mini Truck,9,380769,6,Clutch Repair,High,0,6,3,82.57
Bus,1,35031,3,Engine Repair,Medium,0,7,1,60.74
Mini Truck,10,452940,10,Battery Replacement,Medium,1,3,7,33.46
Mini Truck,9,300935,17,Oil Change,Low,0,7,4,45.16
Mini Truck,9,243218,14,Electrical Repair,Low,1,14,9,32.02
Truck,4,144342,3,Battery Replacement,Medium,1,3,10,25.98
Van,10,307727,0,Engine Repair,High,1,4,10,71.84
Bus,3,127052,0,Clutch Repair,High,1,4,3,43.54
Mini Truck,4,138047,11,Oil Change,Low,0,5,10,50.03
Bus,8,286256,8,Battery Replacement,Low,1,14,8,22.47
Truck,5,224726,9,Oil Change,High,1,8,9,37.06
Truck,10,331272,11,Suspension Repair,Medium,1,8,4,30.46
Mini Truck,2,52052,10,Engine Repair,High,1,1,6,69.08
Mini Truck,4,152620,8,Brake Repair,Low,0,5,2,42.91
Bus,7,338813,8,Engine Repair,Low,1,14,3,43.91
Truck,11,538643,16,Battery Replacement,High,1,13,2,37.63
Mini Truck,10,404191,3,Suspension Repair,Medium,1,3,4,41.05
Mini Truck,4,140396,12,Brake Repair,Low,0,5,9,47.69
Mini Truck,9,412138,13,Battery Replacement,Low,0,7,6,53.28
Van,9,443081,2,Clutch Repair,Low,0,3,8,67.53
Bus,11,361300,8,Brake Repair,High,1,1,9,47.53
Bus,2,97123,5,Clutch Repair,Medium,1,4,8,37.53
Van,1,48139,4,Engine Repair,Medium,1,4,2,45.75
Bus,6,298238,6,Battery Replacement,Low,1,14,2,8.98
Mini Truck,10,468787,8,Transmission Repair,High,0,5,5,98.96
Truck,1,49456,4,Oil Change,Medium,1,7,1,10.32
Van,4,116126,0,Suspension Repair,Medium,0,8,10,58.86
Van,10,357773,16,Tyre Replacement,Low,1,12,5,21.75
Van,8,254036,8,Transmission Repair,High,1,10,10,88.91
Van,6,180122,12,Battery Replacement,High,0,13,7,57.6
Bus,5,183373,11,Electrical Repair,High,1,14,9,39.33
Van,11,528920,2,Oil Change,High,1,4,10,47.97
Van,6,164455,12,Suspension Repair,High,1,8,2,42.86
Bus,4,193679,6,Oil Change,High,0,8,5,50.32
Truck,5,133030,2,Electrical Repair,Medium,0,1,5,38.64
Van,2,76804,10,Suspension Repair,Medium,1,6,3,25.45
Mini Truck,1,39346,1,Tyre Replacement,Medium,1,2,8,19.77
Mini Truck,4,197162,5,Oil Change,Medium,1,3,8,21.68
Van,10,438927,0,Transmission Repair,Low,0,8,7,90.81
Mini Truck,3,97013,7,Oil Change,Low,1,5,4,13.37
Truck,7,342863,7,Brake Repair,Medium,1,7,5,31.08
Mini Truck,3,118969,6,Oil Change,Medium,1,13,8,18.95
Van,11,298489,6,Suspension Repair,High,0,7,2,68.1
Bus,1,46729,2,Suspension Repair,Low,0,5,1,36.74
Van,2,58851,2,Oil Change,High,1,7,8,32.11
Mini Truck,7,259665,9,Oil Change,Medium,0,12,3,38.19
Van,11,334726,13,Transmission Repair,Low,1,4,3,69.56
Mini Truck,2,80563,8,Oil Change,Medium,0,4,9,37.01
Bus,8,258812,5,Brake Repair,Low,1,13,8,25.33
Mini Truck,5,171779,5,Electrical Repair,Low,1,2,6,21.47
Truck,1,39433,0,Electrical Repair,High,1,8,1,26.55
Bus,3,123952,0,Clutch Repair,Medium,1,15,5,27.58
Bus,2,58303,3,Electrical Repair,High,1,11,3,28.87
Bus,9,329109,4,Suspension Repair,Low,1,7,1,22.62
Truck,7,344910,5,Electrical Repair,High,1,2,6,42.86
Truck,8,399587,14,Electrical Repair,Low,0,8,9,53.87
Bus,4,108770,2,Battery Replacement,Low,1,13,5,8.46
Bus,9,394440,0,Brake Repair,High,1,7,3,36.73
Truck,4,135237,6,Brake Repair,Medium,1,11,7,24.42
Truck,6,188980,11,Suspension Repair,Medium,0,3,3,50.49
Bus,8,210256,16,Brake Repair,Low,0,5,9,49.05
Van,10,438885,14,Brake Repair,High,1,1,9,52.59
Bus,4,158646,12,Transmission Repair,High,0,13,3,101.22
Truck,8,397676,7,Oil Change,High,0,9,1,51.2
Truck,6,283134,0,Clutch Repair,Low,1,1,4,31.61
Van,5,218375,13,Oil Change,Medium,0,9,2,33.92
Bus,7,233027,10,Clutch Repair,High,1,13,10,52.91
Truck,11,371667,3,Engine Repair,Low,0,7,7,86.5
Bus,7,180777,4,Brake Repair,Low,1,15,7,17.57
Mini Truck,7,242706,4,Clutch Repair,Low,0,12,6,59.51
Van,7,216600,1,Battery Replacement,Medium,1,10,6,22.77
Truck,3,125959,0,Tyre Replacement,Low,0,4,2,26.35
Mini Truck,6,259380,10,Electrical Repair,Medium,0,13,7,52.68
Bus,8,334293,3,Engine Repair,Low,1,10,10,56.39
Bus,1,34935,3,Clutch Repair,High,1,5,2,40.62
Mini Truck,5,171099,0,Clutch Repair,Medium,0,15,10,58.43
Van,3,91656,3,Oil Change,Medium,0,5,9,51.85
Mini Truck,5,137324,2,Suspension Repair,Low,0,11,10,51.04
Bus,8,265875,10,Clutch Repair,Medium,0,9,1,53.4
Van,10,314330,9,Oil Change,High,0,6,5,58.68
Van,11,523421,16,Clutch Repair,Medium,0,10,3,56.81
Mini Truck,10,350420,11,Suspension Repair,High,0,3,6,79.56
Van,8,314187,5,Tyre Replacement,Low,1,9,4,11.39
Truck,3,136605,5,Engine Repair,Medium,0,9,4,77.96
Bus,11,521572,17,Oil Change,Low,0,15,9,43.28
Truck,8,330320,2,Oil Change,Medium,0,10,5,44.5
Truck,3,125669,10,Transmission Repair,Medium,1,4,6,71.22
Van,5,137515,13,Transmission Repair,High,0,10,2,93.16
Van,3,106238,11,Brake Repair,High,1,14,7,38.2
Mini Truck,10,417024,1,Suspension Repair,Medium,1,12,5,34.27
Mini Truck,8,369318,4,Oil Change,High,0,2,1,53.85
Truck,9,285414,16,Transmission Repair,Low,1,14,9,71.87
Van,7,179677,2,Clutch Repair,Medium,1,12,8,37.05
Bus,11,391228,6,Transmission Repair,Low,0,6,4,94.86
Van,10,283992,4,Transmission Repair,Low,1,15,8,63.87
Mini Truck,8,247568,14,Battery Replacement,Medium,1,8,6,25.77
Truck,3,88978,10,Clutch Repair,High,1,3,2,45.54
Truck,5,193987,4,Suspension Repair,Low,0,12,7,38.87
Van,10,466820,12,Clutch Repair,Medium,1,3,1,43.15
Bus,8,286828,7,Electrical Repair,High,1,8,8,45.9
Truck,7,326054,7,Tyre Replacement,High,1,4,3,35.95
Truck,3,116580,4,Suspension Repair,Low,1,12,8,22.12
Bus,7,291681,14,Clutch Repair,High,0,9,10,95.07
Mini Truck,4,194054,6,Brake Repair,Low,1,10,5,19.36
Bus,10,285407,2,Brake Repair,High,1,12,8,38.96
Van,4,182910,5,Oil Change,Low,1,8,4,11.99
Mini Truck,8,349670,13,Tyre Replacement,Medium,0,9,10,57.58
Bus,5,225373,9,Battery Replacement,High,1,10,2,27.32
Mini Truck,9,389375,4,Tyre Replacement,Low,0,9,2,24.41
Truck,2,98650,4,Tyre Replacement,High,1,11,7,31.15
Truck,7,222763,10,Brake Repair,Medium,1,6,10,34.06
Bus,2,66604,9,Oil Change,High,1,8,2,28.1
Truck,11,543043,0,Oil Change,High,1,11,6,39.62
Mini Truck,3,110769,2,Tyre Replacement,Medium,1,15,10,23.26
Mini Truck,7,266637,4,Transmission Repair,High,0,14,1,93.26
Truck,8,232583,14,Tyre Replacement,High,1,2,3,40.78
Van,5,151957,12,Engine Repair,Medium,0,7,8,85.38
Mini Truck,11,528787,15,Battery Replacement,Low,1,15,3,20.54
Mini Truck,6,289469,13,Battery Replacement,Medium,0,4,2,33.65
Bus,12,529430,19,Brake Repair,Medium,0,8,8,60.81
Van,9,232823,13,Brake Repair,High,0,8,5,67.78
Mini Truck,12,516165,19,Battery Replacement,High,1,8,3,46.23
Truck,8,231380,5,Transmission Repair,Low,1,7,7,63.87
Van,12,326433,6,Tyre Replacement,Medium,0,7,10,55.63
Van,6,235439,8,Battery Replacement,High,1,8,4,32.02
Bus,12,305515,15,Clutch Repair,Low,0,11,8,60.91
Van,11,430993,14,Suspension Repair,Medium,1,12,2,33.78
Van,11,473640,2,Transmission Repair,High,0,11,7,104.22
Truck,10,353510,5,Battery Replacement,Medium,1,12,5,20.36
Bus,4,176034,12,Oil Change,High,1,2,10,40.92
Bus,7,280093,6,Oil Change,Low,1,4,7,22.24
Van,12,361929,1,Electrical Repair,High,0,7,5,57.63
Mini Truck,9,346194,1,Transmission Repair,High,0,2,4,103.78
Van,12,549780,20,Engine Repair,High,1,6,3,78.56
Mini Truck,11,360557,19,Electrical Repair,High,1,8,8,53.05
Mini Truck,12,332080,10,Electrical Repair,Medium,0,8,2,47.57
Mini Truck,10,450691,3,Electrical Repair,Medium,0,14,8,46.1
Truck,11,341737,18,Engine Repair,Low,0,4,3,85.37
Van,8,268634,13,Oil Change,Low,0,4,7,53.09
Bus,2,73573,7,Battery Replacement,Low,0,12,10,27.73
Bus,3,124074,1,Electrical Repair,Medium,0,8,7,47.58
Bus,9,382295,5,Tyre Replacement,Low,1,6,3,16.38
Bus,9,353515,0,Suspension Repair,Low,0,13,3,36.4
Van,10,493370,7,Engine Repair,Medium,0,9,8,95.88
Mini Truck,2,74547,3,Electrical Repair,High,1,5,8,39.9
Van,7,312952,9,Battery Replacement,Medium,1,5,6,27.35
Bus,1,39904,2,Clutch Repair,Low,0,13,1,28.76
Bus,12,325837,16,Clutch Repair,Low,1,6,7,45.98
Bus,6,156700,11,Electrical Repair,High,0,11,1,58.89
Truck,2,50098,8,Clutch Repair,High,1,8,10,51.15
Mini Truck,5,158244,7,Suspension Repair,Low,0,8,9,61.28
Mini Truck,7,225819,12,Transmission Repair,Medium,1,4,4,74.04
Van,5,232117,7,Battery Replacement,Medium,1,4,4,24.75
Mini Truck,10,484399,4,Tyre Replacement,High,1,15,3,34.35
Truck,10,492449,2,Electrical Repair,Low,0,4,8,52.9
Van,9,392462,15,Engine Repair,Medium,1,1,6,70.85
Van,2,89340,4,Oil Change,Medium,0,5,8,37.79
Mini Truck,1,45457,7,Suspension Repair,Low,0,5,6,51.55
Mini Truck,8,261929,13,Suspension Repair,Low,1,10,2,25.22
Truck,8,396968,9,Battery Replacement,High,0,7,7,64.65
Van,10,365663,16,Clutch Repair,Medium,1,13,5,42.38
Bus,11,464900,14,Brake Repair,Low,0,13,10,62.96
Bus,5,159595,12,Suspension Repair,Low,1,4,10,37.19
Bus,3,119426,7,Transmission Repair,Medium,1,8,5,60.01
Van,8,367827,5,Brake Repair,Low,0,9,5,52.55
Mini Truck,8,296781,12,Brake Repair,High,0,15,9,77.31
Mini Truck,6,247861,7,Clutch Repair,Low,0,12,3,39.96
Truck,1,35606,9,Oil Change,Medium,1,6,2,14.94
Mini Truck,4,149779,5,Clutch Repair,Medium,1,1,6,38.6
Truck,10,308750,8,Transmission Repair,Low,1,7,3,66.65
Mini Truck,2,58829,3,Engine Repair,Low,0,13,7,67.55
Van,4,148740,12,Engine Repair,High,1,10,8,68.29
Bus,10,425779,17,Oil Change,High,1,13,3,40.63
Van,12,362934,19,Suspension Repair,Low,1,9,8,41.12
Bus,11,521776,16,Clutch Repair,Low,1,4,8,48.98
Mini Truck,4,106213,9,Battery Replacement,Medium,0,10,9,42.01
Mini Truck,7,282981,0,Battery Replacement,High,1,9,6,36.13
Bus,1,49709,0,Transmission Repair,Medium,1,11,1,54.28
Mini Truck,12,373660,19,Suspension Repair,Low,0,11,2,43.56
Mini Truck,10,310639,5,Tyre Replacement,Medium,1,3,8,29.14
Van,6,225929,6,Engine Repair,Low,1,10,5,47.79
Truck,12,484145,13,Battery Replacement,Low,0,8,8,53.01
Van,10,394479,14,Tyre Replacement,Medium,1,9,2,27.43
Mini Truck,11,292982,16,Clutch Repair,Medium,0,8,6,72.84
Van,12,588683,0,Electrical Repair,Low,1,6,10,35.67
Mini Truck,3,132328,8,Engine Repair,High,1,1,8,73.66
Truck,6,171514,12,Engine Repair,Low,1,10,7,54.27
Mini Truck,3,83496,2,Clutch Repair,Low,1,7,9,28.36
Van,9,342939,0,Tyre Replacement,Medium,1,4,8,28.04
Van,2,68925,9,Tyre Replacement,Medium,0,4,8,41.71
Mini Truck,4,100330,6,Engine Repair,High,0,14,9,90.2
Van,1,38369,8,Transmission Repair,High,0,14,7,103.69
Truck,7,291141,5,Engine Repair,High,1,7,6,69.37
Mini Truck,1,38077,7,Battery Replacement,Medium,1,10,6,14.42
Mini Truck,4,196339,12,Electrical Repair,Medium,0,13,1,43.02
Mini Truck,8,372737,4,Electrical Repair,Low,1,1,3,24.25
Bus,12,579546,20,Clutch Repair,High,0,1,9,93.38
Bus,9,342323,4,Engine Repair,Medium,1,9,5,57.05
Bus,8,364962,4,Oil Change,High,0,3,5,50.47
Truck,5,136225,5,Oil Change,Medium,1,10,4,19.3
Truck,7,274346,0,Clutch Repair,High,0,7,2,57.55
Bus,11,467269,12,Suspension Repair,Low,0,11,5,48.48
Bus,8,373949,11,Oil Change,Low,0,14,5,43.6
Bus,1,45995,8,Tyre Replacement,Low,1,1,7,16.8
Truck,11,476550,9,Transmission Repair,High,0,6,7,111.75
Truck,11,393103,12,Engine Repair,High,0,7,5,99.26
Van,3,114898,5,Electrical Repair,High,0,8,1,55.2
Van,4,145806,1,Transmission Repair,High,0,5,5,97.91
Mini Truck,12,429910,19,Oil Change,Low,0,5,6,51.96
Truck,5,216943,13,Clutch Repair,High,1,8,3,49.6
Bus,2,69765,0,Suspension Repair,Low,1,1,10,27.68
Mini Truck,4,109635,7,Oil Change,High,0,15,7,51.46
Truck,4,102335,3,Clutch Repair,Medium,1,10,2,25.93
Van,9,250147,11,Oil Change,Low,1,5,6,24.78
Bus,7,275939,4,Electrical Repair,Medium,0,2,3,51.03
Van,7,203312,4,Battery Replacement,Medium,1,7,3,18.44
Van,10,342970,15,Transmission Repair,Medium,1,6,1,72.96
Truck,11,540086,19,Battery Replacement,Low,1,15,4,28.17
Van,2,99705,5,Battery Replacement,Low,1,1,5,12.75
Van,7,196623,8,Transmission Repair,Medium,0,15,7,90.8
Truck,5,159405,12,Brake Repair,Medium,0,7,5,48.68
Bus,11,537262,4,Suspension Repair,High,1,12,6,53.96
Bus,2,93244,10,Brake Repair,Low,1,9,1,7.03
Bus,10,382640,15,Suspension Repair,Low,0,10,4,62.89
Van,8,264626,12,Electrical Repair,High,0,5,3,69.72
Mini Truck,1,48102,7,Transmission Repair,High,0,5,7,99.01
Bus,1,30582,6,Brake Repair,Low,1,4,5,13.69
Van,6,242594,5,Suspension Repair,Low,0,3,7,45.53
Truck,4,169908,4,Brake Repair,High,1,6,2,32.52
Truck,10,424853,11,Transmission Repair,Low,1,13,3,70.67
Mini Truck,6,151737,5,Suspension Repair,High,0,9,5,71.33
Van,12,306943,14,Tyre Replacement,Medium,0,3,7,52.87
